product_name,id,tag,tag 2,tag 3,tag 4,point_flag,more_msg,point,date,txt,txt 2,txt 3,txt_inner,txt_beauty,num,ico_offlineStore
바이오더마 하이드라비오 세럼,사각이,건성,쿨톤,주름,홍조,한달이상사용,첫 리뷰 작성 후 30일 동안 사용 후 작성하신 리뷰입니다.,5점만점에 5점,2025.06.24,건성에 좋아요,보습에 좋아요,자극없이 순해요,"바이오더마 하이드라비오 수분라인 같이 썼는데, 속건조 잘 잡아주고 댕기는게 덜했어요.트러블도 안나도 무난하게 쓸 수 있는 수분라인 같아요~","※ 해당 리뷰는 원칙적으로 기본 상품이 동일한 단품 사용 후 작성된 것이며,개별 상품에 따라 용량 내지 일부 구성(1+1, 기획상품 등)이 상이할 수 있음을 안내드립니다.",3,
바이오더마 하이드라비오 세럼,초코랑양,건성,웜톤,모공,미백,한달이상사용,첫 리뷰 작성 후 30일 동안 사용 후 작성하신 리뷰입니다.,5점만점에 4점,2025.07.05,건성에 좋아요,보습에 좋아요,자극없이 순해요,자극없이 너무 순하구요. 에센스 로션과 같이 사용중인데 촉촉함이 오래가면서 끈적임이 없어서 좋아요. 피부가 부드러워지면서 속건조도 잘 잡아줘요,,0,
바이오더마 하이드라비오 세럼,서여미9,복합성,,,,,,5점만점에 5점,2025.06.17,복합성에 좋아요,진정에 좋아요,자극없이 순해요,"1. 구매경로다른 제품 사면서 받은 샘플로 처음 써봄. 너무 좋아서 망설임 없이 본품 구매함.2. 피부타입홍조가 잘 생기고 얼굴에 열감이 자주 오르는 편.3. 첫인상바르자마자 느껴지는 즉각적인 쿨링감이 인상적이었음. 인위적으로 화한 느낌이 아니라, 수분감으로 피부 온도를 자연스럽게 내려주는 기분임.4. 제형묽은 젤 타입. 끈적임 없이 산뜻하게 흡수됨. 속은 촉촉한데 겉은 보송하게 마무리되는 느낌.5. 사용법저녁 스킨케어 때 토너 다음 단계에서 사용함. 원래 쓰던 크림(센시비오 디펜시브)을 덧발라 마무리해 줌.6. 효과다음 날 피부가 진정된 게 느껴짐. 울긋불긋했던 피부 톤도 많이 가라앉아 있었음.7. 재구매의사홍조나 열감으로 고민인 사람에게 추천. 샘플 써보고 본품까지 산 건데 아주 만족스러움. 재구매 의사 있음.","※ 해당 리뷰는 원칙적으로 기본 상품이 동일한 단품 사용 후 작성된 것이며,개별 상품에 따라 용량 내지 일부 구성(1+1, 기획상품 등)이 상이할 수 있음을 안내드립니다.",1,
바이오더마 하이드라비오 세럼,df****,건성,쿨톤,민감성,잡티,한달이상사용,첫 리뷰 작성 후 30일 동안 사용 후 작성하신 리뷰입니다.,5점만점에 5점,2025.07.02,건성에 좋아요,보습에 좋아요,보통이에요,얘도 한 10통은 쓴 듯건성인데 여름에 쓸 때 가장 효과 좋아요 피부 속까지 쫀쫀하게 채워주는데 두껍거나 끈적이지는 않음!!,"※ 해당 리뷰는 원칙적으로 기본 상품이 동일한 단품 사용 후 작성된 것이며,개별 상품에 따라 용량 내지 일부 구성(1+1, 기획상품 등)이 상이할 수 있음을 안내드립니다.",0,
바이오더마 하이드라비오 세럼,ko나연,복합성,쿨톤,각질,다크서클,,,5점만점에 5점,2025.06.21,복합성에 좋아요,보습에 좋아요,자극없이 순해요,속건조 진짜 심한데 바이오더마 제품이 속보습에효과 좋은 것 같아요!!! n통째 잘 쓰고있어용,"※ 해당 리뷰는 원칙적으로 기본 상품이 동일한 단품 사용 후 작성된 것이며,개별 상품에 따라 용량 내지 일부 구성(1+1, 기획상품 등)이 상이할 수 있음을 안내드립니다.",0,매장
바이오더마 하이드라비오 세럼,eunaagg,,,,,,,5점만점에 5점,2025.07.03,건성에 좋아요,보습에 좋아요,자극없이 순해요,테스트 후 좋은 제품인건 알고 있었지만 가격이 비싸서 고민중이었다가 세일 하길래 바로 구매했어요 사용후 느낀점-진짜 정말 보습 잘 채워줍니다. -끈적이거나 유분광이 없어요 수분제품 중 가장 보송하게 마무리됨-화잘먹템으로 추천 !!***용량만 제발 크게.....크게...가격 조금만 싸게.....해주세요...,"※ 해당 리뷰는 원칙적으로 기본 상품이 동일한 단품 사용 후 작성된 것이며,개별 상품에 따라 용량 내지 일부 구성(1+1, 기획상품 등)이 상이할 수 있음을 안내드립니다.",0,매장
바이오더마 하이드라비오 세럼,알랑구,,,,,한달이상사용,첫 리뷰 작성 후 30일 동안 사용 후 작성하신 리뷰입니다.,5점만점에 5점,2025.07.01,복합성에 좋아요,진정에 좋아요,보통이에요,촉촉해요 메이크업 하기 전에 바르면 피부에 수분 충전 완료임,,0,
바이오더마 하이드라비오 세럼,알랑구,,,,,한달이상사용,첫 리뷰 작성 후 30일 동안 사용 후 작성하신 리뷰입니다.,5점만점에 5점,2025.07.01,복합성에 좋아요,진정에 좋아요,보통이에요,촉촉해요 메이크업 하기 전에 바르면 피부에 수분 충전 완료임,"※ 해당 리뷰는 원칙적으로 기본 상품이 동일한 단품 사용 후 작성된 것이며,개별 상품에 따라 용량 내지 일부 구성(1+1, 기획상품 등)이 상이할 수 있음을 안내드립니다.",0,매장
바이오더마 하이드라비오 세럼,초코랑양,건성,웜톤,모공,미백,,,5점만점에 4점,2025.06.04,건성에 좋아요,보습에 좋아요,자극없이 순해요,바이오덤마 에센스로션 지인추천받아 사용하니 좋아서 세럼도 구매해봤어요. 피부에 자극도 없고 끈적임없이 촉촉하고 너무 맘에드네요,,0,
바이오더마 하이드라비오 세럼,고양이마녀,,,,,,,5점만점에 5점,2025.06.21,지성에 좋아요,진정에 좋아요,보통이에요,사려던 제품없어서 여름용 세럼으로 구매 가벼운 제형이라 딱 생각했던대로에여 건성피부인 분들은 비추,"※ 해당 리뷰는 원칙적으로 기본 상품이 동일한 단품 사용 후 작성된 것이며,개별 상품에 따라 용량 내지 일부 구성(1+1, 기획상품 등)이 상이할 수 있음을 안내드립니다.",0,매장
바이오더마 하이드라비오 세럼,파슬리820,,,,,,,5점만점에 5점,2025.06.19,건성에 좋아요,보습에 좋아요,자극없이 순해요,아침에 세수하고 조금 물은 세럼 이후에 발라주면 프라이머 역할처럼 피부를 잘 세팅 해줘서 몇 년 전부터 꾸준히 사용 중인 제품이에요! 제형이 진짜 신기 한데 전 너무 마음에 들어요ㅎㅎ,"※ 해당 리뷰는 원칙적으로 기본 상품이 동일한 단품 사용 후 작성된 것이며,개별 상품에 따라 용량 내지 일부 구성(1+1, 기획상품 등)이 상이할 수 있음을 안내드립니다.",0,매장
바이오더마 하이드라비오 세럼,ko****,건성,봄웜톤,,,,,5점만점에 5점,2025.06.22,건성에 좋아요,보습에 좋아요,자극없이 순해요,순하고 보습도 잘되고 발림성 흡수력 모두좋아요완전히 무향인 제품은 아니고 제가 느끼기엔 뭔가 약하게 좋은 향이 나는데 결코 인위적인 냄새는 아니라서 괜찮았습니다. 아쉬운 점은 얼마나 남았는지 가늠이 안되는 불투명한 용기.. 그래도 거의 끝까지 잘 나오는 펌프식이라 편안하게 사용하고 있어요. 두 개 세트로 구입해서 다 쓰려면 한참 걸리겠지만 재구매의사 있어요!,,0,
바이오더마 하이드라비오 세럼,heran****,,,,,,,5점만점에 3점,2025.06.12,복합성에 좋아요,진정에 좋아요,자극없이 순해요,유명해서 한번 써보고싶엇어요 수부지피부이고 속당김을 많이 느낍니다 일단 제형이 물같진 않고 되직하네요 물같은 세럼만 사용하다가 좀 되직한건 처음 써봅니다 바르고나면 촉촉하긴해요 근데 제형이 좀 익숙치않아서 어색합니다 ㅋ근ㄷㅔ 막상 바르면 또 좋아요 유분도 잘 잡아주고 마무리가 보송한 편입니다  일단 나쁘진 않은ㄷㅔ 더 써볼께요,"※ 해당 리뷰는 원칙적으로 기본 상품이 동일한 단품 사용 후 작성된 것이며,개별 상품에 따라 용량 내지 일부 구성(1+1, 기획상품 등)이 상이할 수 있음을 안내드립니다.",0,
바이오더마 하이드라비오 세럼,su****,지성,여름쿨톤,각질,미백,,,5점만점에 5점,2025.06.10,지성에 좋아요,보습에 좋아요,자극없이 순해요,N번째 구매입니다 말해 뭐해요 너무 좋아요.. 주변에 많이 추천해줬고 주변에서도 만족했어요 ㅎㅎ 가격이 좀 있는 편이긴 하지만 그래도 넘 만족해요 세럼 유목민인 저를 정착시켰어요 수부지 민감성인 분들께 정말 강추입니다! 촉촉해요 정말!!! 사계절 다 쓰기 좋아요!!! 해당 라인 에센스 로션도 강추입니더🫶,,0,
바이오더마 하이드라비오 세럼,니타냥,복합성,겨울쿨톤,다크서클,미백,,,5점만점에 5점,2025.06.02,건성에 좋아요,보습에 좋아요,자극없이 순해요,"여러분, 저 진짜 요즘 인생 세럼을 찾았잖아요! 🤩 건성 피부에 속 건조 심한 분들은 제발 주목해주세요.제가 평소에 뭘 발라도 피부 속이 당기는 느낌이 들고, 메이크업도 잘 안 먹어서 스트레스가 이만저만이 아니었거든요. 근데 이거 쓰고 나서 피부가 완전 달라졌어요! 😲이 세럼 바르고 나면 피부 속까지 수분이 꽉 채워지는 느낌이 들어요. 겉만 번지르르한 게 아니라, 피부 속부터 촉촉함이 차오르니까 하루 종일 건조함 없이 편안하더라고요. 끈적임도 전혀 없고, 싹 스며들어서 답답한 거 싫어하시는 분들도 편하게 쓰실 수 있을 거예요","※ 해당 리뷰는 원칙적으로 기본 상품이 동일한 단품 사용 후 작성된 것이며,개별 상품에 따라 용량 내지 일부 구성(1+1, 기획상품 등)이 상이할 수 있음을 안내드립니다.",0,
바이오더마 하이드라비오 세럼,yhlee****,,,,,,,5점만점에 5점,2025.07.09,복합성에 좋아요,진정에 좋아요,보통이에요,너무 만족하며 사용중입니다. 항상 이 제품만 사용중이에요,,0,
바이오더마 하이드라비오 세럼,yhlee****,,,,,,,5점만점에 5점,2025.07.09,복합성에 좋아요,진정에 좋아요,보통이에요,항사우만족하며 사용하는 제품입니다. 항상 이제품만 사용합니다,"※ 해당 리뷰는 원칙적으로 기본 상품이 동일한 단품 사용 후 작성된 것이며,개별 상품에 따라 용량 내지 일부 구성(1+1, 기획상품 등)이 상이할 수 있음을 안내드립니다.",0,
바이오더마 하이드라비오 세럼,kyy****,,,,,,,5점만점에 5점,2025.07.08,복합성에 좋아요,진정에 좋아요,자극없이 순해요,신랑이랑 하나씩 나눠 바르고 있는데 끈적이는거 싫다고 잘 안바르는 사람이 이건 꼬박꼬박 챙겨바르네요 촉촉하고 번들거리지 않아요,,0,
바이오더마 하이드라비오 세럼,kyy****,,,,,재구매,2회 이상 구매한 상품에 대한 리뷰입니다.,5점만점에 5점,2025.07.08,지성에 좋아요,진정에 좋아요,자극없이 순해요,바이오더마 세럼 너무 좋아서 재구매했어요건조함도 잡아주고 번들거림도 없네요,,0,
바이오더마 하이드라비오 세럼,올리브영원히히,트러블성,쿨톤,모공,민감성,,,5점만점에 5점,2025.06.24,복합성에 좋아요,보습에 좋아요,자극없이 순해요,몇통째 사용중..속보습 중요한 피부인지라 바이오더마 좋아하고애정합니다.특히 요 세럼은 보습은있는데 마무리가 깔끔해서 겹발라도 미끄럼없고 유분돌지않아요.가격이 살짝부담스러워 듀오기획 세일할때 큰맘 먹고 사두고 쟁여쟁여합니다,,0,
바이오더마 하이드라비오 세럼,숑이요,,,,,,,5점만점에 5점,2025.06.05,건성에 좋아요,보습에 좋아요,자극없이 순해요,화장품도 내성이 있다는 말에 바이오더마 세럼 2통 다쓰면 다른 세럼 사용했다가 돌아오는 편인데 바이오더마세럼같은 효과를 주는 것은 아직 없네요 ㅠㅠ 속건조에는 무조건 바이오더마 세럼입니다 !!,,0,
바이오더마 하이드라비오 세럼,꺄하하하,민감성,여름쿨톤,각질,다크서클,한달이상사용,첫 리뷰 작성 후 30일 동안 사용 후 작성하신 리뷰입니다.,5점만점에 5점,2025.07.03,복합성에 좋아요,진정에 좋아요,보통이에요,세일할 때 쟁이면 너무 조흠자주자주 애용할 수 이써효-!헤헤,"※ 해당 리뷰는 원칙적으로 기본 상품이 동일한 단품 사용 후 작성된 것이며,개별 상품에 따라 용량 내지 일부 구성(1+1, 기획상품 등)이 상이할 수 있음을 안내드립니다.",0,매장
바이오더마 하이드라비오 세럼,누리의뷰티일기,복합성,여름쿨톤,다크서클,블랙헤드,한달이상사용,첫 리뷰 작성 후 30일 동안 사용 후 작성하신 리뷰입니다.,5점만점에 5점,2025.07.01,건성에 좋아요,보습에 좋아요,보통이에요,무향이 아니라서 호불호 갈릴 것 같기는 한데 이거 바르고 크림 발라주면 건성 여름나기 좋아요,"※ 해당 리뷰는 원칙적으로 기본 상품이 동일한 단품 사용 후 작성된 것이며,개별 상품에 따라 용량 내지 일부 구성(1+1, 기획상품 등)이 상이할 수 있음을 안내드립니다.",0,
바이오더마 하이드라비오 세럼,뀽융,복합성,봄웜톤,주름,,한달이상사용,첫 리뷰 작성 후 30일 동안 사용 후 작성하신 리뷰입니다.,5점만점에 5점,2025.07.01,건성에 좋아요,보습에 좋아요,자극없이 순해요,항상 사는 제품인데 재고가 많이 없어서 너무 아쉬워요 ㅠㅠㅠ,"※ 해당 리뷰는 원칙적으로 기본 상품이 동일한 단품 사용 후 작성된 것이며,개별 상품에 따라 용량 내지 일부 구성(1+1, 기획상품 등)이 상이할 수 있음을 안내드립니다.",0,매장
바이오더마 하이드라비오 세럼,TAN,,,,,,,5점만점에 5점,2025.06.26,건성에 좋아요,보습에 좋아요,자극없이 순해요,늘 사용중입니다 할인할때 사면 그래도 많이  비싼건 아닌거같아요 8ㅁ8 단독도 나쁘진않은데 크림에 섞어서 바르면 수분감 채워주면서 훨씬 좋아서 그렇게 계속 사용하고 있어요,,0,
바이오더마 하이드라비오 세럼,낍잉,,,,,,,5점만점에 5점,2025.06.27,복합성에 좋아요,보습에 좋아요,자극없이 순해요,바이오더마 믿고 사용해요. 세럼이라 그런지 조금만 발라도 확실히 수분감이 있다고 느껴지네요. 여름이라 무거워서 스킨케어 단계 줄였는데 가끔 속건조 느껴지면 이 세럼 발라요. 그럼 유분감 없이 속건조만 잡혀서 좋아요. 무겁지도 않고 소량으로도 넓은 부위에 발려서 좋네요.,"※ 해당 리뷰는 원칙적으로 기본 상품이 동일한 단품 사용 후 작성된 것이며,개별 상품에 따라 용량 내지 일부 구성(1+1, 기획상품 등)이 상이할 수 있음을 안내드립니다.",0,매장
바이오더마 하이드라비오 세럼,좋으니까좋아,,,,,,,5점만점에 5점,2025.06.02,복합성에 좋아요,보습에 좋아요,자극없이 순해요,몇년째 계속 쓰고 있는 제품인데 순하고 트러블도 잘 없어서 또 샀습니다. 찐덕임이 없고 바로 스며들어 저는 여름에 주로 쓰는 편이에요,,0,
바이오더마 하이드라비오 세럼,리아짱짱,,,,,한달이상사용,첫 리뷰 작성 후 30일 동안 사용 후 작성하신 리뷰입니다.,5점만점에 5점,2025.07.08,복합성에 좋아요,진정에 좋아요,보통이에요,두개 기획일때 사야해요  매장에는 하나 짜리 밖에 없어서 슬퍼요 두개 내놔ㅓ,,0,
바이오더마 하이드라비오 세럼,dall****,,,,,한달이상사용,첫 리뷰 작성 후 30일 동안 사용 후 작성하신 리뷰입니다.,5점만점에 5점,2025.06.28,복합성에 좋아요,보습에 좋아요,자극없이 순해요,이 제품 쓰기 전에 여름에도 얼굴이 찢어질 듯이 건조하고 토*든 제품을 썼었는데 아예 속건조가 안잡히고 더 심해져서 속건조에 좋다는 다른 제품 찾다가 쓰게 되었어요 한 6개월 정도 계속 사용해줬는데 이젠 거의 건조함을 못느낄 정도로 많이 개선되었습니당ㅎㅎ 바이오더마 그저 빛✨✨,,0,
바이오더마 하이드라비오 세럼,양잉ㅇ,트러블성,봄웜톤,피지과다,,,,5점만점에 5점,2025.06.16,복합성에 좋아요,진정에 좋아요,보통이에요,아주조아요 촉촉하고 그렇지만 너무 기름기 돌지도 않고 수부지강추,"※ 해당 리뷰는 원칙적으로 기본 상품이 동일한 단품 사용 후 작성된 것이며,개별 상품에 따라 용량 내지 일부 구성(1+1, 기획상품 등)이 상이할 수 있음을 안내드립니다.",0,
바이오더마 하이드라비오 세럼,chlakflsk,복합성,쿨톤,각질,다크서클,,,5점만점에 5점,2025.06.11,건성에 좋아요,보습에 좋아요,자극없이 순해요,바이오더마 세럼 여름에 꼭 필수템인거같아요 ㅜㅜ 부들부들하게 마무리되서 너무 좋아요 ㅜㅜ,,0,
바이오더마 하이드라비오 세럼,kangpark****,지성,여름쿨톤,각질,블랙헤드,,,5점만점에 5점,2025.06.30,복합성에 좋아요,진정에 좋아요,보통이에요,너무 좋아요. 제품이 좋은거 같애요. 잘 사용하고 있습니다.,,0,
바이오더마 하이드라비오 세럼,상키,,,,,,,5점만점에 5점,2025.06.20,건성에 좋아요,보습에 좋아요,자극없이 순해요,좋습니다 자극 없고 촉촉하고 민감성 피부에도 부담없이 사용할 수 있씁니다,"※ 해당 리뷰는 원칙적으로 기본 상품이 동일한 단품 사용 후 작성된 것이며,개별 상품에 따라 용량 내지 일부 구성(1+1, 기획상품 등)이 상이할 수 있음을 안내드립니다.",0,매장
바이오더마 하이드라비오 세럼,행복한미역,건성,가을웜톤,민감성,탄력,한달이상사용,첫 리뷰 작성 후 30일 동안 사용 후 작성하신 리뷰입니다.,5점만점에 5점,2024.12.01,건성에 좋아요,보습에 좋아요,자극없이 순해요,좋아요더블기획 4만원대에샀다가세일해서 35인가 37하길래 쟁여둔다고 샀어요그만큼 전 수분에센스치고 좋았어요.물제형이아니고 거의 수분크림제형입니다.수영끝나고 쌱바르고 집에올때 찬바람 맞아서 건조함 안느끼는제품이고이거 바르고 속건조 느낀적 없구요단점은비싸다뿐이지 펌핑용기도좋고꾸준히쓸듯,,4,
바이오더마 하이드라비오 세럼,행복한미역,건성,가을웜톤,민감성,탄력,,,5점만점에 5점,2024.10.14,건성에 좋아요,보습에 좋아요,자극없이 순해요,"뜯어놓고 쓰는 앰플만 6가지가 됩니다. 병풀, 나이아신아마이드, 레티놀,비타민씨,니들샷,프로폴리스 이렇게요.그만큼 다양한 앰플들을 많이 써왔고최근에는 나이아신아마이드랑 프로폴리스 많이 사용하는데 프로폴리스가 똑 떨어져서 새로운 보습앰플을 새로운거로 채우고 싶어서 찾던중 이 제품을 선택.올영가서 직접 체험도 해봤는데 다른 제품들에 비해서 쉽게 날아가지 않더라고요. 다른것들은 보습이라고는 하지만 손등에서 조차도 바르고나면 끝이 보송해진달까. 건성인 나에게는 100프로 부족할것 같더라고요. 그런데 이제품은 계속 좀 촉촉함이 남는 제품이었고.가격이 비싸다는 단점이 있겠지만. 앰플은.. 비싼게 값을 한다는 주의여서..특히나 더모코스메틱을 애정하는 사람으로서 제 화장대에 라로,아벤,바이오더마들이 채워져있는 사람으로서.. 이 제품을 안써볼수 없겠더라고요. 온라인몰기획으로 1+1할때 42천원 정도에 구매했습니다. 맘에들면 한달후기나 재구매로 찾아오겠습니다.",,7,
바이오더마 하이드라비오 세럼,쟘이,건성,가을웜톤,미백,아토피,한달이상사용,첫 리뷰 작성 후 30일 동안 사용 후 작성하신 리뷰입니다.,5점만점에 5점,2023.12.31,건성에 좋아요,보습에 좋아요,자극없이 순해요,"저는 바이오더마의 하이드라비오 스킨케어 라인을 아주 잘쓰고 있어요. 토너부터 에센스로션, 세럼과 크림까지!결론적으로는 크림 빼고는 모두 만족스럽게 사용하고 있습니다. 크림은 밀림이 심하더라구요 ㅎ..세럼은 펌핑형태고 얄상한 용기라서 손에 잘감깁니다! 한번 펌핑했을 때 적당한 용량이 나외서 바르기 편해요!향은 제가 바이오더마 하이드라비오 라인 향을 다 좋아해서 개인적으로 마음에 들었습니다. 반투명한 색의 꾸덕한 제형인데 굉장히 매끄럽게 발려요! 촉촉하고 부드러우면서 흡수도 잘됩니당.가끔 귀찮을 때는.앞단계를 다 뛰어넘고 세럼만 슥슥 바르고 자기도 해요 ㅎㅎ 제가 써보고 좋아서 언니한테도 추천해서 같이 잘쓰고 있습니다. 발림성 좋고 촉촉한 세럼 찾는 분들께 추천드리는 제품입니다~","※ 해당 리뷰는 원칙적으로 기본 상품이 동일한 단품 사용 후 작성된 것이며,개별 상품에 따라 용량 내지 일부 구성(1+1, 기획상품 등)이 상이할 수 있음을 안내드립니다.",2,
바이오더마 하이드라비오 세럼,인간수부지,트러블성,가을웜톤,각질,모공,,,5점만점에 5점,2023.12.18,지성에 좋아요,보습에 좋아요,자극없이 순해요,🤍솔직리뷰💙피부타입 : 수부지 좁쌀 모낭염 여드름흔적장점✔️일반적인 수분폭탄 앰플처럼 물 느낌이 아니고 약간 코팅된 되직한(?) 제형인데 흡수 정말 잘 되고 끈적임 전혀 없음✔️이게 수분감이 채워진건가? 싶은데 저녁에 바르고 잘때는 속건조 전혀 없고 아침 화장전에 바르면 피부결이 매끄러운 느낌으로 화잘먹템 됨😱✔️처음에 제형보고 모공 막을까봐 걱정했는데 전혀 걱정 안해도 될것 같음단점✔️화장품 향이 나서 향에 민감한 분들은 별로 안좋아할수도 있을것 같음✔️용량이 가격에 비해 적어서 금방 쓸것 같음ㅠㅠ할인 자주 해주세요..😍,"※ 해당 리뷰는 원칙적으로 기본 상품이 동일한 단품 사용 후 작성된 것이며,개별 상품에 따라 용량 내지 일부 구성(1+1, 기획상품 등)이 상이할 수 있음을 안내드립니다.",4,
바이오더마 하이드라비오 세럼,프레싀영,복합성,여름쿨톤,각질,모공,,,5점만점에 5점,2023.12.17,복합성에 좋아요,진정에 좋아요,보통이에요,약간 젤 무스 같은 느낌인데 피부에 바르자마자 흡수되서 너무 신기해요! 뭔가 질척이지 않은 제형인데 피부가 물에 갓 담근 것 같이 수분 보충이 팡팡이어서 너무 만족합니다! 가격은 너무 후덜덜이지만 세일할 때 구매하면 거의 반값이어서 그럴 때 쟁여야겠어요!!,"※ 해당 리뷰는 원칙적으로 기본 상품이 동일한 단품 사용 후 작성된 것이며,개별 상품에 따라 용량 내지 일부 구성(1+1, 기획상품 등)이 상이할 수 있음을 안내드립니다.",7,
바이오더마 하이드라비오 세럼,쟘이,건성,가을웜톤,미백,아토피,,,5점만점에 5점,2023.10.31,건성에 좋아요,보습에 좋아요,자극없이 순해요,"바이오더마의 모든 제품이 좋지만.. 이 하이드라비오 스킨케어 라인은 진짜 다 좋은 것 같아요(크림은 밀림이 좀 심하지만용...)🩵처음에는 하이드라비오 에센스로션과 토너만 쓰다가 너무 맘에 들어서 세럼과 크림도 추가로 구입했답니당. 🩵하이드라비오 라인 특유의 시원하고 청량한 향이 좋아요..! 푸른 계열의 색감이라 화장대에 다같이 뒀을 때도 통일감이 있어서 좋아합니다.🩵세럼 끈적임이 정말 1도 없는게 가장 큰 특징이에요. 굉장히 매끄럽고(미끄러움x) 산뜻하게 발리면서 흡수도 짤되고 보습감이 오래 지속된다고 느꼈습니다. 세럼은 밀림도 없어요.🩵1회 펌핑 시에 사용하기 딱 적절한 양이 펌핑됩니다. 쓱쓱 발림성도 좋고 사용하면서 트러블 같은 문제도 없엇어요. 쓰면서 언니한테도 추천했고, 언니도 좋다고 잘 쓰고 있습니다! 추천드려요","※ 해당 리뷰는 원칙적으로 기본 상품이 동일한 단품 사용 후 작성된 것이며,개별 상품에 따라 용량 내지 일부 구성(1+1, 기획상품 등)이 상이할 수 있음을 안내드립니다.",2,
바이오더마 하이드라비오 세럼,이것저것사는애,복합성,가을웜톤,각질,다크서클,,,5점만점에 5점,2023.10.17,복합성에 좋아요,진정에 좋아요,자극없이 순해요,친구추천으로 이 세럼 진짜 몇통째 쓰고 있는지 모르겠어요 그만큼 너무 좋아요 - 향은 은은하게 있지만 진하지 않아 부담없음- 수분을 채워주는 느낌 세럼으로써 매우 만족 - 흡수가 잘되는 편임 산뜻하게 마무리됌- 끈적임이 없어서 이거 바르고 다른거 바로 바르기 좋음단점 : 가격이 비싸서 꼭 세일할때 쟁겨야함,"※ 해당 리뷰는 원칙적으로 기본 상품이 동일한 단품 사용 후 작성된 것이며,개별 상품에 따라 용량 내지 일부 구성(1+1, 기획상품 등)이 상이할 수 있음을 안내드립니다.",2,매장
바이오더마 하이드라비오 세럼,화장빨부엉이,복합성,웜톤,모공,블랙헤드,,,5점만점에 5점,2023.09.14,복합성에 좋아요,보습에 좋아요,자극없이 순해요,수부지 복합성입니다. 아침에 일어나자 마자 밤 새 올라온 기름기 덕분에 스킨이나 로션 하나만 바르고 바로 선크림을 바르고 있습니다. 선크림도 매트한걸 찾아 쓰다 보니 가끔은 각질이 올라와서 그 전에 발라줄 수 있을만한 가벼운 세럼을 찾고있었어요. 그 와중 하이드라비오 세럼을 찾았고 클렌징워터도 잘 쓰고있어서 믿고 구매했는데 아주 마음에 듭니다! 올라오던 각질도 이거 하나 사용했다고 올라오지 않는게 너무 신기해요. 아주약간?의 시원한 느낌도 있는 것 같고 쫀쫀해서 좋습니다.다만 아쉬운건 향! 무향이였으면 차라리 더 좋았을텐데 인위적인 강한 냄새가 나요. 화장품냄새? 향수냄새? 향이 좀 강한편!,"※ 해당 리뷰는 원칙적으로 기본 상품이 동일한 단품 사용 후 작성된 것이며,개별 상품에 따라 용량 내지 일부 구성(1+1, 기획상품 등)이 상이할 수 있음을 안내드립니다.",2,
바이오더마 하이드라비오 세럼,뮤트톤냥이,건성,가을웜톤,각질,다크서클,,,5점만점에 5점,2023.09.01,건성에 좋아요,보습에 좋아요,자극없이 순해요,"건성이지만 테스트해보고 맘에 들어 구매했어요. 수부지 세럼이라해서 건성에겐 조금  아쉬울까? 생각했는데 좋아요. 약간 되직한 젤타입인데 흡수력 너무 좋았는데, 바르자말자 쏘옥 스며들고 수분감 충만한 피부가되더라구요. 처음 바를때 아주 약간 화한 느낌이 들었는데 이후에는 편안해졌어요. 화장밀림도 없고 건성이지만  2번  펌핑하니 딱 만족스럽네요. 금방 날아가지 않는 수분감이라 더 맘에 들었어요. 수분세럼 필요하신분 꼬옥 써보세요.","※ 해당 리뷰는 원칙적으로 기본 상품이 동일한 단품 사용 후 작성된 것이며,개별 상품에 따라 용량 내지 일부 구성(1+1, 기획상품 등)이 상이할 수 있음을 안내드립니다.",1,매장
바이오더마 하이드라비오 세럼,올리유후,,,,,,,5점만점에 5점,2023.07.28,건성에 좋아요,보습에 좋아요,자극없이 순해요,와 진짜 이거 대박이예요속건조 엄청심한 건성인데 이고쓰고 그런거 전혀 못느꺘어요 정말 최고입니다!!!!!!진심 두껍게 발리지도 않고 번들거림1도 없어요 그냥 샤악 스며들어요 부드럽고 짱입니다볼에 완두콩만큼 발라도 충분합니다!!!향은 살짝 프레쉬한 향이에요!사진 순서1. 제품 2.바르는 중 3.바른 후,"※ 해당 리뷰는 원칙적으로 기본 상품이 동일한 단품 사용 후 작성된 것이며,개별 상품에 따라 용량 내지 일부 구성(1+1, 기획상품 등)이 상이할 수 있음을 안내드립니다.",6,매장
바이오더마 하이드라비오 세럼,phoenix,복합성,쿨톤,주름,,,,5점만점에 3점,2023.07.17,복합성에 좋아요,보습에 좋아요,보통이에요,"일단, 동일한 제품에, 사용기한이 12개월 더 긴 제품이 G*SHOP애서 28,000원에 판매중이라는 걸 뒤늦게 알고 좀 속상했어요. 올리브영 믿고 구매한건데…40,000원도 좋은 가격이라 생각했던 잘못. 올리브영이 보낸 제품 사용기한은 2024년 12월이니 제조된 지 이미 1년 반정도 된 거네요.개인적으로 무향 기초제품을 선호하는데, 이 제품은 향이 좀 역해요.고밀도 수분세럼치고 제형이 좀 묽은 편이어서 흡수는 바로되는데, 좀 헤픈 편인 것 같아요. 바이오덤 제품을 6가지 정도 사용중인데, 그 중 제일 실망스럽지만, 일단 사용해보려고 합니다.","※ 해당 리뷰는 원칙적으로 기본 상품이 동일한 단품 사용 후 작성된 것이며,개별 상품에 따라 용량 내지 일부 구성(1+1, 기획상품 등)이 상이할 수 있음을 안내드립니다.",6,
바이오더마 하이드라비오 세럼,두부와뿌꾸,복합성,여름쿨톤,모공,민감성,,,5점만점에 5점,2023.06.02,복합성에 좋아요,보습에 좋아요,자극없이 순해요,✔️보습력은 어떤가요? : 촉촉하고 순해서 모든 피부타입에  적합할것 같아요 건성이신분들은 다른 제품도 덧발라서 보습을 해야겠지만 세럼 자체의 역할만 놓고 봤을때 100점만점에 100점 주고 싶은 제품입니다.👍🏻👍🏻✔️흡수는 잘 되나요? : 바르자마자 바로 흡수되는 느낌은 아니에요 제형이 물같은 세럼이 아나고 젤에 가까운 세럼이다보니 바르고 나서도 쫀쫀함이 있어요 자칫 흡수를 제대로 안시키고 화장한다면 밀릴수도 있을것같아서 저는 저녁에 주로 사용할 예정입니댜!✔️마무리감: 찐득보다는 쫀득에 가까운 마무리감으로 무겁다는 느낌은 안들어서 사계절 내내 사용하기 나쁘지않은 세럼입니댜 발랐을때 약간의 쿨링감도 느껴졌어요 수분이 잘 날라가지 않을것같은 마무리감이라 저는 더 좋게 느껴졌어요😉😉 가격만 좀더 저렴해지면 쟁여두고 싶은템이에유💖,"※ 해당 리뷰는 원칙적으로 기본 상품이 동일한 단품 사용 후 작성된 것이며,개별 상품에 따라 용량 내지 일부 구성(1+1, 기획상품 등)이 상이할 수 있음을 안내드립니다.",2,
바이오더마 하이드라비오 세럼,응둥,복합성,여름쿨톤,모공,민감성,,,5점만점에 5점,2023.05.25,복합성에 좋아요,보습에 좋아요,자극없이 순해요,"이거 진짜 제 인생템...💙🤦‍♀️나 건성 아니야? 싶을 정도로 U존은 엄청난 건조함이 고민이었는데 속건조는 크림으로 당최 해결이 안 돼서 머리가 지끈하던 와중에 샘플 써보고 찾았다 이거다 한 제품입니다🫠✔️피부타입: 심한 수부지, 민감성, 홍조👍🏻✔️속건조에 정말 좋아요! 되직한 제형을 가진 제품이지만 피부에 정말 빨리 스며들고 수분감 뿜뿜인데 마무리감은 산뜻해서 크림으로 마무리 해주면 완벽함...🩵✔️펌핑 형식이라 사용도 편하고 위생적이라 좋아요✔️사용하는동안 트러블 올라온 적 없고, 자극이 느껴지지 않아 제 기준 순한 제품이라고 생각합니다. 덧붙이자면.. 바이오더마가 아무래도 더모 브랜드이다 보니.. 다른 분들께도 순하지 않을까 싶어요✔️아주 크나큰 단점이 하나 있다면 비싸다!!!!! 40ml에 행사해도 2만 4천원🥹 너모 작고 소중한 아이...","※ 해당 리뷰는 원칙적으로 기본 상품이 동일한 단품 사용 후 작성된 것이며,개별 상품에 따라 용량 내지 일부 구성(1+1, 기획상품 등)이 상이할 수 있음을 안내드립니다.",3,
바이오더마 하이드라비오 세럼,훈보라,건성,쿨톤,각질,미백,,,5점만점에 5점,2023.05.16,복합성에 좋아요,보습에 좋아요,자극없이 순해요,<바이오더마 하이드라비오 세럼>✅️간단명료 : 산뜻. 가벼움. 흡수력 우수.바이오더마 크림에 반해서 사용하다보니 다른 제품도 기대가되어 세럼 도전해봤어요🙂✅️사용감&수분감끈적임 없이 산뜻 촉촉한 고밀도 수분 세럼이라고 소개되어있는데 정말 산뜻합니다. 가벼워요. 수분감은 건성이신분들은 부족하다 느끼실 수 있어요.저는 세럼 사용 후 크림 발라주고 있습니다.✅️흡수력&발림성발림성 좋고 흡수력도 좋아요👍🏻흐르지 않는 점성도 있는 제형이구요~~마무리감이 산뜻해요.,"※ 해당 리뷰는 원칙적으로 기본 상품이 동일한 단품 사용 후 작성된 것이며,개별 상품에 따라 용량 내지 일부 구성(1+1, 기획상품 등)이 상이할 수 있음을 안내드립니다.",13,
바이오더마 하이드라비오 세럼,지혜롭게빛나는,민감성,쿨톤,각질,다크서클,한달이상사용,첫 리뷰 작성 후 30일 동안 사용 후 작성하신 리뷰입니다.,5점만점에 3점,2023.04.17,건성에 좋아요,보습에 좋아요,보통이에요,"결론! 나에겐 안맞지만 추천하고싶은 이상한 기분 ..!!🥴음 이거 좋다고 리뷰 썼었는데 기존에 쓰던게 얼굴에 잘 맞아서 그런건지 손이 잘 안가요 ㅠㅠ 피부가 엄청 예민하시거나유분기 조금이라도 쓰셨을 때 트러블나는 저같은 분이 아니시라면 잘 쓰실 것 같거든요?? ㅠㅠ 근데 저는 이 제품을완전 영양 고농축? 제형처럼 느껴졌는데 전 그런거 바르면왜인지 트러블이 나서.. ㅠㅠ그래서 저한테는 손이 잘 안가는제품이긴 한데 극건성분들, 저랑 피부타입이 다르신 분들은 완전 잘 사용하실 수 있으실 것 같습니다 !!냄새는 정말 좋아요 ..! 👍🏻제 피부에는 트러블이 왜 나는지 도대체 이유를 모르겠지만그런거 아세요..? 내 피부에는 잘 안맞는데 왜인지 모르게진짜 좋은 제품인건 알겠고 추천은 하는 이런 느낌 ,,? ㅠㅠㅋㅋ다른 리뷰들은 엄청 좋게 평가 하더라구요!! 다른 리뷰도참고 해보시면 좋을 것 같습니다 ㅎㅎ👏🏻🫶🏻","※ 해당 리뷰는 원칙적으로 기본 상품이 동일한 단품 사용 후 작성된 것이며,개별 상품에 따라 용량 내지 일부 구성(1+1, 기획상품 등)이 상이할 수 있음을 안내드립니다.",26,매장
바이오더마 하이드라비오 세럼,펭긴,복합성,가을웜톤,모공,블랙헤드,한달이상사용,첫 리뷰 작성 후 30일 동안 사용 후 작성하신 리뷰입니다.,5점만점에 5점,2023.04.07,복합성에 좋아요,보습에 좋아요,자극없이 순해요,💦수부지.건성.지성 피부갈라고 메이크업 들뜨는사람 모두 주목 !!!💦단언컨대 수부지 인생템이라 말씀드릴수있습니다한달사용 리뷰인데 하도 맨날 써대서 다썼어요 .. 진짜 너무좋아요 ... 진짜수부지분들 한번써보세요 젤타입이라 메이크업 밀릴줄알았는데 하나도안밀리구요..  모공커다란분들도 이 세럼으로 수분 꽉꽉 채워보세요 모공 쫀쫀해져요.. 여름엔 이거하나로도 충분할것같구요 겨울엔 건성분들은 크림 추가로 써주시면 될것같아요  흡수도 아주그냥 야무지게 됩니다저는 이제 이거없으면 스킨케어 못합니다.  .  .,"※ 해당 리뷰는 원칙적으로 기본 상품이 동일한 단품 사용 후 작성된 것이며,개별 상품에 따라 용량 내지 일부 구성(1+1, 기획상품 등)이 상이할 수 있음을 안내드립니다.",2,매장
바이오더마 하이드라비오 세럼,starblue,지성,웜톤,각질,모공,한달이상사용,첫 리뷰 작성 후 30일 동안 사용 후 작성하신 리뷰입니다.,5점만점에 5점,2023.04.04,복합성에 좋아요,진정에 좋아요,자극없이 순해요,복합성 피부의 속건조를 잡아주기에 좋은 제품이에요.저는 복합성 피부이지만 피부가 조금만 답답해도 트러블이 올라오곤해서 가벼운 제품을 위주로 사용해요.여름철에는 ㅇㅇㅅㅇ 세럼을 사용하는데 날이 건조할때는 보습감이 아쉬워서 이 제품를 사용합니다.봄가을겨울에 사용하기에 좋고요 발라주면 속건조를 확실히 잡아주는게 느껴져요.피부가 답답할 정도는 아니지만 보습감도 어느정도 있는 제품입니다.흡수력이 좋아서 끈적임은 없는데 속은 촉촉한 느낌..?입니다. 더마브랜드라서 순한건 말할것도 없고 과한 보습을 원하지 않는 분들에게 적합한 세럼이에요.,,0,
바이오더마 하이드라비오 세럼,깅선,복합성,여름쿨톤,민감성,홍조,한달이상사용,첫 리뷰 작성 후 30일 동안 사용 후 작성하신 리뷰입니다.,5점만점에 5점,2023.03.09,복합성에 좋아요,보습에 좋아요,자극없이 순해요,도톰하게 발리는 에센스입니다!펌핑 타입이라 편리하기도 하고제품 변질을 막아주기에도 좋은 것 같아요.향은 은은하게 화장품향이 나는데 엄마가 좋아하셨어요!속건조를 간단하게 잡아주기 좋아요.엄청나게 보습력이 좋은 편은 아닙니다!바이오더마 인텐시브 밤이랑 같이 바르면보습력 짱짱합니당제가 은근 민감성인데 자극은 하~~나도 없었습니다세일하면 또 구매해볼만 한 것 같아요!,"※ 해당 리뷰는 원칙적으로 기본 상품이 동일한 단품 사용 후 작성된 것이며,개별 상품에 따라 용량 내지 일부 구성(1+1, 기획상품 등)이 상이할 수 있음을 안내드립니다.",6,매장
바이오더마 하이드라비오 세럼,starblue,지성,웜톤,각질,모공,,,5점만점에 5점,2023.03.04,복합성에 좋아요,보습에 좋아요,자극없이 순해요,지•복합성 피부가 사용하기에 좋은 세럼입니다.저는 지성 피부에 가깝지만 계절에 따라 건조함도 쉽게 느끼는 피부를 가지고 있어요.여름에는 무조건 가벼운 세럼을 사용했는데 날이 건조해지니 수분감을 더해줄 제품이 필요해서 찾아다니다가 발견한 정착템입니다.속건조에 최적화된 세럼을 찾는다면 이거 같습니다.끈적임이 0이라고 하면 거짓말이고 산뜻촉촉하게 만들어주는데 흡수가 빠른 편입니다.그리고 제형이 흐르는 물제형❌ 젤타입❌ 말 그대로 겔타입이에요.바르자마자 시원하게 수분감이 즉각적으로 느껴지는 제품은 아니지만 겉돌지 않아서 오히려 흡수가 빠르고 속건조를 꽉 잡아줍니다.보습이 필요하면 한겹 더 발라주면 됩니다.다른 화장품을 덧대지 않고 토너랑 이거 둘만 사용하니깐 피부도 순해지는 것 같아요🤍,,0,
바이오더마 하이드라비오 세럼,깅선,복합성,여름쿨톤,민감성,홍조,,,5점만점에 5점,2023.02.07,복합성에 좋아요,보습에 좋아요,자극없이 순해요,히알루론산 바르는 느낌이 나요.유분은 거의 없고 수분 위주의 세럼입니다.건복합성 기준 처음엔 넘 가볍나? 했는데속건조 확실하게 잡아주고속건조 잡아주니까 피부에서 자연스럽게 유분이 살짝 올라와서 밸런스가 딱 맞아요.살짝 쿨링감이 있다고 느꼈고뭔가 화장 밀릴 것 같은 마무리감이었는데듬뿍 바르니까 아주 살짝 밀림.양 조절 하면 화장 전에 쓰기에도 좋을 것 같아요.바이오더마 제품 치고는 향이 살짝 있는데아벤느랑 비교하면 은은~ 합니다.다 떠나서 속건조를 잘 잡아주는게 넘넘 만족!!!!!!,"※ 해당 리뷰는 원칙적으로 기본 상품이 동일한 단품 사용 후 작성된 것이며,개별 상품에 따라 용량 내지 일부 구성(1+1, 기획상품 등)이 상이할 수 있음을 안내드립니다.",6,매장
바이오더마 하이드라비오 세럼,지혜롭게빛나는,민감성,쿨톤,각질,다크서클,,,5점만점에 5점,2023.01.16,건성에 좋아요,보습에 좋아요,자극없이 순해요,"💧👍🏻바이오더마 하이드라비오 세럼 후기💧👍🏻건성들이 찬양한다는 세럼 .... 결론은 찬양할만합니다 ❤️‍🔥가격적인 면에서는 조금 비싸지만 너무 만족하며 사용중입니다!저는 매일 사용하지는 않고 다른 제품을 쓰다가 너무 건조한 날,여행갈때 많은 기초화장품들을 챙겨가기가 버겁잖아요 ?! 그때 앰플이랑 이 세럼을 가지고 갑니다! 제형이 가벼운 편은 아니라트러블이 났을 때는 혹시 몰라 바르지 않는데 이 제품을 발라서피부가 뒤집어지거나 뭐가 난적은 없어서 자극없이 순하게 사용 할 수 있습니다 !! :-) 그리고 보습면에서 정말 뛰어나서 끈적임없이 촉촉하게 잘 마무리 되고, 수분이 날아가지 않고 잘 유지된다는 부분이 만족감을 높여주는 것 같아요 ㅎㅎ😃단점은 가격이 비싸다는 것 ..? 말고는 딱히 느끼지 못했습니다 !건성이신분들에게 추천해요 ! 수분세럼 찾으러 올리브영 들어간저에게 이 세럼 추천해주신 직원분께 박수를 👏🏻👏🏻직원분께서 추천해주실 때 얇은 수분앰플 두세번 바르는 것보다이 세럼 한번 바르는게 더 낫다고 말씀하셨었는데 정말 그만큼보습이 잘 돼요! 그리고 많은 양보다는 딱 한펌프~ 한펌프반 정도로발라준게 가장 좋았습니다 !! 🖤🔥-올리브영은 세일도 자주하니까 세일할 때 구매해보시길 추천드립니다 ㅎㅎ💙","※ 해당 리뷰는 원칙적으로 기본 상품이 동일한 단품 사용 후 작성된 것이며,개별 상품에 따라 용량 내지 일부 구성(1+1, 기획상품 등)이 상이할 수 있음을 안내드립니다.",21,매장
바이오더마 하이드라비오 세럼,하연깅,건성,겨울쿨톤,미백,블랙헤드,,,5점만점에 5점,2022.12.02,건성에 좋아요,보습에 좋아요,자극없이 순해요,"바이오더마 하이드라비오 라인... 건성인들을 구하는 그 제품그중에서도 제일간다는 세럼! 좋다는 건 알고 있었지만 가격이 사악해 못 사던 나날...중고 마켓에 키워드 알림 걸어놔도 토너는 가끔 뜨는데 세럼은 진짜 안 뜨거든요. 그말은 곧 세럼을 팔 일이 거의 없다는거죠... 세일하길래 나도 한번 써보자 하고 사왔어요.하이드라비오 토너로 피부결 정리 싸악 하고 토너팩으로 잠깐 올려두고, 세럼 바르고 크림을 바르는데 아침에 일어났을때 당기는 느낌이 안 나더라구요.수분이 참 많이 들었다는 느낌이 나구, 완전히 물 제형인 하이드라비오 토너를 세럼으로 잠가준다는 느낌이에요. 약간 실리콘같은 느낌인데 피부에 펴바르면 얇게 올라갑니다. 저는 한펌프만 짜서 쓰는데 많이 바르는것보다 이정도가 적당한 것 같아요. 사용감은 정말 산뜻해서 이대로도 피부가 정말 편안하다고 느끼고 그 다음 루틴인 크림 바르기를 자꾸 까먹으려고 하네요^^건성김미연이신분들... 세일 할 때 세럼도 꼭 써보시길 바랍니당","※ 해당 리뷰는 원칙적으로 기본 상품이 동일한 단품 사용 후 작성된 것이며,개별 상품에 따라 용량 내지 일부 구성(1+1, 기획상품 등)이 상이할 수 있음을 안내드립니다.",3,매장
바이오더마 하이드라비오 세럼,올영탕진잼,건성,쿨톤,각질,다크서클,,,5점만점에 5점,2022.10.06,건성에 좋아요,보습에 좋아요,자극없이 순해요,✅속당김 심한 건성피부바이오더마 포마드크림 구경하다가 세럼도 살펴봤는데 리뷰가 속당김피부에 좋다고해서 구매했어요!!화장하는거 귀찮아해서 여름철 당ㄱ패드하나로 버티는 속당김심한 피부예요. 여름에는 어찌저찌 잘 버텼는데 날씨가 확 바뀌는 순간 패드하나로 못보티겠더라구요ㅠㅠ 바람때문인지 속당김도 심해지고.. 그래서 리뷰 꼼꼼히 살펴보고 구입했는데 최애템되었습니다🌟구입하고 다음날 아침부터 사용했어요. 세안 후 패드로 결정리하고 세럼만 바르는데 하루종일 촉촉함이 오래 가도라구요. 바르지미자 흡수되는데 실키한 느낌? 벨벳바르는느낌처럼 흡수가 빠르고 부드러워요. 근데 속당김은 줄어들고~~2주정도 아침으로만 사용햤는데 진짜 속당김이 많이 줄어들었어요~~ 날씨가 좀 더 씰쌀해지니 수분크림 하나 더 발라야할 것 같긴한데 그래도 속이 촉촉함이 오래가서 꾸준히 사용하랴구요!! 진짜 베스트템입니다,"※ 해당 리뷰는 원칙적으로 기본 상품이 동일한 단품 사용 후 작성된 것이며,개별 상품에 따라 용량 내지 일부 구성(1+1, 기획상품 등)이 상이할 수 있음을 안내드립니다.",2,
바이오더마 하이드라비오 세럼,팡잇,지성,웜톤,각질,모공,,,5점만점에 5점,2022.09.04,지성에 좋아요,진정에 좋아요,보통이에요,"바이오더마는 예전에 클렌징워터, 토너만 사용해봤는데요. 제 기억엔 바이오더마는 촉촉하다는 느낌이 남아서 이번에 세럼을 구매해서 사용해봤어요. 💙촉촉함역시 바이오더마답게 촉촉하고 수분감이 넘쳐요. 제 피부타입이 지성인데 수분이 부족한 편이거든요. 그래서 촉촉한 제품을 많이 찾는데 좋았어요. 그리고 흡수가 잘 되고 그리 찐득한 느낌이 없어서 좋았어요.💙순함이 제품을 사용하면서 피부가 뒤집어지거나 자극이 느껴지지 않았어요. 순한 제품이라 다른 사람들도 사용하기 무난할 것 같아요.💙펌핑세럼이 대부분 스포이드로 하는데 저는 이게 살짝 불편했거든요. 근데 바이오더마는 펌핑으로 되어있어서 사용하기 편했어요. 근데 불투명한 제품용기라 얼마나 남았는지 알 수 없는게 좀 아쉬웠는데 사용하기에는 편했습니다.","※ 해당 리뷰는 원칙적으로 기본 상품이 동일한 단품 사용 후 작성된 것이며,개별 상품에 따라 용량 내지 일부 구성(1+1, 기획상품 등)이 상이할 수 있음을 안내드립니다.",1,
바이오더마 하이드라비오 세럼,해지쓰,건성,트러블,홍조,,재구매,2회 이상 구매한 상품에 대한 리뷰입니다.,5점만점에 5점,2022.08.06,건성에 좋아요,보습에 좋아요,보통이에요,"여름이라 끈적임 없이 수분 채워줄 수 있는 제품을 찾다가 알게 된 제품이에요전 속건조 피부라 바이오더마 제품에 관심이 많았고 보습 크림, 에센스 로션, 이 세럼까지 세 제품을 사용해 봤는데 그 중 재구매한 제품은 유일하게 이 세럼 뿐이고, 지금 두통째 쓰고 있어용!🔵 제형 : 젤 타입이라 앰플처럼 피부에 발랐을 때, 흐를 걱정 없어서 편해요!🔵 발림성 : 발림성 좋아요 바르자마자 부드럽게 슥 퍼지고 촉촉 쫀쫀하게 피부에 스며 들어요 끈적임 1도 없고 산뜻하게 마무리되어서 여름에 바르기 진짜 좋다고 느꼈어요🔵 향 : 사기 전에 리뷰 보니까 향에 대한 호불호가 많이 갈려서 걱정했었는데 개인적으로 향 좋았어요🔵 효과 : 수분감은 확실히 잘 채워주는 거 같아요 쫀쫀한데 끈적거림은 없어서 바로 화장해도 파데 밀릴 걱정 없어서 좋아요 그리고 속수분 채워줘서 그런지 화장 들뜨는 것도 좀 줄었고요🔵 재구매 의사 : 당연히 있습니다!! 다만 용량 대비 가격이 비싼 편이라.. 1+1 세일할 때 사둬야 할 것 같아요😂","※ 해당 리뷰는 원칙적으로 기본 상품이 동일한 단품 사용 후 작성된 것이며,개별 상품에 따라 용량 내지 일부 구성(1+1, 기획상품 등)이 상이할 수 있음을 안내드립니다.",0,
바이오더마 하이드라비오 세럼,탑리뷰어메이크업,복합성,쿨톤,모공,블랙헤드,,,5점만점에 5점,2022.07.25,복합성에 좋아요,보습에 좋아요,자극없이 순해요,"여름이라도 보습은 꼭 필요해서 보습 세럼을 사 봤어요~ 리뷰도 많고 나쁜 리뷰가 거의 없더라고요ㅋㅋ 그리고 바이오더마 브랜드가 약국 화장품 브랜드라 순한 걸로 유명하기도 하고 잘 맞아요🤗 후기 시작해 볼게요ㅋㅋ💦 처음 썼을 때 제일 눈에 띄었던 건 제형이었어요!! 약간 되직한 반투명 제형인데 바르면 되게 가볍게 발리고 답답하지 않아서 너무 좋아요ㅋㅋ!! 아주 얇은 막으로 피부가 코팅되는 느낌인데 가볍게 코팅되는 느낌이라 너무 마음에 듭니다!!💦 케이스가 플라스틱 케이스인데 굉장히 견고하고 허접하지 않아요~ 뚜껑이나 토출구가 단단해서 두고 쓰는 데 불편한 점이 하나도 없고 탄탄해서 공기가 통할 것 같지도 않아요~ 신선한 제품 그대로 끝까지 쓸 수 있을 것 같습니다😍💦 향이 굉장히 고급스러운 화장품 향이에요ㅋㅋ 프랑스 특유의 고풍스러운 화장품 향 아시나요ㅋㅋ 딱 그 느낌😍 호불호가 있겠지만 진하지 않아서 크게 상관없을 것 같아요ㅋㅋ💦 여름부터 가을까지, 그리고 봄에도 쓰기 좋은 보습 세럼이에요 속건조 잡는 데 이것만큼 좋은 것도 없을 것 같아요!! 추천합니다😍","※ 해당 리뷰는 원칙적으로 기본 상품이 동일한 단품 사용 후 작성된 것이며,개별 상품에 따라 용량 내지 일부 구성(1+1, 기획상품 등)이 상이할 수 있음을 안내드립니다.",1,
바이오더마 하이드라비오 세럼,냥냥펀치눈꽃마녀,건성,웜톤,잡티,탄력,,,5점만점에 5점,2022.07.23,건성에 좋아요,보습에 좋아요,자극없이 순해요,끈적임없이 흡수가 빠른 젤타입의 세럼입니다.평소에도 바이오더마 제품들을 좋아하기도 하고건성피부 특히 피부건조가 심해서 피부가려움에쓰기좋은 대용량 크림을 아예 쟁여놓고 쓸만큼애정하다보니 그 만큼 만족도가 커서 자연스레다른 제품들도 하나씩 구입해서 쓰게 되더군요.하이드라비오 세럼 역시 재구매를 여러 번 했었는데제형이 가벼운 젤타입의 세럼이라 모든 피부에쓸 수 있지만 빠른 흡수력 때문인지 피부건조가심한 건성 피부에 끈적임없이 속건조까지 잡아줘서여름에도 다른 기초라인과 같이 쓸 수 있는 사계절용세럼이라고 생각합니다.펌핑타입이라 위생적이고 화장대 위에 두어도 크게자리잡지 않는 슬림한 디자인이라 정리하기도편합니다. 수분크림과 제형이 비슷해서 롤링 또한 부드럽고 묽은 제형의 세럼 대비 흘러내림이 없어서 쓰기도 편합니다!,"※ 해당 리뷰는 원칙적으로 기본 상품이 동일한 단품 사용 후 작성된 것이며,개별 상품에 따라 용량 내지 일부 구성(1+1, 기획상품 등)이 상이할 수 있음을 안내드립니다.",0,
바이오더마 하이드라비오 세럼,Capucine,민감성,쿨톤,각질,모공,한달사용리뷰,상품 구매 후 30일 동안 사용 후 작성하신 리뷰입니다.,5점만점에 5점,2022.07.18,건성에 좋아요,보습에 좋아요,자극없이 순해요,"* 제품 구매:- 민감성 피부인 저에겐 진정 수분라인 제품이 필요하여기획세트로 1+1기획세트로 49900원에 구매하게 되었습니다.*간단한 제품 소개: - 바이오더마 세럼은 프랑스 제품으로 아쿠아지니움 독자 특허성분으로 수분이 피부속의 이동 통로를 활성화시켜줘 순환된다 해요. 뿐만아니라, 피부장벽을 강화해주는 나이아신아마이드, 수분을 보유할 수 있는 능력을 향상시켜주는 사과씨 추출물까지 들어있어서 촉촉함까지 주는거 같아요 건조한 피부에 좋다는건 다 들어 갔네요 ^^*발림성 ,수분감, 흡수성- 끈적임 없는 텍스쳐에요. 두번만 펌프해서 수분감이 충분히 얼굴 전체에 느껴지고 , 얼굴이 정말 푸석하고 건조하고 상태가 안좋다 싶은날에는 듬뿍올려서 발라 놓으면 팩 효과가 있어요 .저는 진정효과도 있는 것 같아서 좋더라구요 !그리고 무엇보다도 끈적임이 없어서 찝찝하지 않아요 ~!*사용후기- 수분부족 &건성 피부용으로 나온 수분세럼용 만큼 사용하면할 수록 얼굴에 촉촉함이 채워지느게 느껴져요!용량은 1개당 40ml 가성비도 좋고 , 펌핑으로 되어있어 얇게 펴 발라고 수분이 잘 채워지기 떄분에 건조함이나 촉촉함을 유지하고 싶다 하시는 분께 추천합니다 특히나 예민성 피부에 적극 추천합니다 .",,0,
바이오더마 하이드라비오 세럼,톤파괴그잡채,지성,겨울쿨톤,모공,민감성,,,5점만점에 5점,2022.07.06,지성에 좋아요,진정에 좋아요,자극없이 순해요,"🍑 내 피부타입타입 : 왕모공, 개지성, 홍조, 잔주름, 트러블 다 가짐. 평생 건조해 본 적 없음. 강력한 지성. 속건조도 없음.하지만 엄청난 민감성 피부. 현재까지 9년간의 암투병으로 피부가 완전 민감성 됨. 이런 내 피부에 좋은 화장품이라면 비환우에게는 더더욱 좋은 화장품이라 믿음.🍭'기초'를 살때 중요시 하는건 민감한 피부를 진정시키거나, 더 민감해지지는 않게 하는 것.진정ㆍ 알로에 ㆍ녹차ㆍ 시카 ㆍ병풀 처돌이.  ""홍조"", ""트러블"" 을 없애는 기초화장품을 원함🍑 총평예전에 한번 샀었다. 중성친구가 순하고 좋다고 추천해서 샀는데 개지성인 나는 좋았지만 악건성인 친구는 내던졌다고 한다그때도 지금도 나는 부드럽고 순하고 좋다.피부에 안식을 주고 싶을때 쓰면좋다. 지난 한달간 투병하느라 피부가 너무 혹사당해서 피부진정을 위한 모든 화장품을 쏟아부었고, 피부는 안정됐지만 피곤했다. 피부를 좀 쉬게 해주고싶은 느낌이 든달까.그래서 바이오더마 세럼을 샀다 원플원이니 듬뿍씩 써야겠다바르고나면 피부가 가볍고 결이 부드럽다. 건성에겐 비추.🍑 텍스쳐 ㆍ 발림성 ㆍ 흡수력사진에서 보다시피 흐르지 않는 정도의 에센스. 샤사악 부드럽게 발리고 , 지성임에도 불구하고 금방 스며든다.지성인 나는 아주 약간 끈적임이 남는데 중성인 친구는 전혀 끈적이지 않는다했다🍑 효과순하다. 가볍다. 부드럽다.몸에 좋으라고 한달간 온갖 산해진미를 먹다가 그냥 쌀밥에 된장찌개먹는 느낌이다.가볍고 편하다🍑 기타시간이 지나 내피부도 변했을텐데 여전히 잘 맞는게 신기하다.역시 이름값을 하는구나. 명불허전.🍄 주의할 점건성에겐 안맞는다고 한다. 유분이 부족한듯.🍑 재구매의사이미 재구매했고 다음에도 또 재구매할거다. 피부를 쉬게하고 싶을때, 그때 또 사야지.","※ 해당 리뷰는 원칙적으로 기본 상품이 동일한 단품 사용 후 작성된 것이며,개별 상품에 따라 용량 내지 일부 구성(1+1, 기획상품 등)이 상이할 수 있음을 안내드립니다.",9,
바이오더마 하이드라비오 세럼,쟘이,건성,웜톤,미백,아토피,,,5점만점에 5점,2022.03.30,건성에 좋아요,보습에 좋아요,자극없이 순해요,하.. 이로써 저는 하이드라비오 라인을 완성했어요. (완성이 아니면 어쩌지?)시작은 하이드라비오 토너로 시작했습니다. 💙 아니 바이오더마 다른 제품들이 좋은 거예요.. 네 립밤이 진짜 좋더라고요...? 클워는 말해뭐해근데 토너 패키지가 아주 쉬원해보이길래 함 구매해봤는데 향부터 사용감까지 진짜 너무 제 취향인거예요. 그렇게 하이드라비오 라인 모으기 여정이 시작되었습니다.사용은 토너 > 에센스로션(부스팅) > 에센스 > 크림 순으로 사용하면 되고요. 에센스로션을 사용하고 에센스를 다음단계로 사용하면 에센스의 효과를 20% 끌어올릴 수 있다는 말에.. 둘이 세트로 살수밖에 없잖아요 또?!제가 하이드라비오 라인 좋아하는 이유는.. 먼저 향입니다. 스킨케어 제품인데 향을?! 싶으시겠지만 은근 중요해요. 아무리 좋어도 약냄새나고 그러면 솔직히 손이 잘 안간단 말이죠.. 이 라인은 약간 시원한듯 향긋한.. 패키지와 잘어울리는 향이에요. 바를때마다 기분이 넘나 좋아지는것... 또 두번째로는 토너부터 남다른 촉촉함과 부드러운 사용감입니다. 워터타입 제형인 에센스로션과 토너도 각각 찹토 닦토해도 다 부드러움이 느껴지고요. 에센스도 왕 촉촉합니다. 끈적임 없이 싹 흡수되는 부분도 맘에 들어요.꿀조합? 꿀조합은 당연히 하이드라비오 라인 제품들끼리입니다. 그치만 다른 브랜드 아이템들과도 상성이 좋아요. 적극 추천함다!!💙💧,"※ 해당 리뷰는 원칙적으로 기본 상품이 동일한 단품 사용 후 작성된 것이며,개별 상품에 따라 용량 내지 일부 구성(1+1, 기획상품 등)이 상이할 수 있음을 안내드립니다.",4,
바이오더마 하이드라비오 세럼,민감한보리,복합성,웜톤,모공,민감성,한달사용리뷰,상품 구매 후 30일 동안 사용 후 작성하신 리뷰입니다.,5점만점에 5점,2022.01.15,건성에 좋아요,보습에 좋아요,자극없이 순해요,"올리브영에서 할인 많이할때 5개나 쟁였어요!바이오더마 건성용 크림을 몇통 거의 몇십통을 비웠고, 하이드라비오, 센시비오 라인을 모두 사용해봤습니다!크림이 제 피부에 워낙 잘맞아서 그리고 성분도 좋기로 유명해서 처음 구입하는 제품이지만 크게 걱정안하고 5개나 쟁였고, 써봤습니다.✅ 향: 제가 바이오더마 하이드라비오 클렌징 워터, 에센스로션, 세럼을 다 써봤는데, 바이오더마 하이드라비오 라인 특유의 향이 이 제품에서도 납니다! 저는 개인적으로 약간 수영장 냄새같다고 생각했어요.✅ 제형: 겨울보다 여름에 추천!촉촉하게 발리는데 바름과 동시에 싹 흡수되서 끈적임 1도 없이 보송하고 깔끔하게 마무리되요. 그렇지만 촉촉함을 놓치지 않았어요! 그래서 이 제품은 겨울도 좋지만, 여름에 사용하기 진짜 좋을것 같아요!✅ 효과: 수분감이 충분히 보충되는 느낌을 받았고, 진정에도 좀 좋은것 같아요! 건조, 민감한 제 피부에서 트러블이나 붉어짐 1도 없었답니다!✅ 총평: 완전 악건성분들께는 추천드리지 않으나, 그 외의 피부타입을 가지신 분들께는 추천합니다. 그리고 바이오더마 하이드라비오 특유의 그 향을 별로 안좋아하시는 분들께는 테스트 해보시는걸 권합니다!","※ 해당 리뷰는 원칙적으로 기본 상품이 동일한 단품 사용 후 작성된 것이며,개별 상품에 따라 용량 내지 일부 구성(1+1, 기획상품 등)이 상이할 수 있음을 안내드립니다.",5,
바이오더마 하이드라비오 세럼,승깔녀,,,,,한달사용리뷰,상품 구매 후 30일 동안 사용 후 작성하신 리뷰입니다.,5점만점에 5점,2021.12.21,건성에 좋아요,보습에 좋아요,자극없이 순해요,"오 👍역시 바이오더마😎❣️바이오더마는 그 500미리 대용량 바디로션같은거랑,보라색 뚜껑 피부재생에 조은 크림 써봤는데너무 조았어서 신뢰가 있었어요요 얼마 전 엊그제 올리브영 세일을 크게 했잖아용?여기저기 보다가 요 제품을 보게 됐는데,후기가 너~~~어무 조은거에요 😍그놈의 속건조 속건조~도대체 속건조를 얼마나 잡아주길래?이 후기 정도면 믿고 사도 되겠다 해서 한번 사봤는데지인짜 괜찮긴하네요✔️근데 솔직히 속건조가 100프로 해결되진 않구요 ㅎ달ㅂ 미스트 중간중간 뿌려주긴 해야죠 ^,~안밀리고 바를때✔️자극없어 부담없이 쓰기조아요✔️극 건성이신 분은 로션, 수분크림 당연히 바르시잖아요?그럼 촉촉합니다 당근 ^.^가격 할인이 있을때 한번쯤 꼭 사보세용 ♥ 호호","※ 해당 리뷰는 원칙적으로 기본 상품이 동일한 단품 사용 후 작성된 것이며,개별 상품에 따라 용량 내지 일부 구성(1+1, 기획상품 등)이 상이할 수 있음을 안내드립니다.",0,
바이오더마 하이드라비오 세럼,냥냥펀치눈꽃마녀,건성,웜톤,잡티,탄력,,,5점만점에 5점,2021.12.08,건성에 좋아요,보습에 좋아요,자극없이 순해요,끈적임없이 흡수가 빠른 젤타입의 세럼입니다.평소에도 바이오더마 제품들을 좋아하기도 하고건성피부 특히 피부건조가 심해서 피부가려움에쓰기좋은 대용량 크림을 아예 쟁여놓고 쓸만큼애정하다보니 그 만큼 만족도가 커서 자연스레다른 제품들도 하나 씩 구입해서 쓰게 되더군요.하이드라비오 세럼 역시 재구매를 여러 번 했었는데제형이 가벼운 젤타입의 세럼이라 모든 피부에쓸 수 있지만 빠른 흡수력 때문인지 피부건조가심한 건성 피부에 끈적임없이 속건조까지 잡아줘서겨울에도 다른 기초라인과 같이 쓸 수 있습니다.펌핑타입이라 위생적이고 화장대 위에 둬도 크게 자리잡지 않는 슬림한 디자인이라 정리하기도편합니다. 보통 젤타입의 세럼은 수분크림과 제형이비슷해서 롤링 또한 부드럽고 묽은 제형의 세럼 대비 흘러내림이 없어서 쓰기 편합니다!,"※ 해당 리뷰는 원칙적으로 기본 상품이 동일한 단품 사용 후 작성된 것이며,개별 상품에 따라 용량 내지 일부 구성(1+1, 기획상품 등)이 상이할 수 있음을 안내드립니다.",2,
바이오더마 하이드라비오 세럼,올영핫해,건성,웜톤,모공,주름,,,5점만점에 5점,2021.11.25,건성에 좋아요,보습에 좋아요,자극없이 순해요,악건성솔직리뷰 순함✔한번만 세안해도  따가운악건성입니다요웬만한 에센스는  거의 따가운데  따갑지가 않네요보습✔‼️저는 한번으론 조금 뻑뻑해서 두세번발랐어요보습력 좋아요  💕💫양이 너무 작은게 아쉽네요🤭세일할때 사서 다행이지만  🛍세일 아닐때는 못살꺼같아요〰️하지만 세일할땐 무조건 쟁여둘 생각입니당재구매100,"※ 해당 리뷰는 원칙적으로 기본 상품이 동일한 단품 사용 후 작성된 것이며,개별 상품에 따라 용량 내지 일부 구성(1+1, 기획상품 등)이 상이할 수 있음을 안내드립니다.",3,매장
바이오더마 하이드라비오 세럼,나는나,복합성,쿨톤,모공,잡티,,,5점만점에 5점,2021.06.22,복합성에 좋아요,보습에 좋아요,자극없이 순해요,"🎁바이오더마 제품을 처음으로 알게 된 건 아이가 아토피가 심해서 아토피에 좋은 제품을 알아보다가 💙샴푸, 💚바디워시, 🧡로션, 💜크림등 모든 제품을 사용했고 보습력이 뛰어나서 현재까지도 사용하고 있습니다~ 저또한 이미 너무나도 유명한 클렌징워터와 너무 건조하다 싶을 때 크림을 사용하고 있었는데요...이번에 하이드라비오 세럼이 있다는 걸 📱유투브를 통해 알게 되었는데 평이 너무 ❤좋아❤ 구매하게 되었답니다~ 날씨가 🌝더워서🥵 유분폭발이 되면서도 피부속은 당기는 이런 느낌🥺 나이를 먹는구나 싶어 슬프네요😭 사용해 본 결과 바이오더마 하이드라비오 세럼의 장점은🌈 발림성 - 💧묽은 제형이라 끈적이거나 찝찝하지 않고 가볍게 발리면서 흡수력 또한 매우 뛰어납니다~👍👍👍🌈 효과 - 수분감💦을 채워주면서 속건조를 바로 잡아줍니다🌈 신뢰도 - 워낙 유명한 제품이라 신뢰가 가지요~🌿🌱🌴쭈욱 재구매해서 사용할 예정입니다~🌺","※ 해당 리뷰는 원칙적으로 기본 상품이 동일한 단품 사용 후 작성된 것이며,개별 상품에 따라 용량 내지 일부 구성(1+1, 기획상품 등)이 상이할 수 있음을 안내드립니다.",11,
바이오더마 하이드라비오 세럼,유진찌,건성,웜톤,각질,탄력,,,5점만점에 5점,2021.01.06,건성에 좋아요,보습에 좋아요,자극없이 순해요,요즘 많이 건조해서 피부가 안 좋아지는게 느껴지길래 구매했어요. 이번달 행사도 해서 득템했어요 🤣예민한 편이 아니라 바이오더마 기초는 처음인데 한번 사용해보고 바로 반했어요.처음에 얼굴에 바를 때는 제형이 생각한 것보다 무겁고 찐득하더라구요. 그래서 아..😕 역시..?하고 일단 얼굴에 발랐는데 아니였어요‼️ 역시 겉모습(?)으로 판단하면 안되는 것 같아요.얼굴에 펴바를 때까지만 해도 끈적일 것 같아서 별로였는데 완벽하게 펴바르고 나니까 언제 그랬냐는듯이 흡수도 빠르게 되더라구요. 그러면서 촉촉하면서 부드러운 느낌이 들었어요. 첫 느낌이랑 완전 달랐어요. 꼭 테스트 하실 때도 펴바른 후에 흡수까지 지켜보시는게 좋을 것 같아요!정말 좋은 느낌으로 마무리되길래 좋더라구요. 또 흡수도 빠른 편이고 즉각적인 보습 효과가 느껴졌어요. 구매한 이후로 계속 아침 저녁에 사용중인데 얼굴이 트는 일이 사라졌어요. 오히려 얼굴이 탱탱해진 기분..?아침에는 이 제품 바르고 화장까지 하는데 밀림 현상 전혀 없고 오히려 화장이 잘 먹더라구요. 저는 마스크를 오래 써야해서 최근에는 밤이 돼서 집에 오면 마스크 때문에도 얼굴이 건조해져 있었는데 요즘에는 전혀 문제없어요! 빠르게 건조해진 피부를 해결하고 싶으신 분들 꼭 사용해보세요!🎈이런 분들께 추천드려요!📍빠른 수분 충전을 원하시는 분📍메이크업 전에도 사용할 수 있는 보습 제품 찾으시는 분,"※ 해당 리뷰는 원칙적으로 기본 상품이 동일한 단품 사용 후 작성된 것이며,개별 상품에 따라 용량 내지 일부 구성(1+1, 기획상품 등)이 상이할 수 있음을 안내드립니다.",13,
바이오더마 하이드라비오 세럼,묘잉,,,,,한달사용리뷰,상품 구매 후 30일 동안 사용 후 작성하신 리뷰입니다.,5점만점에 5점,2020.12.09,복합성에 좋아요,보습에 좋아요,자극없이 순해요,"4계절 내내 사용하는 제품이에요.4계절 중에서도 가장 사용하기 좋은 계절을 꼽자면 여름과 겨울입니다.여름은 유분이 많이나오는 계절인데다가 너무 무거운 제품들을 바르면 답답하고 유분과 트러블이 더 많이 올라오는데, 이 제품은 수분100인 제품이고 촉촉하고 순해서 한여름에는 세안후 토너 흡수 뒤 요 제품만 두번정도 발라주면 산뜻하니 수분은 가득 채워져서 좋았습니다.겨울에는 엄청나게 춥고 바람 때문에 수분이 날라가서 속건조가 생기거나 수분이 없다는 느낌이 드는데 요 제품이 속 건조를 잡아주고 정말 딱 수분을 꽉 채워주는 느낌이라 바르자마자 흡수력과 제형 등 모든게 만족스러워요.용기 자체가 불투명해서 얼만큼 남았는지 볼 수 없다는게 아쉬운데 그에 반해 뚜껑을 열고 펌핑형인데 펌핑입구부분을 돌려서 열면은 펌핑이되고 반대로 돌리면 밀폐가 되서 안짜지는 타입이에요. 위생상으로는 좋을 것 같습니다.단점을 꼽자면.... 용기가 재활용이 안된다는점 ㅠㅠ 용량이 매일매일쓰는데 좀 작은 편이라는점, 성분명으로만 봤을 땐 피이지가 있다는 점인데 소량이기도 하고 예민민감한 피부인데도 계속 발라도 트러블 안나는거 보면 괜찮은 것 같아요! 그리고 가격이 비싸다는게 단점이자 슬픈점이라 할인 때 4-5개씩 쟁여서 사용합니다!!어떤 피부든 어떤 계절이든 모두들 좋아할 사용감이고 수분 100인 촉촉하고 흡수가 빠른 제품입니다.","※ 해당 리뷰는 원칙적으로 기본 상품이 동일한 단품 사용 후 작성된 것이며,개별 상품에 따라 용량 내지 일부 구성(1+1, 기획상품 등)이 상이할 수 있음을 안내드립니다.",4,
