product_name,id,tag,tag 2,tag 3,point_flag,more_msg,point,date,txt,txt 2,txt 3,txt_inner,ico_offlineStore,tag 4
에스트라 아토베리어365하이드로에센스,superhuman1,건성,웜톤,주름,한달이상사용,첫 리뷰 작성 후 30일 동안 사용 후 작성하신 리뷰입니다.,5점만점에 5점,2025.06.28,건성에 좋아요,보습에 좋아요,자극없이 순해요,오래전부터 꾸준히 쓰는 이제품 발림성도 좋고 흡수도잘됩니다!,,
에스트라 아토베리어365하이드로에센스,올멩,복합성,모공,민감성,,,5점만점에 4점,2025.06.24,지성에 좋아요,진정에 좋아요,보통이에요,건복합성으로서 느끼기에는 지성분들이 좋아할 것 같았어요 별로 촉촉하진 않거든요안에 피부장벽에 좋은 성분들 많이 들어가있다고 하는데 제 얼굴이랑은 안맞더라구요참고로 에스트라 히알루론산 앰플 제 최애예요그런데 이 제품은 얼굴에 바르기에는 수분(or유분)이 부족하다고 느껴져서 오일이나 비타민c 앰플 섞어서 몸에 막 바르고 있어요 속수분에서 에스트라 히알루론산 앰플 vs 하이드로 에센스이렇게 비교하면 무조건 앰플이 승이에요,매장,
에스트라 아토베리어365하이드로에센스,화장품에진심인살암,지성,봄웜톤,다크서클,,,5점만점에 5점,2025.06.08,건성에 좋아요,보습에 좋아요,자극없이 순해요,발림성 좋고 건성 분들은 보습 채우기 딱입니다! 지성분들은 양조절 잘 하시면 될 듯 싶어요 기획 세트라 다양하게 써볼 수 있어 좋아요,,모공
에스트라 아토베리어365하이드로에센스,화장품에진심인살암,지성,봄웜톤,다크서클,한달이상사용,첫 리뷰 작성 후 30일 동안 사용 후 작성하신 리뷰입니다.,5점만점에 5점,2025.07.09,건성에 좋아요,보습에 좋아요,자극없이 순해요,기획세트라 여행 갈 때 이 샘플들 잘 챙겨갈 거 같고 순하면서 막 찐득거림 이런 게 아니라 좋아요!,,모공
에스트라 아토베리어365하이드로에센스,감성감성민감성,,,,한달이상사용,첫 리뷰 작성 후 30일 동안 사용 후 작성하신 리뷰입니다.,5점만점에 5점,2025.07.08,건성에 좋아요,보습에 좋아요,자극없이 순해요,토너 단계를 생략하고 앰플을 젤 먼저 발랐는데좀 건조함이 느껴져서 보습용으로 이거 바르기 시작했어요.훨씬 더 촉촉하고 앰플도 잘 먹는 것 같아요.겨울철에도 토너 대신 사용하기 좋고재구매할 겁니다.콧물스킨 같은 쫀쫀한 제형이에요!건성은 강추!,,
에스트라 아토베리어365하이드로에센스,찾잼베이스,복합성,웜톤,각질,,,5점만점에 5점,2025.07.08,복합성에 좋아요,보습에 좋아요,자극없이 순해요,상품은 좋아요 보습 및 피부 회복에 효과 있습니다 근데 배송 상태가 진짜 별로입니당...,,다크서클
에스트라 아토베리어365하이드로에센스,뿌꾸깜돌,건성,웜톤,블랙헤드,한달이상사용,첫 리뷰 작성 후 30일 동안 사용 후 작성하신 리뷰입니다.,5점만점에 5점,2025.07.06,복합성에 좋아요,보습에 좋아요,자극없이 순해요,에스트라 아토베리어 365 하이드로 에센스 200ml 사용 해 보니 피부과 촉촉해 지는 느낌입니다.너무 좋아서 지인분한테 추천해 주고 싶은 제품입니다.잘 사용하고 있습니다.~,,트러블
에스트라 아토베리어365하이드로에센스,쟈그라,건성,웜톤,미백,,,5점만점에 5점,2025.07.02,건성에 좋아요,보습에 좋아요,자극없이 순해요,구성이 아주좋고 피부에 흡수가 빠르며 속건조를 잘잡아줘요.,,블랙헤드
에스트라 아토베리어365하이드로에센스,차곡차곡,건성,여름쿨톤,모공,재구매,2회 이상 구매한 상품에 대한 리뷰입니다.,5점만점에 5점,2025.06.22,건성에 좋아요,보습에 좋아요,자극없이 순해요,✔️흡수 잘 되고 끈적임은 없는데 보습력 좋고 민감성이면서 속건조가 있는 피부라면 강추 !!!진짜 최고예요 ‼️,,민감성
에스트라 아토베리어365하이드로에센스,lucky****,민감성,쿨톤,모공,한달이상사용,첫 리뷰 작성 후 30일 동안 사용 후 작성하신 리뷰입니다.,5점만점에 5점,2025.07.08,복합성에 좋아요,보습에 좋아요,자극없이 순해요,자극없이 매우 순해요.양을 적게 써도 엄청 잘 펴발라지고수분감이 엄청 가득해서 얼굴이 엄청 촉촉해요근데 수분만 있는 것도 아니고 보습까지 잘 챙겨주는 제품이라매우 만족해요한 2방울 정도면 얼굴에 잘 펴발라져요근데 많이 쓰게되면 흡수가 더뎌서 흡수시키는 데 오래 걸려요적당양 사용하면 최고예요,매장,미백
에스트라 아토베리어365하이드로에센스,JWW328,복합성,가을웜톤,다크서클,,,5점만점에 5점,2025.06.17,복합성에 좋아요,보습에 좋아요,자극없이 순해요,유튜브에서 좋다고 추천하길래 사봤는데 진짜 갓갓 에센스예요. 너무 좋아서 쓰다가 한병 더 쟁여두고 주변에도 추천중입니다. 촉촉하고 피부진정에도 너무 좋아요. 복합성 기준 사계절 다 쓰기 좋아요. 겨울에는 이것만 쓰기는 좀 건조해서 다른 제품이랑 같이 사용했어요.,,모공
에스트라 아토베리어365하이드로에센스,챤챤,,,,한달이상사용,첫 리뷰 작성 후 30일 동안 사용 후 작성하신 리뷰입니다.,5점만점에 5점,2025.07.08,건성에 좋아요,보습에 좋아요,자극없이 순해요,수분감이 가득 해서 좋아요. 사계절 내내 바르기 좋습니다.,,
에스트라 아토베리어365하이드로에센스,수밍배,복합성,겨울쿨톤,각질,,,5점만점에 5점,2025.06.12,복합성에 좋아요,진정에 좋아요,보통이에요,로션쓰기 조금 무거운거갘은날 쓰기 좋아요보습감은 채워주는데 끈적임이 없어요,,모공
에스트라 아토베리어365하이드로에센스,피부특공대,민감성,쿨톤,각질,한달이상사용,첫 리뷰 작성 후 30일 동안 사용 후 작성하신 리뷰입니다.,5점만점에 5점,2025.06.08,건성에 좋아요,보습에 좋아요,자극없이 순해요,피부 푸석푸석할때 듬뿍듬뿍바르기 좋아요;) 꾸덕한 앰플제형이라 가볍지만은 않게 수분 채워주니 좋아뇨:)메이크업 전에 여러번 레이어링하고 마무리하면건조하지도 않고 밀리지도 않아서 만족스러웠어요!!,,모공
에스트라 아토베리어365하이드로에센스,정E,건성,쿨톤,다크서클,한달이상사용,첫 리뷰 작성 후 30일 동안 사용 후 작성하신 리뷰입니다.,5점만점에 5점,2025.06.28,건성에 좋아요,보습에 좋아요,자극없이 순해요,"2024년 11월 30일에 25,600원에 구매하였습니다!현재는 세일을 안 하는 중이루 32,000원이네요.에스트라 기초라인 제품을 꾸준히 사용 중 이어서하이드로에센스도 재구매하였네요.에센스를 세안 후에 가볍게 발라주어도 피부 속 깊은 곳부터 수분이 채워지는 느낌이에요.저는 에센스를 한번만 바르는 편이 아니라 꼭 2번 이상 레이어링 해주고 있습니다.대신 이후이 수분크림을 얇게 발라줘요.(나이트 케어 때는 두껍게!)여름에 바르기에도 답답함 없으니까 올 여름 에스트라 하이드로에센스로 나보세요 💝",매장,모공
에스트라 아토베리어365하이드로에센스,감성감성민감성,,,,,,5점만점에 5점,2025.06.08,복합성에 좋아요,보습에 좋아요,자극없이 순해요,유튭에서 피부과 의사들이 토너 단계를 생략하고 앰플만 쓴다고 하는 분이 몇 분 있어서 저도 따라해 봤더니 속건조가 심해지더라고요.어떤 분 추천 보고 사봤는데 앰플 전단계로좀더 묽은 정도로 바르기 좋고 촉촉해요.간절기와 겨울에 더 일찍 샀어야 했어요.,,
에스트라 아토베리어365하이드로에센스,뭐어,,,,,,5점만점에 3점,2025.07.04,복합성에 좋아요,보습에 좋아요,보통이에요,촉촉하게 스며들고 민감한 피부에도 자극 없어서 매일 사용하고 있어요,매장,
에스트라 아토베리어365하이드로에센스,GINAs,,,,,,5점만점에 5점,2025.07.01,복합성에 좋아요,진정에 좋아요,자극없이 순해요,오랫동안 사용한 제품이여서 믿고 쟁여둡니다순하고 촉촉해요 온가족이 사용하니 금세 쓰네요,,
에스트라 아토베리어365하이드로에센스,꿀먹은푸우,,,,한달이상사용,첫 리뷰 작성 후 30일 동안 사용 후 작성하신 리뷰입니다.,5점만점에 5점,2025.06.29,복합성에 좋아요,진정에 좋아요,보통이에요,민감한 피부인데 너무 잘 맞아서 좋습니다!!재구매 의사 있어요!,,
에스트라 아토베리어365하이드로에센스,썸미,복합성,쿨톤,민감성,,,5점만점에 5점,2025.06.07,복합성에 좋아요,보습에 좋아요,보통이에요,보습에 좋다는 후기를 보고 구매했어요 촉촉하니 좋은거같아요,,블랙헤드
에스트라 아토베리어365하이드로에센스,이견,건성,웜톤,트러블,,,5점만점에 5점,2025.06.03,건성에 좋아요,보습에 좋아요,자극없이 순해요,매번 주문하는 제품입니다 보습도 좋은거같아요 배송도 빨라요,,
에스트라 아토베리어365하이드로에센스,이견,건성,웜톤,트러블,재구매,2회 이상 구매한 상품에 대한 리뷰입니다.,5점만점에 5점,2025.06.03,건성에 좋아요,보습에 좋아요,자극없이 순해요,매번 쓰는 제품입니다 보습이랑 진정 모두 좋은거같아요 재구매하겠습니다!!,,
에스트라 아토베리어365하이드로에센스,뿌꾸깜돌,건성,웜톤,블랙헤드,,,5점만점에 5점,2025.06.02,복합성에 좋아요,보습에 좋아요,자극없이 순해요,에스트라 아토베리어 365 하이드로 에센스 지인분이 추천해 주셔서 구매 했는데 정말 좋은것 같아요.꾸준히 사용 해 보고 가족이나 지인분한테 추천해 주고 싶습니다.잘 쓰겠습니다.~,,트러블
에스트라 아토베리어365하이드로에센스,보고미,약건성,봄웜톤,다크서클,한달이상사용,첫 리뷰 작성 후 30일 동안 사용 후 작성하신 리뷰입니다.,5점만점에 4점,2025.05.31,건성에 좋아요,보습에 좋아요,자극없이 순해요,보습에 좋다고 해서 벌써 몇 년째 쓰고 있어요 만족합니다 ~~~,매장,주름
에스트라 아토베리어365하이드로에센스,이히요요,트러블성,쿨톤,블랙헤드,한달이상사용,첫 리뷰 작성 후 30일 동안 사용 후 작성하신 리뷰입니다.,5점만점에 5점,2025.05.19,건성에 좋아요,보습에 좋아요,자극없이 순해요,진짜 화잘먹 치트키입니다 물같은 제형인데도 흡수가 너무 빨라요,,트러블
에스트라 아토베리어365하이드로에센스,여지니영,트러블성,여름쿨톤,트러블,한달이상사용,첫 리뷰 작성 후 30일 동안 사용 후 작성하신 리뷰입니다.,5점만점에 5점,2025.05.13,복합성에 좋아요,보습에 좋아요,자극없이 순해요,속보습용 에센스로 제일 좋아요 기름지지 않고 속보습만 채워줌,매장,피지과다
에스트라 아토베리어365하이드로에센스,핑크요거트,건성,웜톤,모공,,,5점만점에 5점,2025.06.26,건성에 좋아요,보습에 좋아요,자극없이 순해요,이거 안쓰면 턱라인에 접촉성피부염? 같은 건조해서 생기는 그런게 생기더라고요..? ㅜㅜ 화장품 다이어트한답시고 이거 안쓰기 시작했다가 딱 그런 건조한 피부염이 생겨서 이거 다시 쓰니 하루만에 없어졌다는...영원히 에스트라해🤟😼🤟 지성동생도 이거 잘 맞아서 잘 쓰고 있어요. 진짜 피부타입 상관없이 보습은 중요!! 벌써 이거 쓴지 3년차정도 되는것 같습니다 그리고 항상 증정있어서 좋아요ㅎㅎ,매장,민감성
에스트라 아토베리어365하이드로에센스,하프문쓰,복합성,가을웜톤,모공,,,5점만점에 5점,2025.06.20,건성에 좋아요,보습에 좋아요,자극없이 순해요,"묽은 우윳빛 제형이지만 흡수가 정말 빠르고 끈적임 전혀 없이 ‘쫙’ 스며들어요속은 촉촉하게 차오르고 겉은 보송한 마무리감 덕분에 T존에도 부담 없네요  특히 민감·수부지 피부에도 자극 없이 편안하고, 피부장벽 강화와 수분 충전력이 좋아서 사계절 내내 안심하고 쓸 수 있었습니다 ~! 가성비도 괜찮고 펌핑 타입이라 깔끔한 사용감까지 만족스러워요",,미백
에스트라 아토베리어365하이드로에센스,예뻐져라예뻐져,복합성,웜톤,각질,한달이상사용,첫 리뷰 작성 후 30일 동안 사용 후 작성하신 리뷰입니다.,5점만점에 4점,2025.06.14,복합성에 좋아요,보습에 좋아요,보통이에요,"올리브영에서는 늘 아무래도 세일품목에 구매하게 되죠,, 대기업^^이니만큼 이런저런 세일좀 많이 부탁드리는 바입니다^^ 예전처럼 일정금액 이상에 나오는 증정품은 요새는 늘 보면 금방금방 <증정소진완료>가 떠서 참으로..아쉽고 서운하더라구요. 올리브영 댁배박스에 덜렁 구매품목만 덩그러니 온걸 열면 조금은^^ 서운한 마음이^^ 저만 그런가요?쿠* 등 다른 온라인 매체에서 더 싸게 팔아도 올리브영에 대한 신뢰도로 구매하게 되는데 증정품도 금방 소진, 쿠폰도 전보다는 좀 야박하다는 느낌이네요.. 이런저런 할인률이 아쉬운건 사실입니다. 조금 개선해주시길 바래봅니다.. 아 한가지 더 개선의견은 리뷰 페이지가 늘 오류가 많아요.. 늘 <리뷰등록하기 버튼>이 잘 안먹힙니다.. 이것도 저만 그럴까요? 에스트라는 뭐 이젠.. 국민템이라고해야하나요.. ㅎㅎ 순하고 다 좋습니다. 저는 갠적으로 크림보다 이 스킨에센스가 더 만족스러웠는데요. 다만 조금 많이 발랐을때는 눈시림이 있어 당황했습니다..보습감도 좋고 뭔가진짜 스킨으로도 장벽이 스근~하게 보호되는 느낌이랄까요.. 아주 지성이 아닌분들한테는 누구라도 적당하게 잘 맞을것같아요..(저는 지복합 수부지)",,모공
에스트라 아토베리어365하이드로에센스,봄뮤,복합성,봄웜톤,모공,,,5점만점에 5점,2025.06.14,복합성에 좋아요,진정에 좋아요,보통이에요,"장점 :피부 장벽 강화와 수분 보충에 특화된 제품으로, 에센스, 크림, 앰플이 함께 구성되어 효과가 배가됩니다. 자극 없이 순하며 민감한 피부도 안심하고 사용할 수 있습니다.특징 :피부 본연의 수분 유지 기능을 돕는 세라마이드와 히알루론산 성분을 풍부하게 함유해 촉촉하고 건강한 피부로 가꾸어 줍니다. 가벼운 제형이지만 보습력은 뛰어나며 산뜻하게 흡수됩니다.효과 :꾸준히 사용하면 피부 건조와 가려움 완화에 도움을 주며, 피부결이 부드럽고 탄탄해지는 느낌을 받을 수 있습니다. 민감성 피부 개선에도 효과적입니다.후기 :민감한 피부인데도 자극 없이 촉촉하게 잘 맞았고, 세트로 사용하니 피부가 훨씬 안정되고 건강해졌어요. 특히 건조할 때 진정 효과가 좋아 재구매 의사 있습니다.한줄평 :민감한 피부도 안심하고 쓸 수 있는 촉촉한 보습 세트, 피부 장벽 강화에 탁월해요.",매장,미백
에스트라 아토베리어365하이드로에센스,탕진탕진탕진,복합성,웜톤,모공,한달이상사용,첫 리뷰 작성 후 30일 동안 사용 후 작성하신 리뷰입니다.,5점만점에 5점,2025.06.13,복합성에 좋아요,보습에 좋아요,자극없이 순해요,"✅ 수부지 강추💦 r e v i e w- 묽고 가벼운 질감, 발림성 좋고 흡수 잘됨- 끈적임 없이 촉촉한 마무리감- '속건조'에 효과적인 느낌- 개인적으로 여름엔 크림 대용으로 사용해도 괜찮을 듯- 민감성인데 자극 없고 붉어지지 않음- 향은 거의 없다고 보면 됨 (향에 예민한 분도 사용 가능)- 화장 전에 발라도 베이스 안 밀림- 가격은 좀 비싸지만, 아깝지 않은 제품- 참고로 에스트라 수분크림도 좋으니 추천!- 재구매 의사 ⭕",,민감성
에스트라 아토베리어365하이드로에센스,이보보,복합성,웜톤,모공,,,5점만점에 5점,2025.06.06,건성에 좋아요,보습에 좋아요,자극없이 순해요,에스타라 제품은 늘 만족하고 구매하는 제품입니다 추천합니다,,탄력
에스트라 아토베리어365하이드로에센스,한태산약혼녀,건성,각질,민감성,한달이상사용,첫 리뷰 작성 후 30일 동안 사용 후 작성하신 리뷰입니다.,5점만점에 4점,2025.05.27,복합성에 좋아요,진정에 좋아요,보통이에요,살짝의 유분감이 느껴지긴 하는데 속건조도 잡을 정도로 아주 촉촉한 친구에요,매장,
에스트라 아토베리어365하이드로에센스,한태산약혼녀,건성,각질,민감성,재구매,2회 이상 구매한 상품에 대한 리뷰입니다.,5점만점에 5점,2025.05.13,복합성에 좋아요,진정에 좋아요,보통이에요,진짜 에스트라에 숨겨진 꿀템이에요 완전 요물솔직히 크림보다 더 좋아요,매장,
에스트라 아토베리어365하이드로에센스,mu****,,,,한달이상사용,첫 리뷰 작성 후 30일 동안 사용 후 작성하신 리뷰입니다.,5점만점에 5점,2025.07.03,건성에 좋아요,보습에 좋아요,자극없이 순해요,"저 화장전에 항상 해주는데, 안 들뜨고 너무 좋아여 ㅠㅠ 진짜 ,, 이거 없으면 화장 못해요 ㅠ",,
에스트라 아토베리어365하이드로에센스,멋쟁이가될거야,건성,쿨톤,블랙헤드,한달이상사용,첫 리뷰 작성 후 30일 동안 사용 후 작성하신 리뷰입니다.,5점만점에 3점,2025.06.05,건성에 좋아요,보습에 좋아요,자극없이 순해요,에스트라...너무 비싸...가격대 다운을 시켜주던가그게 아니면 할인행사를 많이 해주던가ㅠ,,
에스트라 아토베리어365하이드로에센스,영띠,복합성,쿨톤,트러블,한달이상사용,첫 리뷰 작성 후 30일 동안 사용 후 작성하신 리뷰입니다.,5점만점에 5점,2025.05.25,복합성에 좋아요,보습에 좋아요,자극없이 순해요,자극없이 순하고 흡수도 잘되어서 유분기 느껴지는 것 없이 촉촉해서 좋아요~,,
에스트라 아토베리어365하이드로에센스,fromyoungzi,민감성,웜톤,모공,재구매,2회 이상 구매한 상품에 대한 리뷰입니다.,5점만점에 5점,2025.05.10,건성에 좋아요,보습에 좋아요,자극없이 순해요,이거 하나만 발라도 좋아요진짜 촉촉하고 발림도 너무 좋아서 좋아요 !,,미백
에스트라 아토베리어365하이드로에센스,tsm****,,,,,,5점만점에 5점,2025.07.05,복합성에 좋아요,보습에 좋아요,자극없이 순해요,질감이 아예 물같지도 않고 살짝 묽은 느낌에 순해서 좋은 거 같아요제 피부가 건조하면서도 복합성인데 사용 후 당김도 없고 촉촉해서 좋은 거 같아요예민한 피부에도 좋은 거 같고 나중에 아이가 조금 더 크면 같이 사용해도 좋을 정도로 순하고 이번에 구매한 거 만족합니다,매장,
에스트라 아토베리어365하이드로에센스,wkd****,,,,,,5점만점에 5점,2025.07.05,지성에 좋아요,보습에 좋아요,자극없이 순해요,최근 들어 면상에 뭘 처발라도 속건조가 쥰내 일길래… 그유명한에스트라를사봄비싸고유명한덴이유가있구나피부리즈찍음속건조싹잡히는데유분일도안올라오고산뜻하고촉촉한데쫀쫀하고…화장도안뜨고…미치게잘먹고..정착합니다 정착했습니다,,
에스트라 아토베리어365하이드로에센스,hyosh****,,,,한달이상사용,첫 리뷰 작성 후 30일 동안 사용 후 작성하신 리뷰입니다.,5점만점에 5점,2025.07.03,복합성에 좋아요,보습에 좋아요,자극없이 순해요,"제가 지루성피부염으로 몇년동안 고생하고 있었고, 복합성 중에서 수부지로 평생을 기름종이를 달고 살았는데요.이번 올영세일 때 이걸로도 안되면 피부과 가서 스테로이드 바르는 수 밖에 없다 하고 정말 이제품 저제품 과소비를 많이 했어요. 뭐라도 하나 걸려라 제발. 열감이랑 홍조가 너무 심해서 살 수가 없어서 간절한 마음으로 구매했던 제품인데요.진심으로 말씀드리는데 다들 이거 하나만 사시면 됩니다. 저 다 나았어요. 몇년동안 고생한 게 무색할 정도입니다.다른 제품들은 같이 바르긴 했지만 보조적인 수단이었고, 이게 제대로 역할을 해줬어요.에스트라가 크림으로는 효과가 택도 없었는데 이 제품은 딱 맞았어요. 제발 다들 이거 사세요. 이게 진짜에요.얼굴에 효과보고 그냥 몸에도 이거 다 발라요. 좋은걸 느끼니까 몸에 발라도 전혀 아깝지 않아요. 얼굴이 건조하면 몸도 건조하다고 하더라구요. 그래서 같이 발라요.",,
에스트라 아토베리어365하이드로에센스,수박주스사주세요,,,,,,5점만점에 5점,2025.06.15,복합성에 좋아요,보습에 좋아요,자극없이 순해요,항상 너무 건조한 얼굴이 고민이었는데 에스트라로 바꾸고 나서 많이 촉촉한 얼굴이되서 너무 좋아요! 이거 하나만 바르고 화장해도 안 뜨고 촉촉해서 바쁘면 하나 바르고 외출도 합니다!! 최고 수분감도 충분하고 친구들한테도 쓰라고 맨날 얘기하고 다녀용ㅋㅋㅋㅋ 수분크림도 좋아요 미스트도 화장할 때 쓰기 좋고요 최고에여,매장,
에스트라 아토베리어365하이드로에센스,ㄱㅇㄱㅇ11,,,,,,5점만점에 5점,2025.06.12,건성에 좋아요,보습에 좋아요,자극없이 순해요,원래 쓰던거 세일때  쟁였는데 구성 너무 좋아요  진짜 촉촉하고 지금 사용하기 좋아요,,
에스트라 아토베리어365하이드로에센스,Hyuniee혀니,복합성,여름쿨톤,미백,,,5점만점에 5점,2025.07.03,건성에 좋아요,보습에 좋아요,자극없이 순해요,"에스트라 제품을 많이 써보고, 그중에 써보고 놀란 제품이 있는데 그게 바로 이 에센스..!!!속수분을 싹 잡아주면서 느끼하게(?) 내 피부를 잡아줘요❤️ 미끌미끌 촉촉촉 내가 사랑하는 에스트라 밀크!!헤일리비버 브랜드인 로드의 글레이징 밀크랑 비슷해요!!ㅋㅋ 상품 질은 물론 에스트라가 더 좋겠지만!!글레이징 밀크 같아서 기부니 조아요!",매장,민감성
에스트라 아토베리어365하이드로에센스,0910****,건성,가을웜톤,모공,,,5점만점에 5점,2025.06.08,건성에 좋아요,보습에 좋아요,자극없이 순해요,에스트라 수분크림 좋아하는데 수분크림 살 때 줘서 써본 에센스도 넘 좋길래 세일맞아 구매했어욤 꾸준히 잘써보게요,매장,미백
에스트라 아토베리어365하이드로에센스,챤챤,,,,,,5점만점에 5점,2025.06.08,지성에 좋아요,보습에 좋아요,자극없이 순해요,가볍고 보습력 있네요. 무엇보다 양이 많아서 마음에 들어요,,
에스트라 아토베리어365하이드로에센스,karl****,지성,웜톤,모공,,,5점만점에 5점,2025.06.07,복합성에 좋아요,진정에 좋아요,자극없이 순해요,3통째 쓰고 있어요! 로션대신으로 계속 바르는데 지극없고 순해서 좋아요,,블랙헤드
에스트라 아토베리어365하이드로에센스,lucky****,민감성,쿨톤,모공,,,5점만점에 5점,2025.06.03,복합성에 좋아요,보습에 좋아요,자극없이 순해요,에스트라는 성분이 순해서 믿고 사용하고 촉촉하고 보습감이 좋아서 누구나 추천 합니다,매장,미백
에스트라 아토베리어365하이드로에센스,dall****,복합성,쿨톤,모공,한달이상사용,첫 리뷰 작성 후 30일 동안 사용 후 작성하신 리뷰입니다.,5점만점에 5점,2025.05.31,지성에 좋아요,보습에 좋아요,자극없이 순해요,요거 쓰면 피부가 편안해지는 느낌 더울 때는 요것만 바르고 크림 안 발라도 보습력이 부족하지 않아요다만 가격이 부담스럽네요,,민감성
에스트라 아토베리어365하이드로에센스,yoon12,복합성,여름쿨톤,각질,한달이상사용,첫 리뷰 작성 후 30일 동안 사용 후 작성하신 리뷰입니다.,5점만점에 5점,2025.05.19,지성에 좋아요,보습에 좋아요,자극없이 순해요,지성인데 매번 구매하는 재구매 템입니다!사실 지성보다는 수부지에 가까워서 수분 공급 로션을 자주 쓰는데 얘가 딱 좋아요! 바른 후 너무 끈적이지 않으면서 수분은 필요한 만큼이어서 좋아요여름에는 토너 > 앰플 > 해당제품 하고 겨울에는 조금 더 꾸덕한 거까지 바릅니다!,,피지과다
에스트라 아토베리어365하이드로에센스,gmj****,,,,한달이상사용,첫 리뷰 작성 후 30일 동안 사용 후 작성하신 리뷰입니다.,5점만점에 5점,2025.07.07,복합성에 좋아요,진정에 좋아요,보통이에요,스킨케어는 에스트라만 쓰는데 여름엔 무겁게 바르기 싫어서 크림 말고 에센스가 필요하다고 생각이 들어서 구매했는데 수분 가득해서 좋아요 !!,매장,
에스트라 아토베리어365하이드로에센스,thesee****,,,,한달이상사용,첫 리뷰 작성 후 30일 동안 사용 후 작성하신 리뷰입니다.,5점만점에 5점,2025.07.06,복합성에 좋아요,보습에 좋아요,자극없이 순해요,에센스 좋아요 가격도 저렴하고 품질도 좋아요 항상 에스트라 사용해요,매장,
에스트라 아토베리어365하이드로에센스,ferrar****,,,,,,5점만점에 5점,2025.07.05,복합성에 좋아요,진정에 좋아요,보통이에요,화장품은 매번 이것만 사는데 보습력이 좋습니다.피부가 뽀송뽀송~,매장,
에스트라 아토베리어365하이드로에센스,kmj****,,,,,,5점만점에 5점,2025.07.05,복합성에 좋아요,보습에 좋아요,자극없이 순해요,순하고 몇통째 삿는지 모르겠어요 아주만족 속보습에 좋은거 같아요!,,
에스트라 아토베리어365하이드로에센스,sony****,,,,한달이상사용,첫 리뷰 작성 후 30일 동안 사용 후 작성하신 리뷰입니다.,5점만점에 5점,2025.07.04,복합성에 좋아요,보습에 좋아요,자극없이 순해요,에스트라 크림미스트 써보고 너무 만족스러워서와 찐이다 라는 생각이 들어서 에센스도 사봤는데 역시나 좋네요!!! 복합성인 저에겐 한 여름과 습도 높은 날씨 제외 하고는 사용하기에 아주 좋습니다,,
에스트라 아토베리어365하이드로에센스,eungi****,,,,,,5점만점에 5점,2025.07.03,건성에 좋아요,보습에 좋아요,자극없이 순해요,묽은 느낌이라 에센스로 쓰기 딱 좋아요무엇보다 끈적임이 없어서 바르고 나면 산뜻해요,매장,
에스트라 아토베리어365하이드로에센스,tjsl****,,,,한달이상사용,첫 리뷰 작성 후 30일 동안 사용 후 작성하신 리뷰입니다.,5점만점에 4점,2025.07.02,건성에 좋아요,보습에 좋아요,자극없이 순해요,에스타는 거의 전제품 다사용해본거 같고..로션이랑 크림은 거의 평생템으로 ㅋ로션은 여름에크림은 여름 제외하고 계속 사용하고 있고..에센스는 처음 사용해본건데효과가 다 고만고만 비슷한 성분들이라이거 하나 더발라서 막 더 좋은느낌은 아닌데보습감 더 필요할때 가끔씩 추가해서 바른는중,매장,
에스트라 아토베리어365하이드로에센스,안졸리나졸려,건성,,,,,5점만점에 4점,2025.05.26,건성에 좋아요,보습에 좋아요,자극없이 순해요,정말 유명한 제품으로 알고있는데 화장하기 전에 기초로 쓰려고 샀어요확실히 흡수가 빨라서 화장시간도 단축되고 나름 촉촉해서 잘 산 것 같아요근데 스킨케어할 때 이것만 단독으로 쓰기에는 좀 건조해요나중에 피부 건조해서 얼굴을 막 긁게 되더라구요저처럼 건조하신 분들은 1차로 사용하시고 다른거 또 바르세염,,
에스트라 아토베리어365하이드로에센스,챳,복합성,가을웜톤,각질,,,5점만점에 5점,2025.07.08,복합성에 좋아요,진정에 좋아요,보통이에요,촉촉하고 좋어요 뱌송도 빨랐어요 잘 쓸게요 유통기한도 넉넉합니다,,모공
에스트라 아토베리어365하이드로에센스,skruddl886,민감성,쿨톤,각질,한달이상사용,첫 리뷰 작성 후 30일 동안 사용 후 작성하신 리뷰입니다.,5점만점에 5점,2025.07.06,복합성에 좋아요,보습에 좋아요,자극없이 순해요,유튜브 보고 구매했는데 정말 순하고 유수분밸런스가 잘 맞아요,매장,
에스트라 아토베리어365하이드로에센스,뿍치,지성,여름쿨톤,각질,재구매,2회 이상 구매한 상품에 대한 리뷰입니다.,5점만점에 5점,2025.07.04,지성에 좋아요,보습에 좋아요,자극없이 순해요,진짜 너무 좋은데 요즘엔 이정도로 좋은 애들이 꽤 있어서 재구매는 보류 중,,모공
에스트라 아토베리어365하이드로에센스,돌이둘이굴이,민감성,쿨톤,민감성,,,5점만점에 5점,2025.07.03,건성에 좋아요,보습에 좋아요,자극없이 순해요,- 이것만 여러번 발라도 보습되지만 좀 부족함- 앰플 전에 바르면 자극없이 좋음,,트러블
에스트라 아토베리어365하이드로에센스,부뚜냥,복합성,여름쿨톤,다크서클,,,5점만점에 5점,2025.07.02,복합성에 좋아요,보습에 좋아요,자극없이 순해요,자극없이 순하고 여름엔 이거하나만 발라주면 딱 좋아요! 재구매입니다,,민감성
에스트라 아토베리어365하이드로에센스,kimjua****,,,,,,5점만점에 5점,2025.06.22,건성에 좋아요,보습에 좋아요,자극없이 순해요,"건조한 가을,겨울에 사용하기 좋을 것 같아요 복합성인데 너무 보습감이 있어서 손이 잘 안가네욤.. 건성분들 한테 추천합니다",,
에스트라 아토베리어365하이드로에센스,Ohjoy,,,,한달이상사용,첫 리뷰 작성 후 30일 동안 사용 후 작성하신 리뷰입니다.,5점만점에 5점,2025.06.16,지성에 좋아요,보습에 좋아요,자극없이 순해요,수분 채워지는 용도로는 에스트라 에센스가 젤 좋아영!!재구매템,매장,
에스트라 아토베리어365하이드로에센스,Qpqpqpqpqp,,,,,,5점만점에 5점,2025.06.10,건성에 좋아요,보습에 좋아요,자극없이 순해요,라이브 넘 좋은 기회로 저렴하게 사용하던 거 구매해서 좋아요 자주 올영라이브에 소개되었으면 좋겠어요 순하고 좋아서 남편하고 같이 쓰고있어요,,
에스트라 아토베리어365하이드로에센스,heeji****,,,,,,5점만점에 5점,2025.06.04,건성에 좋아요,보습에 좋아요,자극없이 순해요,"이것만 다섯통 넘게 쓴 것 같아요 ! 속건조에도 너무 좋고, 아무 에센스 써도 궁합이 좋아서 다른거 쓰다가도 다시 돌아오게 되네요 ㅎㅎㅎ평소 쓰던 제품, 할인할 때 잘 산 것 같아서 만족스럽습니다!",,
에스트라 아토베리어365하이드로에센스,꿀먹은푸우,,,,,,5점만점에 5점,2025.05.11,복합성에 좋아요,진정에 좋아요,자극없이 순해요,자극없이 순해서 좋아요!!특히 피부 트러블 나거나 홍조로 고생할때 사용하면 많이 진정되서 자주 사용한답니다!!,,
에스트라 아토베리어365하이드로에센스,헤이헤이헤헤헤이,복합성,봄웜톤,각질,한달이상사용,첫 리뷰 작성 후 30일 동안 사용 후 작성하신 리뷰입니다.,5점만점에 5점,2025.07.08,복합성에 좋아요,보습에 좋아요,자극없이 순해요,좋습니다. 조와요 .  확실히 피부 보습엔 에스트라입니다.,매장,다크서클
에스트라 아토베리어365하이드로에센스,민갱갱티비,건성,쿨톤,모공,한달이상사용,첫 리뷰 작성 후 30일 동안 사용 후 작성하신 리뷰입니다.,5점만점에 5점,2025.07.07,건성에 좋아요,보습에 좋아요,자극없이 순해요,제가 구매한것중에 너무 만족하고 계속 구매예정인 템이에요,매장,민감성
