product_name,id,tag,tag 2,tag 3,tag 4,point,date,txt_inner,point_flag,more_msg,thum src 4
아비브 수분초 히알루론 패드 하이드레이팅 터치,다랸,복합성,가을웜톤,다크서클,미백,5점만점에 5점,2025.06.26,수분 가득 패드에용 여름에 올려주고 화장하기 좋아요!! 최고야!,,,
아비브 수분초 히알루론 패드 하이드레이팅 터치,꺼억이,복합성,여름쿨톤,블랙헤드,잡티,5점만점에 5점,2025.05.13,이거 구라안치고 작년부터 리필까지 포함하면 열몇통은 산 듯이거 구라면 서면 한복판에서 똥쌈아무튼 수분 채워주기에 좋고 부드러운 면으로 전 팩토 닦토 다 함 피부가 예민하고 접촉성도 겨우 치료한거라…어성초가 유명해서 어성초 먼저 써봤는데 건성들 스킨케어 1단계에 수분 채워쥬고 열감 내리기 좋음 추천,재구매,2회 이상 구매한 상품에 대한 리뷰입니다.,
아비브 수분초 히알루론 패드 하이드레이팅 터치,요이냥,복합성,봄웜톤,민감성,트러블,5점만점에 5점,2025.07.04,이거 리뷰 벌써 두번째 적는 거 같은데 세번짼가이 친구 겨울내내 제 수분을 꼬옥 챙겨준 소중한 아이임미다여름이라 현재는 안 쓰고 있지만... 겨울에 다시 복귀할 예정.패드도 자극적이지 않아서 닦토 가능. 팩토 가능.촉촉하고 수분감 댕쩔었음 좋겠성!! 하시면 구매하십셔,재구매,2회 이상 구매한 상품에 대한 리뷰입니다.,
아비브 수분초 히알루론 패드 하이드레이팅 터치,당뵤,복합성,여름쿨톤,각질,모공,5점만점에 5점,2025.06.15,아침 저녁 수정화장 뭐든 이걸로 써서 산지 얼마 안됏는데 바로 다시 구매 갈겨버림 수부지 피부인 저는 에센스 왕많고 수분 짱짱한 제품 선호하는데 이게 바로 라잇 디스 팩토도 좋아 닦토도 좋아 그냥 좋아 개인적으로 에센스 많고 수분 많아서 팩토가 가장 좋아요 속수분 쨩쨩하게 넣어줍니다ㅋ,재구매,2회 이상 구매한 상품에 대한 리뷰입니다.,
아비브 수분초 히알루론 패드 하이드레이팅 터치,limha****,,,,,5점만점에 5점,2025.07.08,다른것도 써봤는데 다시 요아이로 재구매 해요무겁지 않고 촉촉하니 좋아요,,,
아비브 수분초 히알루론 패드 하이드레이팅 터치,envy****,,,,,5점만점에 3점,2025.06.18,여러모로 아쉬운 제품. 요즘엔 얇은 패드가 대세인데 예전의 두꺼운 패드로 팩보다는 닥토 용도가 맞는듯. 그리고 용기가 제일 별로인데 뚜껑을 여닫는게 너무 불편함. 패드 제품 중 돌려서 여닫는 스타일의 이 제품이 유일할듯! 너무 불편함,,,
아비브 수분초 히알루론 패드 하이드레이팅 터치,임유리,,,,,5점만점에 5점,2025.07.05,"저는 복합성 피부인데, 이 제품 정말 촉촉하고 너무 만족스러웠어요.특히 여름에 사용하기 좋은 가벼문 제형이라 피부에 자극 없이 산뜻하게 수분을 채워줘요.패드를 얼굴에 올려두면 피부가 금세 진정되고, 사용 후에는 촉촉하고 부드러운 피부결이 느껴져요. 무엇보다 피곤한 날 붙이면 피부도,기분도 편안해지는 느낌이라 자꾸 손이 가요. 데일리 케어로 추천드리고 싶은 제품이에요.🩵💙",,,
아비브 수분초 히알루론 패드 하이드레이팅 터치,망로미,트러블성,여름쿨톤,각질,다크서클,5점만점에 5점,2025.07.09,이 패드 좋은데 왜 안유명한지 모르겠습니다....수분용으로 매우 좋아요뭔가 피부가 보들보들해지는 느낌도 있슺니당...전 늘 화장하기전에 해줘요!,한달이상사용,첫 리뷰 작성 후 30일 동안 사용 후 작성하신 리뷰입니다.,
아비브 수분초 히알루론 패드 하이드레이팅 터치,키위모리,민감성,여름쿨톤,다크서클,민감성,5점만점에 5점,2025.07.04,"수분라인이라 무난하게 쓰기 좋아요 ~! 가끔 할인 안 하면 사기 좀 망설여지는 가격이지만 ^^,, 어성초에 가려진 수분라인이랄까 건성에게 추천핑이에요 할인 좀 자주 해주쇼",,,
아비브 수분초 히알루론 패드 하이드레이팅 터치,스누피와오디,민감성,가을웜톤,민감성,블랙헤드,5점만점에 5점,2025.07.04,그다지 싼 편은 아니지만 미국 친구 놀러왔을 때 사줬어요. 미국은 토너패드가 흔하지 않다고 해서..,,,
아비브 수분초 히알루론 패드 하이드레이팅 터치,kelly****,,,,,5점만점에 5점,2025.06.30,사계절 내내 사용중이에요 기초 바르기 전에 팩 붙여놓으면 화장이 잘 돼요,한달이상사용,첫 리뷰 작성 후 30일 동안 사용 후 작성하신 리뷰입니다.,
아비브 수분초 히알루론 패드 하이드레이팅 터치,dmsdm****,,,,,5점만점에 5점,2025.06.26,아비브 패드는 저번에 사용하고 너무 만족스러워서 구매해요~ 저자극 고수분으로 세안 후 기초 마무리 하기 좋습니다,,,
아비브 수분초 히알루론 패드 하이드레이팅 터치,잘익은황도,,,,,5점만점에 5점,2025.05.15,수분충전하기 좋은 닦토패드 중 하나인것 같아요저한테 잘 맞고..아비브상품중에 주로 늦겨울~늦봄까지사용하는 제품입니다,한달이상사용,첫 리뷰 작성 후 30일 동안 사용 후 작성하신 리뷰입니다.,
아비브 수분초 히알루론 패드 하이드레이팅 터치,soobox****,건성,봄웜톤,다크서클,미백,5점만점에 5점,2025.06.03,인터넷으로 살까 오프라인으로 살까 하다가 오프라인으로 샀어용 지금 이 제품만 오래 사용중이라 다른걸로 바꿔볼까 하기도 해서 살까 말까 한참을 고민하다가 그냥 샀는데 무난무난 사용하기 좋아요 별다른 특별한 제품이 나오지 않는 이상 그냥 그대로 쭉 사용할거 같아요!,한달이상사용,첫 리뷰 작성 후 30일 동안 사용 후 작성하신 리뷰입니다.,
아비브 수분초 히알루론 패드 하이드레이팅 터치,코코585,,,,,5점만점에 5점,2025.06.01,"🌟한달 사용 리뷰🌟아이브 닦토용으로도 스킨을 구매해서 잘 쓰고 있는데 제 개인적으로는 패드용이 훨씬 나은거 같음 !!패드로 되어있어 이미 패드 안에 앰플도 충분하게 있고, 팩처럼 머리 말리는 동안 열감 내려줄 겸 이마, 양 볼 위에 올려놓고 사용 중인데 확실히 속건조도 잡아주고 수분감도 채워주는 더 같아 만족하며 사용 중입니다제 피부랑 아비브 브랜드랑 잘 맞는 거 같아 여기 정착하지 않을까 싶어요 ~ 이 패드는 가성비도 좋고 올리브영 매장에서 추천해주셔서 지금까지도 잘 쓰고 있어요 이 패드는 행사할 때마다 재구매템 중 하나입니덩 !",한달이상사용,첫 리뷰 작성 후 30일 동안 사용 후 작성하신 리뷰입니다.,
아비브 수분초 히알루론 패드 하이드레이팅 터치,샛별이언니,지성,여름쿨톤,각질,모공,5점만점에 5점,2025.05.31,수면 토너팩으로 사용하려고 구입했는데 닦토 패드로 쓰는게 더 좋더라구요! ㅜㅜ 근데 저는 같이 주신 껌딱지 시트팩이 완전 좋더라구요~~^^  팩 쓰고 그렇게 만족한 적이 없었는데 ㅎㅎ 다음날 진짜 맑고 밝은  피부로 되어있어서 깜놀!했어요!,,,
아비브 수분초 히알루론 패드 하이드레이팅 터치,ㅣ당,,,,,5점만점에 5점,2025.05.19,초록색 패드도 리뉴얼 전 버전 돌려쥬세요ㅠㅠㅠㅠㅠ 그거 없어거 이거 쑤고잇음 조하요,,,
아비브 수분초 히알루론 패드 하이드레이팅 터치,침대밖은위험행,민감성,가을웜톤,민감성,아토피,5점만점에 4점,2025.06.26,"가격이 좀 비싸긴 한데,, 그리고 패드가 손등보다 사이즈가 작은것 같기도 한데,, 괜찮아요 I'm fine 갠차나 링링링,,",,,
아비브 수분초 히알루론 패드 하이드레이팅 터치,ooouuuu,건성,웜톤,민감성,잡티,5점만점에 5점,2025.07.05,촉촉하니 좋은 것 같은데 패드 밀착력이 조금 별로인 것 같아욤.. 사이즈도 조금 작구욤,한달이상사용,첫 리뷰 작성 후 30일 동안 사용 후 작성하신 리뷰입니다.,
아비브 수분초 히알루론 패드 하이드레이팅 터치,360****,,,,,5점만점에 5점,2025.06.14,촉촉하고 케이스도 이뻐서 맘에 들어요! 자주 사용합니다!!,한달이상사용,첫 리뷰 작성 후 30일 동안 사용 후 작성하신 리뷰입니다.,
아비브 수분초 히알루론 패드 하이드레이팅 터치,baebbo,복합성,가을웜톤,모공,블랙헤드,5점만점에 5점,2024.04.13,💙구매이유수분감 가득한 패드를 추천해주기 위해 요걸로 구매하라고 해서 친구가 구매한 제품입니다! **저도 사용해봤어요:)**💙패드엠보싱 패드지만 부드럽고 에센스를 잘 머금고 있는 덕분에 닥토를 해줬을 때 자극도 없고 결 정돈이 잘 되는 제품인 것 같아영><💙수분감이름이 수분초인 만큼 이름값을 하는데요 피부 속 깊숙하게 수분을 넣어줘서 진짜 촉촉해져요! 제가 지금까지 사용해본 토너패드 중에 수분감 촉촉함으로는 1등입니다✨💙끈적임촉촉하지만 흡수도 잘 되고 끈적임이 없어서 진짜 산뜻한 제품이에요! 덕분에 다음 단계도 빠르게 관리할 수 있어서 좋은 것 같더라구요🙈,,,
아비브 수분초 히알루론 패드 하이드레이팅 터치,핑크자몽주스,건성,쿨톤,모공,잡티,5점만점에 5점,2024.01.08,1.사용감패드가 얅고 그물처럼 일정간격 짜임새가 있는 패드여서에센스를 아주 가득 담고있어요닦토하기 전에 피부 열감을 내리고 에센스를 가득 피부에 쏙쏙 넣기 위해팩처럼 2~3분정도 붙여두었다가닦토패드처럼피부 결을따라 닦아내듯 쓸어줍니다피부결이 정돈되면서탈락된 각질과 유분기가 잘 정돈되어기초제품은 물론 베이스제품까지 밀착이 잘되고 예쁘게 표현되는것 같아요2.효과피부 열감을 내리기 좋고결정리 및 각질케어에도 자극없이 사용하기 좋아요히알루론 성분이 피부속까지 촉촉하도록수분감을 잘 잡아주는것 같아요속건조가 덜하고 시원해요3.만족도가격이 높고 세일 등의 이벤트가 잘 없지만감수하고도 쟁여두고 매일 쓸만큼사용 만족도는 굉장히 큰 제품이에요같은 브랜드 초록제품보다 더 만족도가 큰것같아요,한달이상사용,첫 리뷰 작성 후 30일 동안 사용 후 작성하신 리뷰입니다.,
아비브 수분초 히알루론 패드 하이드레이팅 터치,굼미굼미,민감성,웜톤,각질,모공,5점만점에 5점,2023.12.19,수분토너하면 이 제품 따라올 자는 없어요 ㅋㅋ 그냥 물을 바르는 느낌…? 물이 피부 위에 있는 느낌..? 물 그 자체에요 ㅎㅎㅎ 패드에 수분이 가득하다는게 느껴져요! 피부에 올리면 챱! 하고 달라붙어요 ㅋㅋㅋ 그리고 닦아주는데 피부에 수분을 넣어주는 느낌이에요. 그리고서 흡수시키고자 두드려주면 건조함은 사라져요!,한달이상사용,첫 리뷰 작성 후 30일 동안 사용 후 작성하신 리뷰입니다.,https://image.oliveyoung.co.kr/uploads/images/gdasEditor/2023/12/19/1702954708743.png?QT=85&SF=webp
아비브 수분초 히알루론 패드 하이드레이팅 터치,핑크자몽주스,건성,쿨톤,모공,잡티,5점만점에 5점,2023.11.24,1.닦토 대신 부분팩으로 사용피부타입이 볼ㆍ이마는 건성ㆍT존과 턱부분은 복합성 피부라서 부분적인 관리가 필요한 피부랍니다그래서 전체 팩은 자주 못하는데유ㆍ수분 부족한 부분은 매일 관리가 필요하다보니패드를 부분팩처럼 매일 5~10분씩 붙여주고 있어요2.각질제거 대신 부분 닦토각질이 잘 생기는 볼과 이마쪽에 3~4일에 한번씩필링제품 대신 사용하고 있어요3~5분정도 피부에 올려두었다가살살 피부결대로 닦아내고톡톡 흡수시키면 케어 끝간편하고 자극이 덜하게 끝낼 수 있어서 좋아요3.토너대신 오전 스킨 루틴메이크업 전 피부 열도 내릴 겸 피부결 정돈은 위해피부 컨디션이 좋지 않은 날은직접 토너를 2번씩 흡수시키는 루틴보다토너 흡수 1회 후 부분팩으로 5분 붙였다 떼고토닥토닥 흡수시켜서피부 열도 내리고 피부결 정돈도 하고메이크업 전 베이스가 잘 올라가도록 사용합니다4.사용 만족도수분감이 무척 가득한 제품이라서위 3가지로 사용하기에 가장 적합하고 자극이 느껴지지 않은 제품이었어요저분자 히알루론산이 함유되었다고 하니수분막 잠금ㆍ촉촉하게 유지하기 너무 좋은 것 같아요👍👍매번 떨어지기 전에 쟁임템입니당,,,https://image.oliveyoung.co.kr/uploads/images/gdasEditor/2023/11/24/1700808899370.png?QT=85&SF=webp
아비브 수분초 히알루론 패드 하이드레이팅 터치,현올영알바생,복합성,여름쿨톤,미백,잡티,5점만점에 5점,2023.11.19,겨울이라 부쩍 건조하다는 느낌을 많이 받아서 수분 패드를 알아보다가 아비브의 어성초 토너와 함께 구매해봤어요🫶🏻근데 이거 수분감 미쳤어요🫢닦토만 하기엔 넘 아까워서 팩토로 사용했는데 오전 운동하고 집에 가는 길에 느껴졌던 그 피부의 갈라지는 듯한 느낌이 싹 사라졌어요💓어성초 토너와 조합도 너무 좋고 자극이 없어서 순하다는게 느껴지네요 😽,,,
아비브 수분초 히알루론 패드 하이드레이팅 터치,굼미굼미,민감성,웜톤,각질,모공,5점만점에 5점,2023.11.19,"전에 이 제품을 사용했었는데 생각나서 재구매했어요! 한 3-4번? 구매했던 것 같아요! 이유는…지성피부임에도 피부가 건조하기 때문이죠 ㅠㅠ 피부가 하도 푸석푸석해서 수분공급을 해주고자 토너를 바꿨어요!! 평소 아비브 진정토너(초록색 제품)을 사용하는데 피부가 건조할 땐 이 제품을 구매해서 사용해줘요~ 수분감이 뛰어나서 바로 효과가 좋그등요~~>ㅇ< 사용 후에는 끈적임도 없고, 정말 물같다는 생각이 드실 거에요! 그리고 마무리는 수분이 꽉 채워진 느낌!! 정말 수분하면 아비브 패드에요! 건조하신 분들 이 제품 추천해요~!!",,,https://image.oliveyoung.co.kr/uploads/images/gdasEditor/2023/11/19/1700392607029.png?QT=85&SF=webp
아비브 수분초 히알루론 패드 하이드레이팅 터치,알린이,복합성,겨울쿨톤,모공,미백,5점만점에 5점,2023.09.21,"[한 달 후기] 얼마 남지 않아그새 다른 패드도 사용중아침에 씻고나면 얼굴에 열이 올라서머리 말리면서 붙여놓으면 촉촉함이 사라지는 패드 여럿..이런 패드 제품들 중 100매 아니고애매하게 60매, 70매 이런 건 좀 아쉽잖아요.한 번 쓸 때 양쪽 볼, 이마 2~3개씩은 쓰는데!75매지만 10매 더 받아서 85매!지퍼락형태라 여행가서 쓰기도 편해용패드가 마냥 얇은 편은 아닌데다른 제품보다 확실히 촉촉하다는게 집으면서도 느껴져요다만 집게가 갈고리모양이 아니라 일자형이다보니미끄러질 때도 있어요🥲 다른 집게 사용중뚜껑에 집게 부착하는 형태 아니라잘못 닫으면 덜그럭거릴 일도 없고!오히려 위생적인 느낌!따갑지도 않고 순하고 촉촉하게 진정시키는데 10분이면 충분머리 말리기 전에 붙여두고 손에 묻은 에센스를 여백에다가도톡톡 흡수시켜주니까 울긋불긋했던 곳도 가라앉았어요!각질제거는 잘 모르겠어요 콧볼에 피지는 자꾸 생김..",한달이상사용,첫 리뷰 작성 후 30일 동안 사용 후 작성하신 리뷰입니다.,
아비브 수분초 히알루론 패드 하이드레이팅 터치,알린이,복합성,겨울쿨톤,모공,미백,5점만점에 5점,2023.08.22,"아침에 씻고나면 얼굴에 열이 올라서머리 말리면서 붙여놓으면 촉촉함이 사라지는 패드 여럿..이런 패드 제품들 중 100매 아니고애매하게 60매, 70매 이런 건 좀 아쉽잖아요.한 번 쓸 때 양쪽 볼, 이마 2~3개씩은 쓰는데!75매지만 10매 더 받아서 85매!지퍼락형태라 여행가서 쓰기도 편해용패드가 마냥 얇은 편은 아닌데다른 제품보다 확실히 촉촉하다는게 집으면서도 느껴져요다만 집게가 갈고리모양이 아니라 일자형이다보니미끄러질 때도 있어요🥲 다른 집게 사용중뚜껑에 집게 부착하는 형태 아니라잘못 닫으면 덜그럭거릴 일도 없고!오히려 위생적인 느낌!따갑지도 않고 순하고 촉촉하게 진정시키는데 10분이면 충분머리 말리기 전에 붙여두고 손에 묻은 에센스를 여백에다가도톡톡 흡수시켜주니까 울긋불긋했던 곳도 가라앉았어요!각질제거는 잘 모르겠어요 콧볼에 피지는 자꾸 생김..",,,
아비브 수분초 히알루론 패드 하이드레이팅 터치,baebbo,복합성,봄웜톤,모공,블랙헤드,5점만점에 5점,2023.07.29,💙두번째  사용입니다!💙패드에센스를 잔뜩 머금고 있어서 만지기만해도 촉촉함이 그대로 느껴지는데요 마이크로 엠보 시트로 수분은 골고루 채워줄 수 있으면서 피부결 정돈까지 쉽게 할 수 있답니다🙈💙수분감아비브 수분초 라인이 원래 수분감 채우는데 진짜 탁월한 제품이라고 생각하는데요 수분 함유력이 뛰어난 수분초 덕분에 더 그렇게 느껴지는 것 같습니다 제가 이 제품을 처음 사용해봤을 때도 진짜 놀랐던게 이렇게까지 촉촉하고 수분 짱짱한 토너패드는 처음이라고 느낄정도였는데요 1차 케어에서 이미 수분을 꽉 채워주기 때문에 이것만으로도 기초케어를 탄탄하게 할 수 있는 수분감을 가지고 있기 때문이에요✨💙자극토너패드도 크림과 마찬가지로 진짜 저자극 순한 제품인게 엠보면이지만 자극은 전혀 없고 촉촉함만 그대로 전달해주는데요 저자극 필링성분인 PHA와 호박산이 함유되어 있기 때문에 자극없이 순하게 각질케어도 가능하답니다😆💙진정아비브 수분초 제품이 여름에 사용해주기도 진짜 좋은 이유 중 하나가 저는 워낙 몸에 열이 많은 편이라 얼굴에도 열이 많아서 쿨링 제품을 좋아하는데요 아비브 수분초 토너패드는 수분충전을 해주는 동시에 피부 열감까지 진정시켜주는 제품이라 여름에도 사용하기 좋은 아이에요👍🏻> 물론 건조함으로 인해 고통 받는 계절에도 속보습을 잘 채워주기 때문에 겨울에도 사용해주기 좋은 사계절용 제품입니다:)🍯조합수분 충전을 집중적으로 해주어야 한다면 저처럼 수분초 라인으로 케어해주셔도 좋을 것 같습니다! 수분초 토너패드와 수분초 크림을 동시에 사용해주면 그 효과가 몇배는 더 되기 때문에 이 조합은 사랑이에오..🤍+한달 사용 후역시는 역시🙈 여름에도 사용하기 좋은 제품이에용 쿨링감이랑 보습감이 같이 있어서 진정에 너무 좋구 메이크업 전에 사용해주면 열감을 낮춰주니까 아주 좋답니당✨,한달이상사용,첫 리뷰 작성 후 30일 동안 사용 후 작성하신 리뷰입니다.,
아비브 수분초 히알루론 패드 하이드레이팅 터치,몽캔디,지성,웜톤,모공,민감성,5점만점에 5점,2023.07.20,"⏰아비브 수분초 히알루론 패드 한달 사용 리뷰입니다!우연히 샘플 제품을 사용해보고 본품을 구매한 제품이에요아비브 패드를 그래도 한두 종류 사용해보았는데패드 재질부터 사용감까지 가장 마음에 드는 제품이었습니다!각질 제거에 유리한 엠보면 패드 재질은 아니고,수분감이 많고 왠지 탱글탱글한 재질의 패드예요제품 이름처럼 수분, 히알루론에 집중된 컨셉이라 즉각적인수분 충전을 잘 해주더라구요보통 저녁에는 바하나, 이런 기능적이고 물리적 결 케어가가능한 제품을 사용해주고, 이 수분초 패드는 아침에사용해주기 딱 좋은 패드였습니당",한달이상사용,첫 리뷰 작성 후 30일 동안 사용 후 작성하신 리뷰입니다.,
아비브 수분초 히알루론 패드 하이드레이팅 터치,신난토끼,건성,여름쿨톤,모공,민감성,5점만점에 5점,2022.10.30,"건성 피부와 민감 피부를 위한 촉촉하고 부드러운 패드입니다.에센스 양이 엄청 납니다. 제품을 처음 개봉하면 ""사용 후 패드가 마르지 않도록 뚜껑을 닫아 밀봉해 줍니다. 에센스가 새지 않도록 용기를 똑바로 세워서 보관해주세요. 제품 개봉 후, 휴대나 이동시에 에센스가 샐 위험이 있습니다.""라는 문구가 보입니다. 제품을 열 때도, 보관할 때도 에센스가 새지 않게 주의해야 합니다.패드는 엠보싱 소재로 작고 얇습니다. 에센스에 푹 잠겨 있습니다. 집게로 집어서 들어올리면 에센스가 똑똑 떨어집니다.에센스는 투명하고 워터리한 제형으로 수분감이 강합니다. 패드를 피부에 올려놓는 순간 시원합니다. 쓱쓱 문질러도 자극이 전혀 느껴지지 않고 부드럽습니다. 떼어내고 나서 한참 지난 뒤에도 개운하고 상쾌합니다. 피부가 건조하고 민감한 편인데 촉촉하고 부드러워 편안하게 쓰고 있습니다.",한달이상사용,첫 리뷰 작성 후 30일 동안 사용 후 작성하신 리뷰입니다.,https://image.oliveyoung.co.kr/uploads/images/gdasEditor/2022/10/30/1667122746212.png?QT=85&SF=webp
아비브 수분초 히알루론 패드 하이드레이팅 터치,나닝,건성,웜톤,모공,블랙헤드,5점만점에 5점,2022.10.29,"역시 아비브 제품은 믿고 사용합니다💙🤍아비브 베스트셀러 어성초 패드는 개인적으로 아쉬운 부분이 많았어서 잘 사용하지 않았는데오아비브 수분초 패드는 제 맘에 쏙 드네요!수분초패드는 말 그대로 수분이 정말 가득해요!!어성초 패드는 물같은 느낌의 가벼운 에센스와 거즈면 패드로 구성되어있다면, 수분초패드는 쿨링감있지만 초크초크한 수분에센스 가득~ 에다가 엠보싱패드를 가지고 있어요 !!어성초 패드는 너무 가볍고 에센스가 금방 날아가는 느낌이라 아쉬웠는데 수분초패드는 정말 오랫동안 수분을 머금고 있더라구요!온도가 높았던 날 양볼에 패드를 붙이고, 그 위로 마스크를 쓰고, 밖을 거닐었었는데요쿨링감이 오래가고 (이 쿨링감은 수분에의한 쿨링감이지, 화학적인 반응으로인한 자극적인 쿨링감이 아니에요!)붉은기도 정말 많이 가라앉더라구요 ㅠ한동안은 이것만 재구매할 것 같아여",,,
아비브 수분초 히알루론 패드 하이드레이팅 터치,ryanb,건성,봄웜톤,모공,미백,5점만점에 5점,2022.10.10,패드가 필요해서 이번엔 뭘 사볼까 눈팅만 하다가 요게 눈에 들어와서 사봤어요! 아비브는 예전에 어성초 토너 사용해봤는데 순하고 피부에 잘 맞았던 기억이 있어서 이것도 좋겠지! 란 생각으로 구매했는데 역시나 좋네요! 세트에 열개가 더 들어있어서 두 달은 거뜬히 쓸 수 있을 것 같아요. 패드 안에 촉촉하게 많이 들어있어서 좋고 수분을 가득 머금고 있어서 저는 한 장으로만 쓰고 있숩니다~ 패드 크기는 손등을 가리는 사이즈고 양면 패드라 닦토나 수분 충전용으로 둘 다 쓸 수 있어요! 무엇보다 자극적이지 않아서 민감성 피부도 충분히 사용할 수 있을 것 같구여 뚜껑에 집게까지 포함되어 있어서 아주 위생적으로 사용가능 합니다!! 집게 없이 패드만 있으면 뭔가 비위생적이고 불편하잖아요 .. !! 아침 저녁으로 사용하고 다 쓰면 재구매 해야겠어요~~!,,,https://image.oliveyoung.co.kr/uploads/images/gdasEditor/2022/10/10/1665386957011.png?QT=85&SF=webp
아비브 수분초 히알루론 패드 하이드레이팅 터치,알이,민감성,쿨톤,모공,민감성,5점만점에 4점,2022.10.08,제가 선호하는 브랜드 중 하나인 아비브에서 신제품이 출시되었다고해서 구매해봤던 수분초 패드♡원래 쓰던건 아비브 유자 패드였는데 개인적으로는유자 패드가 더 잘 만든것 같긴해요~1️⃣수분감청정 제주에서 재배한 수분초로 만들어져 수분 함유력이 뛰어나 건조함을 잡아준다고해요~거기에 끈적임도 없어서 마무리감이 좋아요👏👏PHA랑 호박산이 함유되어 각질케어까지~!!2️⃣패드두께패드 두께는 다른 아비브 패드에 비해서 얇은 편이예요. 그래서인지 얼굴에 더 잘 스며드는 느낌~천연 유래 친환경 원단에 마이크로 엠보 패턴이라 모공 사이사이까지 밀착되어 더욱 섬세하게 닦아낼 수 있어요~3️⃣자극약산성 히알루론산 앰플 에센스가 풍부한 수분을 채워주고 물기를 머금은 촉촉한 피부를 만들어줘요~약산성 에센스로 자극은 NO🙅스킨 대신 사용하기 좋은 스킨 패드이제는 스킨 패드 없으면 살~짝 불편하긴해서 매일 써야할것 같네요😄,한달이상사용,첫 리뷰 작성 후 30일 동안 사용 후 작성하신 리뷰입니다.,
아비브 수분초 히알루론 패드 하이드레이팅 터치,올영메이트3년짬,복합성,여름쿨톤,모공,민감성,5점만점에 5점,2022.09.25,아비브 초록색 쓰다가 파란색으로 갈아타서 선물도 주고 한통 다 써가는 중입니다~~비교하는건 그렇지만 아비브 어성초 패드를 사용하다가히알루론 패드를 쓰니 너무 좋아서요~~일단 사이즈가 업엊 되었습니다!초록색 패드는 왜이렇게 작지? 싶었는데 요거는 패드가 커져서 볼을 꽉 채워줍니단 ㅎㅎㅎ이왕이면 커서 면적을 넓게 사용할 수 있으면 젛닪아요!그리고 엄청 보드라워요~사실 초록색은 조금 까끌까끌한 느낌이였는데얘는 엄청 보들보들해요!!그리고 수분감이 엄청나게 좋아요팡팡 터집니다 ㅎㅎ 심지어 피부에 흡수도 잘되는 느낌?요 패드라인으로 토너가 있다면 한번 사보고 싶으네요 아비브 토너패드 고민하신다면저는 요 파란색 추천합니다 ~~건성 복합성까지 충분히 다 사용할 수 있으실거예요!!추천추천,한달이상사용,첫 리뷰 작성 후 30일 동안 사용 후 작성하신 리뷰입니다.,
아비브 수분초 히알루론 패드 하이드레이팅 터치,baebbo,복합성,가을웜톤,모공,미백,5점만점에 5점,2022.09.12,"아비브 수분초가 좋은 제품인 건 알고 있지만 저번 달에 행사를 한 제품이라 살까말까 정말 고민을 많이 했지만 그대로 올영세일인 만큼 할인이 많이 들어가고 있어서 구매를 했습니당!!💙수분감 : 말해뭐해 진짜 지금까지 사용했던 스킨패드 중에 가장 수분감이 많았어요! 저는 흡토, 닦도, 팩토 다 좋아해서 토너도 여러개 있지만 그 중에서 스킨패드를 진짜 좋아하는데요 스킨패드가 간편해서 좋지만 수분감이 금방 사라지는 제품이 있어서 아쉬웠는데 아비브 수분초 패드는 진짜 내돈내산이지만 수분감 엄청나고 끈적임도 없어서 너무 마음에 들어요ㅠㅠ 닦아주는 패드인데도 열감 낮춰주고 진정시켜주는 패드!!💙꿀조합템 : 코시국으로 인한 마스크 테러는 피해가기 어려워서 저는 밤에 항상 1일1팩을 해줄 정도로 피부 관리를 열심히 해주는데요 항상 세안하고 나면 수분초 패드로 결정리 하면서 수분감 1차로 주고 LRP 시카밤을 같이 사용해준 다음 마스크팩을 해줍니다 이거 세개 진짜 꿀조합,,,  ***여기서 진짜 꿀팁!!*** 보통은 수분감이 날아가는걸 막기 위해 마스크팩을 한 다음 크림을 발라주는데 저는 토너패드>LRP시카밤>마스크팩 이렇게 해주고 있어요! 이렇게 해주면 진짜 피부에서 광이 나는데 유분감있는 광이 아니라 진짜 자연광!! 유분감 없이 피부를 보습으로 꽉 코팅해주는 것 같아서 다음 날 아침에 일어났을 때도 기름진 얼굴이 아니라 보습으로 코팅 된 얼굴을 볼 수 있어요!!사진으로 보시면 제가 세안 후에 얼굴이 금방 빨개지는데 수분초 패드로 한번 닦아주고 흡수시켜주니까 진짜 다른거 안해도 바로 열감이 갈아 앉은 다음 사진이에요! (일반카메라, 같은 집 형광등, 같은 자리에서 찍은 사진입니다)내돈내산인 만큼 진짜 솔직하고 정직한 후기 작성하고 아직도 열심히 사용중이에요ㅎㅎ*요약*사계절 모두 사용할 수 있는 패드로 수분감 많지만 끈적임 없어서 모든 피부가 사용하기 좋은템!",,,
아비브 수분초 히알루론 패드 하이드레이팅 터치,강아지사진도둑,건성,여름쿨톤,민감성,트러블,5점만점에 5점,2022.09.10,"무조건 또 구매할 의향이 있는 패드예요👍기초천재 아비브답게 이번 토너패드도 정말 잘 만들어졌어요. 처음 썼을 때보다 지금 더 만족해서 완전 아끼면서 사용하고 있어요. 너무 마음에 들어서 다음에 구매할 때는 솔잎패드랑 유자패드, 어성초패드 다 같이 구매하려고요❣️💧수분감이 아주 가득이에요.메이크업 전에 건조한 부분에 피부에 수분을 충전시키기 위해 스킨팩처럼 사용하는 걸 좋아해요. 피부가 아주 건조한 악건성인데도 이 패드로 스킨팩 한 번이면 기초 단계를 여러 번 하지 않아도 피부에 수분감이 차서 매끈한 피부결인 상태로 베이스를 올릴 수 있어요.💧에센스 양이 아주 많아요.사진에서 잘 보일지 모르겠는데 저만큼 패드를 사용했는데도 패드가 잠길 정도로 에센스가 들어가 있어요. 패드가 잘 적셔진 걸 좋아하는데 에센스가 넉넉해서 마음에 들어요. 최근에 사용한 어떤 패드는 에센스가 패드에 적셔진 거 빼면 없어서 다 쓸 때쯤이면 마른 상태에서 사용하게 됐거든요.💧디자인도 아비브답게 깔끔하고 모던한 디자인에요.깔별로 모아놓으면 화장품이 아니라 그냥 디자인 같을 것 같기도 한 깔끔한 디자인!!💧패드 한쪽 면은 엠보면이고 한쪽 면은 그냥 면 패드인데 살짝 각질 제거하기에 좋아요. 엠보면이 부들부들하지는 않아서 너무 힘을 줘서 피부를 닦아내면 자극이 될 수 있어요.💧각질 제거보다 스킨팩용으로 추천이에요👍딱 피부에 수분 공급 목적으로 훌륭한 패드예요.💧집게도 있고 저렇게 중간 플라스틱캡이 있어서 뚜껑을 열면 보관이 쉽고 위생적이게 사용할 수 있어요.집게도 아직까지 안 깨지고 잘 쓰고 있어요.",한달이상사용,첫 리뷰 작성 후 30일 동안 사용 후 작성하신 리뷰입니다.,
아비브 수분초 히알루론 패드 하이드레이팅 터치,greyyy,복합성,쿨톤,미백,잡티,5점만점에 5점,2022.09.04,이거 산 지 보름 좀 더 됐는데 그동안 사놓은 패드가 많아..(최근 패드에 꽂힘ㅜㅠ) 얼마전 개봉해서 써봤어요. ㅎㅎ매장에서 이 패드 한장을 손등에 1분?정도 뒀다가 흡수되는 정도랑 사용감이 어떤지 보고 구매한건데 정말 잘 샀더라구요. 아비브 패드는 어성초만 써봤는데 유자랑 이것중에 고민하다 아무래도 이게 수분 진정에 더 좋을 것 같아서 이걸로 했거든요.  히알루론산이 함유되어 있어 잠깐만 올려놔도 피부 진정이 빨리 되는 것 같았고 패드가 부들부들해서 그 느낌이 너무 좋았어요. 개인적으로 각질정도 할 수 있는 면보다는 올려놓고 팩할 수 있는 면을 더 좋아하는데 아비브껀 패드 면이 부드러워서 너무 좋아요 💛전반적으로 아비브 제품들이 순하고 저자극에 수분감 엄청난 것 같아 모든 피부에 추천합니다~~이거 더블세트가 나온다면 바로 구매할 것 같아용추가로 준 10매는 지퍼백이라서 어디 여행가거나 할 때 갖고갈 수 있어서 편의성 굿이네요 💕,,,
아비브 수분초 히알루론 패드 하이드레이팅 터치,올리브늙은이,민감성,쿨톤,각질,모공,5점만점에 3점,2022.08.31,"✔체험단으로는 대만족이었는데 쓰다보니..단점이 너무 확실해지는..그런..패드..특히 민감성 주의.. ✔일단 체험단으로 받았던 제품을 반정도 사용하다가 피지가 많이 줄어든 것 같아서 제품 상세페이지를 다시 찾아보고 피지를 줄이는 기능을 넣은 걸 확인했어요. 그래도 저는 좋았기에 재구매했습니다. ✔재구매한 제품은 처음에 제품 씰을 열어보고 놀랐어요. 첫 사진에 있는 부분인데요. 제품 내용물이 흘러서 저 집게 부분을 흠뻑 적시고 있었습니다. 아..이게 위생을 위해서 집게를 선호하는건데 내용물에 이미 다 적셔져 있으면..물티슈로 다시 다 닦고 말리고..네..그랬어요.. ✔피지제거 기능이 있어서 일장일단이 있습니다. 피지 제거는 눈에 보일 정도로 됩니다. 그러나 피부 자극도 됩니다. 개인적인 느낌으로는 패드가 거칠어서 자극된다기보다는 에센스 자체가 자극적인 것 같아요. ✔에센스가 꽤 자극적이다보니 피지제거도 눈에 띄고 트러블을 더 화나게 하는데도 효과적입니다..네..그래서 트러블들이 들어갈 생각을 안해요.. ✔목에도 한번 흡수해봤었는데 모기 물린 것처럼 붉은 기들이 올라오면서 엄청 간지럽기 시작해 바로 물로 씻어내고 사용 중단했습니다. ✔그래서 결국 이 주문을 끝으로 패드는 더 이상 구매하지 않을 예정입니다. 패드가 수분패드가 아니라 피지제거패드나 피지흡착패드같은 이름으로 나왔다면 주문한 내가 잘못이네..하고 넘어갈만 하지만 수분패드는 보통 수분충전과 보습, 진정을 바라고 주문하는데 이건 좀 자극적이었어요. 수분과 보습을 잘해도 진정을 못하면 무슨 소용인가 싶어요. 아비브 팩은 정말 애정하는데 이 패드는 좀 많이 실망적이었어요.",,,
아비브 수분초 히알루론 패드 하이드레이팅 터치,올영메이트3년짬,복합성,여름쿨톤,모공,민감성,5점만점에 5점,2022.08.28,"기존 아비브 어성초 패드와 비교해서 적어볼게요! 💚🥕1.5배 커진 패드 사이즈🥕엠보싱면으로 그냥 닿자마자 보드라움(기존 어성초는 부드럽다기보다는 살짝?의 자극이 있었음)🥕폭발적 수분감 (닦토로만 사용하기엔 너무 아까움)🥕촉촉함의 유지력이 밤새 지속됨(닦토로 사용해도 오래가고,오랫동안 얼굴에 팩으로 올려놓으면 밤새 촉촉했음)아비브 어성초패드를 한통 다 비우고 갈아탔었는데올영체험단으로 받고 사비로 하나 더 구매했어요! 기존에 토너패드를 사용하고 만족했다 하는 패드는 없었는데 너무 부드럽고 촉촉해서 재구매가 저절로 되더라구요! 보통 아비브 어성초로 많이 입문하시던데 저는 굳이 그 단계 안거치고 바로 히알루론 패드로 직행하시는거 추천해요💙(기획상품으로 있을때 구매하시는거 추천해요)",,,
아비브 수분초 히알루론 패드 하이드레이팅 터치,아이셩,지성,웜톤,각질,민감성,5점만점에 5점,2022.08.08,"✔️ 와,,여러분 아비브에서 완전 초 대박 제품이 나왔네요ㅋㅋ평소에 아비브 어성초 패드 잘 사용해왔는데 수부지라 수분이 좀 부족한게 느껴지더라구요, 사실 아비브 어성초 다 쓰지도 않았는데 아비브는 믿고구입하는 브랜드라서 새로 나왔길래 바로 구매했어요 ! 찐 내돈내산이에요 ㅋㅋ 💖 제품명 자체가 수분초! 히알루론산 완전 촉촉할것같은 느낌의 제품 😊 솔직 리뷰 시작할게요🔹장점거짓말 하나도 안보태고 쓰면서 와,, 뭐야? 뭐야?? 이러면서 사용했어요 ㅋㅋㅋ 바르는순간 쿨링감 부터 와 진짜 촉촉하다,, 라는 느낌이 퐉 들더라구요! 보통 에센스가 패드에 흡수되어있지않고 겉도는 패드 진짜 많이봤는데 요건 패드 하나 하나 자체에 수분감이 엄청 흡수되어있더라구요 피부에 닦아내는 순간 촉촉 ! 촵촵 그자체입니다 어성초는 각질제거가 잘된다면 ! 요제품은 수분감이 짱짱해서 피부결을 정리해주고, 붉은기진정!에 참 좋은듯 ㅠㅠ ⭐️ +아! 패드에 내장되어있는 집게,, 너무 편리함 이전에 어성초에는 패드안에 지지대? 처럼되어있었는데 ,, 어성초도 수분초처럼 집게 저렇게 해주세요,,,,🙏🏻🔺단점어성초랑 비교하면 각질제거가 완전 잘되고 그런건 아니에용 ! 하.지.만! 각질제거가 안되는것도 아니에요 ㅋㅋ 수분감이 엄청 많아서 각질제거가 시원하게 촥~ 되는게아니라 촉촉하게 각질이 제거 되는느낌이에용 🙏🏻 한번 구입해보세여 미춰써~~~",,,https://image.oliveyoung.co.kr/uploads/images/gdasEditor/2022/08/08/1659961944883.png?QT=85&SF=webp
아비브 수분초 히알루론 패드 하이드레이팅 터치,올영에탕진,복합성,웜톤,모공,잡티,5점만점에 5점,2022.08.06,아비브 수분초 히알루론 패드기존의 어성초를 이용한 수분진정 라인으로 토너와 세럼 그리고 패드들도 아주 잘 사용을 하고 있는 그런 기초케어 브랜드에서 새로이 수분특화라인으로 수분초를 이용한 패드 제품이 나와서 궁금해서 구매를 해보았습니다. 이번에도 역시나 올리브영만의 단독기획으로 75매에 10매 증정 거기다가 8월 기획가로 만원대에 저렴히 구매를 할수 있었습니다.원재료가 되는 수분초는 청정지역 제주에서 나온거라고 하네요. 역시나 제주에서 제배를 한다고 하면 좀더 믿음이 가는 그런 성분이네요. 이 수분초라는 것이 돌에서 자라나는 식물이라 그만큼 자생력과 수분감이 좋은 식물이라고 합니다. 그리고 한의학적으로도 열감을 내리고 해독작용에도 좋다고 하니 이렇게 좋은 식물에서 추출한 성분과 수분에 탁월한 히알루론산을 같이 배합을 해서 만든 에센스를 주로 하는 패드다 보니 확실히 기존의 어성초 패드에 비해 수분감을 확연히 느낄수가 있었어요.좀더 꾸준히 사용을 해보아야지만 알겠지만 처음부터 패드에서 에센스가 충분히 흐르면서 촉촉함을 주는것이 확실히 수분패드라는 것을 알 수 있었습니다. 아비브에서도 패드 제품들의 케이스를 약간은 리뉴얼을 해주셔서 남아있는 내용물을 육안으로라도 확인을 할수 있는 그런 투명도가 비치는 재질로 해주셨으면 합니다.,,,https://image.oliveyoung.co.kr/uploads/images/gdasEditor/2022/08/06/1659760523323.png?QT=85&SF=webp
아비브 수분초 히알루론 패드 하이드레이팅 터치,신난토끼,건성,여름쿨톤,모공,민감성,5점만점에 5점,2022.07.11,"건성 피부 또는 민감 피부에게 추천하는 촉촉하고 부드러운 패드입니다.완벽하게 밀봉되어 있습니다. 뚜껑을 열면 실링되어 있고 뻑뻑한 실링을 힘겹게 뜯어내면 속뚜껑과 집게가 보입니다. 속뚜껑까지 열면 패드를 만날 수 있습니다.에센스 양이 엄청 납니다. 제품 상자 안에 ""사용 후 패드가 마르지 않도록 뚜껑을 닫아 밀봉해 줍니다. 에센스가 새지 않도록 용기를 똑바로 세워서 보관해주세요. 제품 개봉 후, 휴대나 이동시에 에센스가 샐 위험이 있습니다.""라는 문구가 적혀있던 이유를 알 수 있습니다. 아직 얼굴에 닿지도 않았는데 피부 속까지 수분이 채워질 것만 같은 기분이 듭니다.패드는 손의 바닥 부분보다 조금 작은 크기이고 엠보싱 소재입니다. 너무 두껍지도 너무 얇지도 않습니다. 에센스를 듬뿍 머금고 있습니다. 집게로 한 장 들어올리면 에센스가 뚝뚝 떨어집니다.에센스는 투명하고 워터리한 제형으로 수분감이 두드러집니다. 패드를 피부에 올려놓으면 순간 시원하고 촉촉합니다. 쓱쓱 문질러도 자극이 전혀 느껴지지 않고 부드럽기만 합니다.사용하고 나면 무척 개운하고 상쾌합니다. 얼굴 전체를 다 닦아낸 뒤 30분 이상 지났지만 막 세수하고 나온 듯 시원합니다. 신제품인데다 세일 중이라 구입해봤는데 이렇게 좋을 줄이야... 피부가 건조한데다 민감한 편인데 촉촉하고 부드러워 편안하게 사용할 수 있겠습니다. 재구매 의사 200%입니다.",,,https://image.oliveyoung.co.kr/uploads/images/gdasEditor/2022/07/11/1657544469327.png?QT=85&SF=webp
아비브 수분초 히알루론 패드 하이드레이팅 터치,낭만냥이,중성,쿨톤,모공,민감성,5점만점에 5점,2022.07.07,"뭔가를 더하는 것보다 비워서 채우는 완벽함!!그래서 전 아비브 제품 특유의 군더더기 없는 깔끔함이 참 좋아요.그런 아비브에서 이번에 수분초 추출물을 담은 토너 패드가 신상으로나왔길래 기존에 사용하고 있던 어성초 제품이랑 어떤 점이 다른지비교해보고 싶어서 오늘드림으로 바로 구매했어요.1. 토너 함량 : 수분초 = 어성초2. 피부 각질 : 어성초 < 수분초3. 피부 수분 : 어성초 < 수분초4. 피부 자극 : 어성초 = 수분초5. 피부 진정 : 수분초 < 어성초6. 패드 두께 : 어성초 < 수분초7. 패드 크기 : 어성초 < 수분초3일 정도 사용해봤는데 정확한 비교를 하기 위해서 아침에는 어성초저녁에는 수분초 이렇게 사용을 해봤어요.피부 진정에는 확실히 수분초보다는 어성초가 효과가 더 좋았고반대로 수분감은 어성초보다 수분초가 사용 후 조금 더 촉촉했어요.두 제품의 차이가 그렇게 크지는 않았지만 약간 다르기는 하더라고요.제가 손등에 수분초, 어성초, 소나무 시카 순으로 테스를 해봤는데사진을 자세히 보시면 손등 피부가 조금씩 달라요.(정확한 비교를 위해 같은 날 시간차를 두고 테스트를 했어요.)사진을 보시면 피부의 수분감은 수분초랑 소나무가~피부 진정은 확실히 어성초가 조금 더 좋아요!!패드의 크기는 어성초 < 수분초 < 소나무 순으로 소나무가 제일 커요.그래서 원하는 용도에 맞게 선택해서 구매하시면 될 거 같아요.",,,https://image.oliveyoung.co.kr/uploads/images/gdasEditor/2022/07/07/1657175186202.png?QT=85&SF=webp
아비브 수분초 히알루론 패드 하이드레이팅 터치,강아지사진도둑,건성,여름쿨톤,민감성,트러블,5점만점에 5점,2022.06.28,"순하고 보습력 뛰어난 스킨패드 찾는 분들은 아비브 수분초 패드입니다💧제가 사용하는 다른 수분 패드에는 웰라* 블루 패드가 있는데 웰라* 제품은 얼굴 전체 스킨팩, 아비브 제품은 닦토+부분적인 수분 충전팩으로 좋아요.🔹지금까지 나온 아비브 패드 제품 중에 보습력이 가장 뛰어나요. 악건성인 제 피부에 가장 적합했던 패드입니다. 어성초 패드와 유자 패드는 진정과 미백에는 좋았는데 보습력이 조금 부족했던 게 아쉬웠는데 수분초 패드는 정말정말 수분감+보습력 최고예요. 🔹에센스 양은 넉넉해요. 사진 보시면 에센스 거품이 패드 위에 잔뜩 올라간 정도예요. 패드를 살짝 누르기만 해도 에센스가 푹 적셔져요. 피부에 올려놓았을 때 사진과 같은 밀착력이 있어요. 착 달라붙어요.🔹보습력이 어느 정도냐면 사용한 후에 한 시간을 둬 봤어요. 그런데 패드에 수분감은 말라가는 게 맞는데 보습감은 남아있었어요. 물기는 날아가도 패드가 온전히 마르지 않아서 놀랐어요. 🔹그래서 이마에 붙이고 30분을 있어봤는데 역시나 보습감 때문에 피부가 안 마르고 촉촉하게 보습이 남아있었어요.🔹지름이 6cm인 패드예요. 요새 나오는 다른 패드 지름이 8cm 이상인 제품이 많은 걸 고려하면 패드 크기가 작아요. 패드 에센스가 너무너무 좋아서 스킨팩으로 좋은데 패드 크기가 작아서 아쉬워요. 특히나 아비브 다른 패드 제품보다 수분감 보습감 확실해서 여름뿐만 아니라 다른 계절에도 좋을 것 같은데 패드가 작아서 얼굴 전체에 붙이려면 최소 6장이라 가격 대비 좀 아쉬워요. 🔹한 면은 엠보면, 한 면은 부드러운 면인 듀얼 패드입니다. 기존 아비브 패드 제품이랑 같은 패드예요.🔹조금 아쉬운 부분은 역시 에센스와 패드의 궁합이에요. 이 패드 자체도 정말 좋지만 스킨팩으로 좋은데 엠보면이 있어서 스킨팩보다 닦토에 적합한 패드인 것 같아요. 🔹처음에 이렇게 양 많은 토너패드는 집게가 있어야 편한데 왜 없지 라는 생각을 했는데 실링을 뜯으니까 집게와 이중덮개가 있더라고요. 집게와 이중덮개가 없는 제품이 플라스틱 쓰레기가 덜 나오기는 하지만 토너패드에 이물질도 안 들어가고 안 마르게 쓰려면 덮개가 있는 게 좋더라고요. 🔹총 75매로 상당히 대용량이에요. 하루에 두세 장씩 사용한다고 하면 한 달 족히 사용할 수 있는 양이에요. 🔹아비브 디자인은 볼 때마다 정말 깔끔하고 예쁜 것 같아요. 색감도 독특한데 보기에도 편하고 군더더기가 없어요. 이번 수분초 라인은 옥색이 섞인 하늘색인데 조약돌 같고 예뻐요.🔹신제품이라 그런지 유통기한이 2025년 5월까지인 제품을 받았어요. 최근 구매한 화장품 중에 2025년까지인 제품은 처음 봤어요ㅋㅋㅋ 넉넉했습니다",,,https://image.oliveyoung.co.kr/uploads/images/gdasEditor/2022/06/28/1656383830341.png?QT=85&SF=webp
아비브 수분초 히알루론 패드 하이드레이팅 터치,mybl****,,,,,5점만점에 5점,2025.06.02,10매까지 추가로 증정해줘서 총 85매인데 이 가격이라 가성비입니다,,,
아비브 수분초 히알루론 패드 하이드레이팅 터치,hha****,,,,,5점만점에 5점,2025.06.01,닥토용으로 주로 사용하고 있어요. 세안후에 슥슥 닦으면 남아있는 클렌징 잔여물까지 없어지는 느낌입니다. 여름에는 한통을 냉장고에 넣어두고 집에 와서 양볼에 붙이고 열 내릴때 사용하려구요~,한달이상사용,첫 리뷰 작성 후 30일 동안 사용 후 작성하신 리뷰입니다.,
아비브 수분초 히알루론 패드 하이드레이팅 터치,ganiga****,,,,,5점만점에 5점,2025.05.31,아침에 세안 후 에센스 대용으로 잘 사용하고 있는데 이번에  구매 제품은 크기가 좀 작아진것 같은데 내 착각인건지..,재구매,2회 이상 구매한 상품에 대한 리뷰입니다.,
아비브 수분초 히알루론 패드 하이드레이팅 터치,kelly****,,,,,5점만점에 5점,2025.05.31,기획으 로 저렴하게 구입했어요 아비브 다른 라인도 써봤는데 이게 자극적이지 않고 좋아요,,,
아비브 수분초 히알루론 패드 하이드레이팅 터치,altmx****,,,,,5점만점에 4점,2025.05.23,남들이 하아루롤산 히아루롤산 하기에 구매해 봤어요 세안후 붙이면 촉촉하니 좋네요,한달이상사용,첫 리뷰 작성 후 30일 동안 사용 후 작성하신 리뷰입니다.,
