product_name,id,tag,tag 2,tag 3,point_flag,more_msg,point,date,ico_offlineStore,txt,txt 2,txt 3,txt_inner,num,tag 4,txt_beauty
아벤느 오떼르말 미스트,꽤궁핍한편,지성,가을웜톤,트러블,한달이상사용,첫 리뷰 작성 후 30일 동안 사용 후 작성하신 리뷰입니다.,5점만점에 5점,2025.05.17,매장,건성에 좋아요,보습에 좋아요,자극없이 순해요,여러 가지 미스트 많이 써봤지만 가장 좋은 미스트가격은 단점뿐… 작은 사이즈는 들고 다니기에도 편했어요이 미스트 사용할 때 흔들면 안돼요 더 안 나옴!!!,1,,
아벤느 오떼르말 미스트,미미미유,건성,봄웜톤,모공,한달이상사용,첫 리뷰 작성 후 30일 동안 사용 후 작성하신 리뷰입니다.,5점만점에 5점,2025.07.09,,건성에 좋아요,보습에 좋아요,자극없이 순해요,분사력이나 촉촉함이 아주 맘에 듭니다! 겨울철이나 여름철에 건조할 때 뿌리기 딱 좋은 미스트,0,민감성,
아벤느 오떼르말 미스트,미미미유,건성,봄웜톤,모공,,,5점만점에 5점,2025.06.09,,건성에 좋아요,보습에 좋아요,자극없이 순해요,유튜브에서 추천하길래 사봤는데 시원하고 촉촉한 사용감이 좋아서 재구매햇슴당,1,민감성,
아벤느 오떼르말 미스트,bboya46,,,,한달이상사용,첫 리뷰 작성 후 30일 동안 사용 후 작성하신 리뷰입니다.,5점만점에 4점,2025.06.19,매장,복합성에 좋아요,진정에 좋아요,보통이에요,오떼르말 이 분사력을 따라올 제품이 없네요. 가볍고 시원해요.,0,,
아벤느 오떼르말 미스트,히히케케ㅔ,민감성,쿨톤,다크서클,,,5점만점에 5점,2025.05.18,매장,복합성에 좋아요,보습에 좋아요,자극없이 순해요,아벤느 오떼르말은 뭐 이미 너무 유명템이죠 집에서 제일 큰통 쟁여놓고 쓰다가 미니백에 넣고 다닐 용도로 구매했습니다! 역시 좋습니당,1,민감성,
아벤느 오떼르말 미스트,latteIceeeee,복합성,잡티,,한달이상사용,첫 리뷰 작성 후 30일 동안 사용 후 작성하신 리뷰입니다.,5점만점에 5점,2025.07.09,매장,복합성에 좋아요,진정에 좋아요,보통이에요,정말 말해 뭐합니까 지금같은 무더운 날씨에 얼굴에 홍조가 장난아니에요 열이 어누 많이 받아서 먀시간마다 진짜 열냐리기 바쁘네요 저번달부터 갑다기 더워져서 진짜 감당이 안되더라구요 얼굴에 열감이 진짜 하루종일 가큰것 같아서 내려야되는 상황이 자주 발생하더라구요 저는 먀번 사용을 늘 햇지만 점점 사용감이 더 많아지는갓 같아요 결국엔 날씨가 한몫을 하눈걸 같긴한데 건조하지 않지만 늘 수분감를 주려고 소지허고 다니면서 먀시간 얼굴에 분사를 햇는데 저는 촉촉한 늨김도 잏도 해허 좋더라구요 그래서 늘 꾸준히 사용을 햐놨흡니다 올해 역대급으로 자주 사용하는걸 같은데 룃수가 점점 늘어가는것 같네요 안에사보다 밖에 잇을때 더더욱 필뇨한것 같아서 닥은 제품르로 구입을 햇습니다 사이즈별로 잇어서 진짜 좋은것 같더라구요 소지하고 다니기 좋아요,0,,
아벤느 오떼르말 미스트,한태산약혼녀,건성,각질,민감성,재구매,2회 이상 구매한 상품에 대한 리뷰입니다.,5점만점에 5점,2025.06.08,,복합성에 좋아요,진정에 좋아요,보통이에요,쿨링에도 효과 좋고 촉촉하게 미스트 가볍게 뿌릴 수 있어서 좋아요,1,,"※ 해당 리뷰는 원칙적으로 기본 상품이 동일한 단품 사용 후 작성된 것이며,개별 상품에 따라 용량 내지 일부 구성(1+1, 기획상품 등)이 상이할 수 있음을 안내드립니다."
아벤느 오떼르말 미스트,shyblue,복합성,가을웜톤,각질,한달이상사용,첫 리뷰 작성 후 30일 동안 사용 후 작성하신 리뷰입니다.,5점만점에 5점,2025.05.11,매장,건성에 좋아요,보습에 좋아요,자극없이 순해요,가방에 넣고다니기 좋고 씻고 나오자마자 뿌려두면 좋아요!,1,모공,
아벤느 오떼르말 미스트,로렌5,복합성,잡티,탄력,,,5점만점에 5점,2025.05.21,매장,건성에 좋아요,보습에 좋아요,자극없이 순해요,미니사이즈를 찾다가 이민한게 없어서 갖고다니는데 정말 휴대하기에 딱 좋은 사이즈라 다른것보다 더 챙겨 뿌리게 되요 마음까지 개운해지는 미스트 유명한제픔이라 말안해도 아실듯 분사는 생각보다 굵은 느낌이랄까(?) 정샘물보다 미세하지못해요,1,,
아벤느 오떼르말 미스트,coco012,,,,,,5점만점에 5점,2025.07.01,,건성에 좋아요,보습에 좋아요,자극없이 순해요,배송 항상 빠르고 좋구요 피부진정에는 오떼르말만한게 없어서 써요,1,,
아벤느 오떼르말 미스트,꾸아욤,,,,한달이상사용,첫 리뷰 작성 후 30일 동안 사용 후 작성하신 리뷰입니다.,5점만점에 5점,2025.07.08,,복합성에 좋아요,보습에 좋아요,자극없이 순해요,"처음 사용한 이후로 벌써 몇 년째 지속적으로 사용중인 아벤느 오떼르말 미스트아직까지 성분이 더 좋다거나 분사력이 더 좋은 미스트를 찾지 못했고, 여름에도 겨울에도 4계절 내내 사용해도 부담이 없어서 꾸준히 사용하고 있어요. 피부에 자극없이 순하고, 흡수력이 좋다고 생각하는 편입니다. 한 곳에만 집중적으로 분사되는 것이 아닐 골고루 잘 퍼져서 좋아요. 전 50ml는 휴대성이 좋아 이동할 때나 여행갈 때 주로 사용하고, 300ml는 집에서 항상 쓰고 있어요. 특히 대용량은 용량이 어마어마해서 한 번 구매하면 꽤 오랫동안 사용할 수 있습니다. 올리브영 세일 때 1+1 하고 있길래, 마침 쟁여놨던 걸 다 써가서 바로 주문했습니다. 워낙 유명한 제품이라 미스트 고민중이신 분들께 추천드려요!",0,,
아벤느 오떼르말 미스트,리바이굴복시키기,건성,겨울쿨톤,미백,한달이상사용,첫 리뷰 작성 후 30일 동안 사용 후 작성하신 리뷰입니다.,5점만점에 3점,2025.06.04,매장,지성에 좋아요,진정에 좋아요,자극없이 순해요,음.. ㅓ... 왜 쓰지 물인데.. 싶은 템다만 헬스장 가서 운동할 때 땀 많이 나고 열실컷 오를 때 얼굴 열 미스트 뿌려야하는데시중 미스트는 전 ingredients (단어가 기억이 안나요ㅈㅅ.... 해외파라) 가 너무 많아서 땀 유분이랑 뒤엉키면서 더 무겁고 찝찝하고 트러블일으킬 것만같아서 그냥 운동할 때 계속 옆에 두고 뿌리는용도론 아주 그냥 쵝오. 그래서 재구매 의사 있음.,0,주름,
아벤느 오떼르말 미스트,borum****,,,,,,5점만점에 5점,2025.07.09,,건성에 좋아요,보습에 좋아요,자극없이 순해요,향도 거의 없고 순하고 안개분사되서 자주 사용하는 미스트예요,0,,
아벤느 오떼르말 미스트,김꽁케,복합성,가을웜톤,다크서클,,,5점만점에 5점,2025.06.04,매장,복합성에 좋아요,진정에 좋아요,자극없이 순해요,친구 추천 받아 샀는데 너무 좋아요! 뿌리면 피부가 부드러워지는게 바로 느껴지고 요즘 햇빛이 쎄서 팔에 자꾸 뭐가 나는게 스트레스였는데 야외활동하고 팔에 한번 뿌려주면 싹 진정되더라고요 큰 걸로도 이미 하나 쟁였습니다. 자극없이 완전 순해서 민감성 분들 추천드려요 ☺️,0,모공,
아벤느 오떼르말 미스트,혠닌니,,,,,,5점만점에 5점,2025.07.06,매장,건성에 좋아요,보습에 좋아요,자극없이 순해요,비행기 기내에서 사용하려고 구메했어요 만족해요 시원하고 좋아요,0,,
아벤느 오떼르말 미스트,Camilla,지성,가을웜톤,블랙헤드,한달이상사용,첫 리뷰 작성 후 30일 동안 사용 후 작성하신 리뷰입니다.,5점만점에 5점,2025.07.04,매장,복합성에 좋아요,진정에 좋아요,자극없이 순해요,여름에 너무 시원하게 분사할 수 있어서 좋습니다 트러블도 안 나고 매번 이 제품을 사용하고 있어요,0,피지과다,
아벤느 오떼르말 미스트,wjdgn****,,,,,,5점만점에 5점,2025.07.01,,복합성에 좋아요,보습에 좋아요,자극없이 순해요,완전 대용량이라 아낌없이 사용하고 있습니다!!! 촉촉해서 퍼프에 듬뿍 뿌려주고 있오요,0,,"※ 해당 리뷰는 원칙적으로 기본 상품이 동일한 단품 사용 후 작성된 것이며,개별 상품에 따라 용량 내지 일부 구성(1+1, 기획상품 등)이 상이할 수 있음을 안내드립니다."
아벤느 오떼르말 미스트,rla****,,,,재구매,2회 이상 구매한 상품에 대한 리뷰입니다.,5점만점에 5점,2025.06.28,,복합성에 좋아요,보습에 좋아요,자극없이 순해요,미스트 중에서도 분사력도 좋고 촉촉해요사이즈도 휴대하기좋아요,0,,
아벤느 오떼르말 미스트,꾸아욤,,,,,,5점만점에 5점,2025.06.05,,복합성에 좋아요,보습에 좋아요,자극없이 순해요,"처음 사용한 이후로 벌써 몇 년째 지속적으로 사용중인 아벤느 오떼르말 미스트아직까지 성분이 더 좋다거나 분사력이 더 좋은 미스트를 찾지 못했고, 여름에도 겨울에도 4계절 내내 사용해도 부담이 없어서 꾸준히 사용하고 있어요. 피부에 자극없이 순하고, 흡수력이 좋다고 생각하는 편입니다. 한 곳에만 집중적으로 분사되는 것이 아닐 골고루 잘 퍼져서 좋아요. 전 50ml는 휴대성이 좋아 이동할 때나 여행갈 때 주로 사용하고, 300ml는 집에서 항상 쓰고 있어요. 특히 대용량은 용량이 어마어마해서 한 번 구매하면 꽤 오랫동안 사용할 수 있습니다. 올리브영 세일 때 1+1 하고 있길래, 마침 쟁여놨던 걸 다 써가서 바로 주문했습니다. 워낙 유명한 제품이라 미스트 고민중이신 분들께 추천드려요!",0,,
아벤느 오떼르말 미스트,minimiz,민감성,여름쿨톤,모공,,,5점만점에 4점,2025.07.01,,건성에 좋아요,보습에 좋아요,자극없이 순해요,작은 가방 들고나갈때도 쏙 하고휴대하기 편해서 좋습니다👏🏾다만 너무 빨리쓰게됌ㅠ 오래가는 촉촉은 아니고일시적인 쿨링미스크에 가까워요,0,미백,
아벤느 오떼르말 미스트,Kancho0o0,,,,,,5점만점에 5점,2025.07.03,,복합성에 좋아요,진정에 좋아요,보통이에요,분사력도 만족스럽고 그냥 아무때나 무난하게 뿌릴수 있어서 좋아염,0,,"※ 해당 리뷰는 원칙적으로 기본 상품이 동일한 단품 사용 후 작성된 것이며,개별 상품에 따라 용량 내지 일부 구성(1+1, 기획상품 등)이 상이할 수 있음을 안내드립니다."
아벤느 오떼르말 미스트,lsm****,,,,,,5점만점에 5점,2025.06.20,매장,복합성에 좋아요,진정에 좋아요,자극없이 순해요,안개분사라서 얼굴전체에 골게 분사 되고 수분감도 좋아요!,0,,
아벤느 오떼르말 미스트,siam****,,,,,,5점만점에 5점,2025.06.12,,복합성에 좋아요,진정에 좋아요,보통이에요,휴대하기 좋은 아담한 사이즈라 좋습니다. 뽀송하고 촉촉한 느낌,0,,
아벤느 오떼르말 미스트,yeon****,,,,,,5점만점에 5점,2025.06.11,,복합성에 좋아요,보습에 좋아요,자극없이 순해요,촉촉하고 좋아요 다만 제가 처음에 살짝 가까이서 뿌렸더니 좀 아프긴한데 그거 빼고는 괜찮은것 같아요,0,,"※ 해당 리뷰는 원칙적으로 기본 상품이 동일한 단품 사용 후 작성된 것이며,개별 상품에 따라 용량 내지 일부 구성(1+1, 기획상품 등)이 상이할 수 있음을 안내드립니다."
아벤느 오떼르말 미스트,d차차b,,,,한달이상사용,첫 리뷰 작성 후 30일 동안 사용 후 작성하신 리뷰입니다.,5점만점에 5점,2025.05.25,,건성에 좋아요,보습에 좋아요,자극없이 순해요,차량과 가방에 휴대하여 수시로 사용하기 좋아요.^^분무형태가 미세하여 골고루 적절히 닿는 느낌도 좋아요.^^,0,,
아벤느 오떼르말 미스트,tlsghk****,복합성,여름쿨톤,,재구매,2회 이상 구매한 상품에 대한 리뷰입니다.,5점만점에 5점,2025.07.08,,복합성에 좋아요,진정에 좋아요,자극없이 순해요,좋아요 촉촉하고 진정도 잘돼요~ 뿌리면 시원해요~ 많이 비워낸 공병템~,0,,
아벤느 오떼르말 미스트,노지우,건성,여름쿨톤,각질,한달이상사용,첫 리뷰 작성 후 30일 동안 사용 후 작성하신 리뷰입니다.,5점만점에 5점,2025.06.27,,건성에 좋아요,보습에 좋아요,자극없이 순해요,세수하자 마자수준보충용으로 쓰는데 너무 돟아요 강추합니다,0,다크서클,"※ 해당 리뷰는 원칙적으로 기본 상품이 동일한 단품 사용 후 작성된 것이며,개별 상품에 따라 용량 내지 일부 구성(1+1, 기획상품 등)이 상이할 수 있음을 안내드립니다."
아벤느 오떼르말 미스트,유닝유닝,건성,여름쿨톤,모공,,,5점만점에 5점,2025.06.20,매장,건성에 좋아요,보습에 좋아요,자극없이 순해요,곧 여행가는데 비행기 안에서 사용하려고 구매했어요! 사이즈도 딱이에요,0,주름,
아벤느 오떼르말 미스트,하이룽나나,건성,웜톤,민감성,한달이상사용,첫 리뷰 작성 후 30일 동안 사용 후 작성하신 리뷰입니다.,5점만점에 5점,2025.06.10,,건성에 좋아요,보습에 좋아요,자극없이 순해요,아벤느 미스트 제일 쓰기 편해서 좋아요 가격이 좀 잇긴 하지만 조아요,0,잡티,
아벤느 오떼르말 미스트,강치치치,민감성,웜톤,다크서클,,,5점만점에 5점,2025.06.10,매장,복합성에 좋아요,진정에 좋아요,보통이에요,집에선 왕큰 미스트 쓰고 작은걸루 들고 다니려규 샀어요 좋아요,0,모공,
아벤느 오떼르말 미스트,ye****,,,,,,5점만점에 5점,2025.05.31,매장,복합성에 좋아요,진정에 좋아요,보통이에요,이거 이제 3통 째인데 작아서 휴대하기도 좋고 다른 브랜드 제품은 트러블이 올라왔는데 이 제품은 너무 순해서 조아요,0,,
아벤느 오떼르말 미스트,치오랑,,,,,,5점만점에 5점,2025.05.21,,복합성에 좋아요,진정에 좋아요,자극없이 순해요,가방에 넣고 다니려고 샀는데 조금 작긴하지만 휴대하기 좋아요,0,,
아벤느 오떼르말 미스트,해앰,지성,쿨톤,모공,한달이상사용,첫 리뷰 작성 후 30일 동안 사용 후 작성하신 리뷰입니다.,5점만점에 5점,2025.06.14,,건성에 좋아요,보습에 좋아요,자극없이 순해요,자극없이 순해서 세수하고 바로 뿌리면 너무 촉촉하고 좋아요,0,민감성,
아벤느 오떼르말 미스트,에스터크,,,,한달이상사용,첫 리뷰 작성 후 30일 동안 사용 후 작성하신 리뷰입니다.,5점만점에 3점,2025.06.10,매장,복합성에 좋아요,보습에 좋아요,보통이에요,양이 작긴 한데 정말 눈 깜짝할새에 다 쓰네요보습효과는 안하는 것보다는 나은정도..?,0,,
아벤느 오떼르말 미스트,형지뵤,,,,한달이상사용,첫 리뷰 작성 후 30일 동안 사용 후 작성하신 리뷰입니다.,5점만점에 5점,2025.07.04,매장,건성에 좋아요,보습에 좋아요,보통이에요,촉촉하구 조음요 여름에 쓰려고 삿는데 블프때사서 개 쌌음 너무 조음,0,,
아벤느 오떼르말 미스트,과카몰맄,건성,가을웜톤,각질,한달이상사용,첫 리뷰 작성 후 30일 동안 사용 후 작성하신 리뷰입니다.,5점만점에 5점,2024.12.27,,건성에 좋아요,보습에 좋아요,자극없이 순해요,"집에서만 쓸꺼라서 아예 큰 통으로 샀어요 샤워 직 후, 얼굴이 건조할 때 사용할려고 구매했는데 정말 잘 쓰고 있어요. 크기만 다르지 해당 제품 미스트 쓰면서 얼굴이 난리나거나, 향에 문제가 있다거나, 분사력이 아쉽다거나 하지는 않아요. 크기 다른 걸로도 살까 생각중입니다!",0,민감성,"※ 해당 리뷰는 원칙적으로 기본 상품이 동일한 단품 사용 후 작성된 것이며,개별 상품에 따라 용량 내지 일부 구성(1+1, 기획상품 등)이 상이할 수 있음을 안내드립니다."
아벤느 오떼르말 미스트,과카몰맄,건성,가을웜톤,각질,,,5점만점에 5점,2024.11.09,,건성에 좋아요,보습에 좋아요,자극없이 순해요,"➖집에서 사용할 목적으로 큰 대용량으로 주문했어요! 용량은 다르지만, 과거 아벤느 미스트 사용했는데 민감한 제 피부에도 문제없이 잘 사용했어서 재주문 했어요! 얼굴 말고도 다른 피부에 사용해도 좋고, 마무리감도 좋았어요. 향도 없었어구요. 다만, 미스트라서 즉각적인 일시적인 수분충족이 되는거라서 얼굴 피부가 막 촉촉해지는 건 아닙니다!",0,민감성,"※ 해당 리뷰는 원칙적으로 기본 상품이 동일한 단품 사용 후 작성된 것이며,개별 상품에 따라 용량 내지 일부 구성(1+1, 기획상품 등)이 상이할 수 있음을 안내드립니다."
아벤느 오떼르말 미스트,정율리,민감성,가을웜톤,모공,,,5점만점에 5점,2024.01.29,,복합성에 좋아요,진정에 좋아요,자극없이 순해요,얘 없으면 아무것도 못함세안하고나서 뿌리고 메컵 하기전에 뿌리고수정화장 할때도 뿌리고 쿠션퍼프에 뿌려서 팡팡 두들기면 거짓말처럼 잘 먹음 이벤트로 기획특가 나오면 항상 쟁임템특히 물 먹여서 써야하는 도톰한 스펀지템이랑 궁합이 잘 맞음,2,민감성,"※ 해당 리뷰는 원칙적으로 기본 상품이 동일한 단품 사용 후 작성된 것이며,개별 상품에 따라 용량 내지 일부 구성(1+1, 기획상품 등)이 상이할 수 있음을 안내드립니다."
아벤느 오떼르말 미스트,지이이이잉,트러블성,쿨톤,모공,한달이상사용,첫 리뷰 작성 후 30일 동안 사용 후 작성하신 리뷰입니다.,5점만점에 5점,2023.04.28,,복합성에 좋아요,진정에 좋아요,자극없이 순해요,"세안 후 스킨케어 전 단계에서 항상 뿌려주고 있습니다!!대용량 할인할때 사놓고 쓰면 짱이에요!! ✔️분사력 : 넓은 범위에 미세분사✔️피부 열감 내리고, 진정,수분감 충전에도움✔️무향+ 피부 화장할때, 스펀지에 살짝 미스트 뿌려서 적셔주고 팩트나 파운데이션 바르면 화장 잘먹어요❤️‍🔥",0,민감성,"※ 해당 리뷰는 원칙적으로 기본 상품이 동일한 단품 사용 후 작성된 것이며,개별 상품에 따라 용량 내지 일부 구성(1+1, 기획상품 등)이 상이할 수 있음을 안내드립니다."
아벤느 오떼르말 미스트,dbfla1427,복합성,여름쿨톤,잡티,,,5점만점에 5점,2023.01.04,,복합성에 좋아요,진정에 좋아요,자극없이 순해요,항상 쟁여두고 쓰는제품♡아침에 닥토는 피부에 자극을 줄 수 있다하여 미스트로 스킨대신 사용하는데 진짜 좋아요!아침에 착 뿌려주면 시원해서 잠도 깨고 향도 무향에 순해서 가볍게 쓰기도 좋아용흡수도 빠르고 분사력도 안개분사 느낌이라 고르게 분사되고 약간 쿨링감두 느껴져요!용량도 짐승용량이라 바디미스트로도 딱이라 저는 바디 얼굴 구분없이 잘 사용중이에요다만 단점이 케이스 자체도 좀 묵직해서 그런지 가끔 무겁게 느껴지더라구요ㅜㅜ그래도 그런 단점 다 용서 될 정도로 좋은제품이에요♡,1,,"※ 해당 리뷰는 원칙적으로 기본 상품이 동일한 단품 사용 후 작성된 것이며,개별 상품에 따라 용량 내지 일부 구성(1+1, 기획상품 등)이 상이할 수 있음을 안내드립니다."
아벤느 오떼르말 미스트,김깜,건성,가을웜톤,모공,,,5점만점에 3점,2022.12.20,매장,복합성에 좋아요,진정에 좋아요,보통이에요,"2022년 10월 구매🧾13,000 (리뷰 당일 13,000)전 미세분사 미스트 좋아하는데 이건 미세분사는 아니라 아쉬웠어요. 개인적으로 차앤박 미스트 분사력을 좋아해요! 흡수는 빠르게되는데 즉각 수분충전 느낌은 부족하다고 느꼈어요. 재구매는 안 할거에요",2,미백,"※ 해당 리뷰는 원칙적으로 기본 상품이 동일한 단품 사용 후 작성된 것이며,개별 상품에 따라 용량 내지 일부 구성(1+1, 기획상품 등)이 상이할 수 있음을 안내드립니다."
아벤느 오떼르말 미스트,울히,지성,쿨톤,모공,한달이상사용,첫 리뷰 작성 후 30일 동안 사용 후 작성하신 리뷰입니다.,5점만점에 5점,2022.12.19,,복합성에 좋아요,보습에 좋아요,자극없이 순해요,"🙋‍♀️ 20대 초반, 지성이 제품은 샘플로 받아보고 본제품까지 구매하게 된 제품이에요 :)💛 우선 왼쪽이 본품, 오른쪽이 샘플로 사용하던 제품이에요. 본품은 사이즈가 엄청나게 커요. 휴대는 절대 할 수없어요 🙈 손이 작고 힘이 없는편이라 한손으로 뿌리는것조차 어렵더라구요.💚 분사력은 좋아요. 안개분사이지만 부분적으로 뭉치는 곳도 있었던 거 같아요 🤔 굉장히 가볍고 흡수력이 높지만 수분감은 적당히 채워줘요. 세안 직후나 시트 마스크팩을 할 때 주로 사용하는데 만족스러운 수분감 이였어요. 건성분들에게는 수분감이 부족할 수도 있을 거 같아요.유분감이 거의 없는 제품이라 마무리감이 아주 깔끔합니다 :) 지성분들에게 추천드리는 미스트에요.도움이 되셨다면 👍 부탁드립니다~!",0,피지과다,"※ 해당 리뷰는 원칙적으로 기본 상품이 동일한 단품 사용 후 작성된 것이며,개별 상품에 따라 용량 내지 일부 구성(1+1, 기획상품 등)이 상이할 수 있음을 안내드립니다."
아벤느 오떼르말 미스트,미융쨩,건성,여름쿨톤,다크서클,,,5점만점에 5점,2022.12.18,매장,건성에 좋아요,진정에 좋아요,자극없이 순해요,"💗 상품명 💗아벤느 오떼르말 더블 기획☁️피부타입 : 악건성, 예민한 피부💙퍼스널컬러 : 쿨톤 라이트, 봄웜아벤느 미스트는 너무나도 기본템이고 무난해서 좋아요.ᐟ 원래도 사용했는데 밖에서 건조함을 너무 느껴서 휴대용으로 더블기획을 구매했습니다 .ᐟ 역시나 휴대하기 좋고 안개분사라 시원해서 쿨링감도 가득합니다 .ᐟ 아벤느 오떼르말은 토너 대용으로 팩 전에 사용해도 좋고 건조할 때 수시로 뿌려주기 너무 좋은 아이템인 것 같아요. 주변 지인에게도 추천했는데 워낙 순해서 민감성도 무난하게 사용할 수 있답니다 👍 아무래도 온천수다 보니까 더욱 더 순한 것 같아요. 전 더모 중에 미스트는 아벤느가 제일 무난하고 좋은 것 같습니다😆제 리뷰가 도움이 되셨다면 👍 한 번씩만 눌러주시면 감사하겠습니다 🙇🏻‍♀️",0,민감성,"※ 해당 리뷰는 원칙적으로 기본 상품이 동일한 단품 사용 후 작성된 것이며,개별 상품에 따라 용량 내지 일부 구성(1+1, 기획상품 등)이 상이할 수 있음을 안내드립니다."
아벤느 오떼르말 미스트,김콩언니,건성,쿨톤,각질,한달이상사용,첫 리뷰 작성 후 30일 동안 사용 후 작성하신 리뷰입니다.,5점만점에 5점,2022.12.08,매장,복합성에 좋아요,보습에 좋아요,자극없이 순해요,건성 피부라 항상 보습에 신경써야 해서 미스트를 사용하고 있습니다. 아벤느 미스트는 너무 유명한 제품인데 저 또한 만족하며 잘 사용하고 있습니다.아벤느 미스트는 방부제가 들어있지 않은 100% 미네랄 온천수라 안심하고 사용하고 있습니다.분사하면 안개분사라 뭉쳐 뿌려지는거 없이 골고루 뿌려지고 메이크업 위에 뿌려도 줄줄 흐르거나 하지 않아 메이크업이 번지는것도 없어 좋습니다.얼굴에 바로 수분을 주는거라 시원하고 촉촉한 느낌입니다.세안이나 샤워하고 바로 화장실에서 뿌려 주면 기초제품 바르기 전까지 당기지 않아 화장실에도 아벤느 미스트 구비해 놓고 있습니다.겨울철에는 특히 공기가 건조한데 건조하게 느껴질때 마다 아벤느 미스트로 바로바로 수분을 공급해 주니 피부 관리에도 도움이 되는 듯 합니다.,0,모공,"※ 해당 리뷰는 원칙적으로 기본 상품이 동일한 단품 사용 후 작성된 것이며,개별 상품에 따라 용량 내지 일부 구성(1+1, 기획상품 등)이 상이할 수 있음을 안내드립니다."
아벤느 오떼르말 미스트,낭만냥이,중성,쿨톤,모공,한달이상사용,첫 리뷰 작성 후 30일 동안 사용 후 작성하신 리뷰입니다.,5점만점에 5점,2022.12.06,,복합성에 좋아요,진정에 좋아요,자극없이 순해요,요즘 사용하고 있는 미스트 제품들을 비교해봤어요.첫 번째 사진 : 아벤느 오떼르말두 번째 사진 : 닥*자르트 시카페어 페이셜 카밍 미스트세 번째 사진 : 에*테덤 셀룰러 워터 미스트▶ 가성비 : 에*테덤 < 닥*자르트 < 아벤느▶ 분사력 : 닥*자르트 < 아벤느 < 에*테덤▶ 수분감 : 아벤느 < 에*테덤 < 닥*자르트▶ 진  정 : 닥*자르트 < 아벤느 = 에*테덤▶ 만족도 : 닥*자르트 < 아벤느 < 에*테덤솔직히 전체적인 만족도는 에*테덤 제품이 제일 좋았어요.친한 지인분이 선물해줘서 이번에 처음으로 사용해봤는데 수분+진정이 동시에되는 제품이라서 그런지 미스트 사용 후 시간이 지나도 건조하지가 않더라고요.그래서 직접 구매하려고 가격을 알아봤는데 생각보다 많이 비싸더라고요. ㅠ.ㅠ용량에 비례해서 계산해보니까 가성비가 너무 별로라서 그냥 한번 사용해본 걸로만족하고 계속 아벤느 제품으로 사용할 생각이에요.,3,민감성,"※ 해당 리뷰는 원칙적으로 기본 상품이 동일한 단품 사용 후 작성된 것이며,개별 상품에 따라 용량 내지 일부 구성(1+1, 기획상품 등)이 상이할 수 있음을 안내드립니다."
아벤느 오떼르말 미스트,꼬께,민감성,,,한달이상사용,첫 리뷰 작성 후 30일 동안 사용 후 작성하신 리뷰입니다.,5점만점에 5점,2022.10.31,,복합성에 좋아요,진정에 좋아요,자극없이 순해요,"🔍 피부 타입: 수부지, 민감성♡ 진정에 도움되는 성분까지 들어간 미스트 다른 온천수 미스트들도 많이 사용해봤지만,붉은기가 가라앉는게 바로 눈에보이고 체감이 되는.ᐟ.ᐟ 피부가 예민하다고 느껴지거나 홍조 올라올때사용해주면 빠르게 진정되는걸 느낄수 있습니당 👊🏻👊🏻♡ 대용량 저는 세수 후 마무리 단계처럼 토너 사용 전에 이 미스트로얼굴을 한번 닦아줍니당 이외에도 진정이 필요할때 토너팩으로 사용하는 등수시로 사용하다보니까 대용량인 점이 너무 좋아요.ᐟ.ᐟ 수분 지속력이 긴 편은 아니라서 더욱 수시로 사용하게 되기때문에 금방 다 떨어져서 ㅜㅜ 대용량 최고입니당♡ 지속력수분감은 확실히 느껴지는 편이지만 흡수가 빠르고 지속력은 짧습니당 참고하세요.ᐟ .ᐟ 아무래도 보습 위주의 기능으로 나온건 아니라고 생각하기때문에 저는 지속력을 기대하고 구매한건 아니라서 괜찮았어용",0,,"※ 해당 리뷰는 원칙적으로 기본 상품이 동일한 단품 사용 후 작성된 것이며,개별 상품에 따라 용량 내지 일부 구성(1+1, 기획상품 등)이 상이할 수 있음을 안내드립니다."
아벤느 오떼르말 미스트,해맑다,지성,가을웜톤,민감성,한달이상사용,첫 리뷰 작성 후 30일 동안 사용 후 작성하신 리뷰입니다.,5점만점에 5점,2022.10.25,,건성에 좋아요,보습에 좋아요,자극없이 순해요,이렇게 세상 산뜻할수가..끈적임 하나 없이 엄청 가벼우면서수분감은 또 가득한 미스트네요👍🏻지성이라 유분기가 있는 미스트는 꺼려지는데 아벤느 오떼르말 미스트는 전혀 유분감이 느껴지지 않아 괜찮더라구요👏🏻아주 워터링해요! 따로 토너사용하지않아도 미스트 하나로도 충분히 스킨케어가능할정도로 수분감이 엄청 가득합니다.미스트 잘못사용하면 되려 더 건조할 수 있는데 아벤느 오떼르말은 건조함이 전혀 없더라구요ㅎㅎ다른미스트들에 비해 안개분사력으로 골고루 퍼지는게 사용감이 좋았어요! 미스트 사용방법도 가지가지 있지만 저는 그냥 미스트 뿌린후 손으로 토독토독 흡수시켜 사용하고있어요! 가만히 두니까 되려 더 당김이 있는거 같더라구요😂행사상품 세일할때 구매해서 엄청 싸게 얻었네용😄,1,아토피,"※ 해당 리뷰는 원칙적으로 기본 상품이 동일한 단품 사용 후 작성된 것이며,개별 상품에 따라 용량 내지 일부 구성(1+1, 기획상품 등)이 상이할 수 있음을 안내드립니다."
아벤느 오떼르말 미스트,올영빵이,민감성,여름쿨톤,각질,한달이상사용,첫 리뷰 작성 후 30일 동안 사용 후 작성하신 리뷰입니다.,5점만점에 5점,2022.10.24,,지성에 좋아요,진정에 좋아요,자극없이 순해요,"되게 가볍고 산뜻한 느낌 이에요 미스트 찾다가 유튜브에서 보고 샀는데 잘산거 같아요 무었보다 분사력이 미쳤어요 그전에 쓰던 미스트는 분사력이 약하고 흔들어 줘야했는데 이거는 흔들어서 쓰는 미스트가 아니라고 하네요 보습효과도 있고 산뜻하고 토너 대용으로 잘쓸거 같아요 무었보다 엄청 순합니다 얼굴에 뿌리다 보면 눈에도 들어가고 하는데 안 따갑더라고요 솔찍히 이정도 양에 이가격이면 괜찮은거 같아요 미스트 처음 사시는 분들에게 추천해요 물론 부피가 커서 가지고 다니기엔 무리가 있지만^^;; 다음번에는 휴대용 사이즈도 만들어 주셨으면 좋겠어요 추천합니다결론추천 모든피부에 적합하지만 가벼워서 지성분들이 잘쓰실수 있을거 같습니다비추천 없음+부피가 큼, 분사력 최강, 순함이상입니다 도움이 되셨다면 좋아요 한번만 눌러주세요 💗💗💗+토너팩처럼 쓰고있어요 얼굴 붉어졌을때 하면 조음",0,모공,"※ 해당 리뷰는 원칙적으로 기본 상품이 동일한 단품 사용 후 작성된 것이며,개별 상품에 따라 용량 내지 일부 구성(1+1, 기획상품 등)이 상이할 수 있음을 안내드립니다."
아벤느 오떼르말 미스트,충분히예뻐,약건성,웜톤,탄력,한달이상사용,첫 리뷰 작성 후 30일 동안 사용 후 작성하신 리뷰입니다.,5점만점에 4점,2022.10.22,매장,지성에 좋아요,진정에 좋아요,자극없이 순해요,뿌리는 수분 스프레이라 수시로 뿌려주기 좋아요특히 아침에 일어나자 마자. 세안후에.잠자기전에 등 뿌려주면 수분 촉촉한 피부를 갖을 수 있고요분사력과 흡수력은 좋습니다1+1 기획으로 가격대비 괜찮았고요큰용량으로 들어있어 오랫동안 사용가능합니다얼굴뿐아니라 바디에도 사용하면 좋아요단. 지속력은 짧고 건성피부엔 부적절합니다,0,,"※ 해당 리뷰는 원칙적으로 기본 상품이 동일한 단품 사용 후 작성된 것이며,개별 상품에 따라 용량 내지 일부 구성(1+1, 기획상품 등)이 상이할 수 있음을 안내드립니다."
아벤느 오떼르말 미스트,꼬께,민감성,,,,,5점만점에 5점,2022.10.01,,복합성에 좋아요,진정에 좋아요,자극없이 순해요,"🔍 피부 타입: 수부지, 민감성♡ 진정에 도움되는 성분까지 들어간 미스트 다른 온천수 미스트들도 많이 사용해봤지만,붉은기가 가라앉는게 바로 눈에보이고 체감이 되는.ᐟ.ᐟ 피부가 예민하다고 느껴지거나 홍조 올라올때사용해주면 빠르게 진정되는걸 느낄수 있습니당 👊🏻👊🏻♡ 대용량 저는 세수 후 마무리 단계처럼 토너 사용 전에 이 미스트로얼굴을 한번 닦아줍니당 이외에도 진정이 필요할때 토너팩으로 사용하는 등수시로 사용하다보니까 대용량인 점이 너무 좋아요.ᐟ.ᐟ 수분 지속력이 긴 편은 아니라서 더욱 수시로 사용하게 되기때문에 금방 다 떨어져서 ㅜㅜ 대용량 최고입니당♡ 지속력수분감은 확실히 느껴지는 편이지만 흡수가 빠르고 지속력은 짧습니당 참고하세요.ᐟ .ᐟ 아무래도 보습 위주의 기능으로 나온건 아니라고 생각하기때문에 저는 지속력을 기대하고 구매한건 아니라서 괜찮았어용",0,,"※ 해당 리뷰는 원칙적으로 기본 상품이 동일한 단품 사용 후 작성된 것이며,개별 상품에 따라 용량 내지 일부 구성(1+1, 기획상품 등)이 상이할 수 있음을 안내드립니다."
아벤느 오떼르말 미스트,lulululalalah,건성,가을웜톤,모공,한달이상사용,첫 리뷰 작성 후 30일 동안 사용 후 작성하신 리뷰입니다.,5점만점에 5점,2022.09.28,,건성에 좋아요,보습에 좋아요,자극없이 순해요,* 아벤느 오떼르말 미스트 저라 잘 맞아요 오랫동안사용하고 있어용!! 얼굴에 분사한 사진안개분사라 아예 안보여서 돗자리 사진이더 도움될 것 같아서 가져왔네용!* 일단 미스트는 수분미스트이고 무향무취입니당저는 헬스하고 샤워하고나와서 바고 얼굴에 뿌리구용머리 멀리고나서 한번더 뿌려줍니다!!오일미스트 등이 아니라서 보습이 오래가진 않아요지금은 집가서 크림발라주는데 날씨가 더 추워지고건조해지면 다른 오일미스트? 등 잠깐 쓰고봄에 다시 써주셔도 좋을 것 같아요!* 입자도 곱고 분사도 잘 되는 편이구용세수하고 스킨대신 쓰기도 좋습니당* 증정품으로 받은 돗자리도 잘 쓰고 있는데요크기는 사진에서 보는 크기로휴대하기 딱 좃은 크기에용다만 두사람 엉덩이붙이면 다른 공감은 전혀없네용ㅎㅎ그래도 만족합니닷!!,0,잡티,"※ 해당 리뷰는 원칙적으로 기본 상품이 동일한 단품 사용 후 작성된 것이며,개별 상품에 따라 용량 내지 일부 구성(1+1, 기획상품 등)이 상이할 수 있음을 안내드립니다."
아벤느 오떼르말 미스트,낭만냥이,중성,쿨톤,모공,,,5점만점에 5점,2022.09.21,,복합성에 좋아요,진정에 좋아요,자극없이 순해요,아벤느 오떼르말 미스트는 십 년 넘게 꾸준히 사용하고 있는 제품이에요.처음에는 미스트 용도로만 사용을 하다가~ 어느 날 토너가 딱 떨어져서토너 대용으로 사용을 해봤는데 피부 진정 효과가 너무 좋은 거예요!!그래서 그 뒤 미스트 용도보다는 토너로 더 많이 사용하고 있어요.▶ 사용방법- 흔들지 말고 그냥 사용하고 싶은 부위에 가볍게 분사한 후20~30초간 그대로 두었다가 부드럽게 흡수시켜주면 돼요.▶ 장점- 100% 천연 온천수- 가볍고 넓게 분사되는 부사력- 민감한 피부에도 안심하고 사용할 수 있음- 피부 진정 효과가 상당히 좋음- 얼굴뿐만 아니라 몸에도 사용이 가능- 유통기한이 상당히 긴 편이라서 대용량을 구매해도 좋음▶ 단점- 온천수 성분만 들어있기 때문에 생각보다 보습 효과가 많이 떨어짐▶ 비교첫 번째 사진 : 아벤느 오떼르말두 번째 사진 : 닥터*** 시카페어 페이셜 카밍 미스트(같은 양을 손등에 분사해서 비교해 봤어요.)- 분사력 : 닥터*** < 아벤느- 수분감 : 아벤느 < 닥터***- 진정효과 : 닥터*** < 아벤느사진을 보시면 아시겠지만 전체적으로 수분감은 닥터*** 제품이 더 좋았고피부 진정효과는 아벤느 제품이 확연히 눈에 띌 정도로 좋았어요.그래서 진정 위주의 미스트 제품을 찾으시는 분들께 꼭 추천드리고 싶어요!!,9,민감성,"※ 해당 리뷰는 원칙적으로 기본 상품이 동일한 단품 사용 후 작성된 것이며,개별 상품에 따라 용량 내지 일부 구성(1+1, 기획상품 등)이 상이할 수 있음을 안내드립니다."
아벤느 오떼르말 미스트,해맑다,지성,가을웜톤,민감성,,,5점만점에 4점,2022.09.20,,건성에 좋아요,보습에 좋아요,자극없이 순해요,지인 선물로 구매했어요!우선 지인은 극건성타입입니다.보통 미스트는 지성이신분들은 잘 안사용하죠~^^건성 타입분들이 많이 사용하는데요즘같이 마스크사용 때문에 그런지 지성이신분들도 피부당김때문에 사용하더라구요! 그중 아벤느 미스트는 모든피부타입이 쓰기에 적격이더라구요👍🏻유분감은 적고 수분감은 가득해서 사용감이 좋다고하더라구요! 패키지상품에 올리브영세일에 대용량이여서 회사랑 집에 두고 써도 부담이 없어서 좋은 거 같아요😄분사력도 피부 골고루 분포되어서 그런지 수분감이 어느한쪽에 쏠리지 않는게 좋습니다^^ㅋㅎ분사 후 방울이 살짝 맺힐 거에요! 솜으로 닦거나 가볍게 톡톡 두드려서 흡수시키면 됩니다! 주르륵 흐를정도로 분사하면 안돼요! 기존에 선크림이나 베이스가 지워질 수 있어요🤣,6,아토피,"※ 해당 리뷰는 원칙적으로 기본 상품이 동일한 단품 사용 후 작성된 것이며,개별 상품에 따라 용량 내지 일부 구성(1+1, 기획상품 등)이 상이할 수 있음을 안내드립니다."
아벤느 오떼르말 미스트,GGMU,지성,여름쿨톤,모공,,,5점만점에 5점,2022.09.20,,지성에 좋아요,진정에 좋아요,자극없이 순해요,토너겸 스킨팩으로 아주 잘 사용하고 있는 제품입니다 !!처음에는 그냥 온천수만 들어가있는 미스트여서 큰 기대 없이 세안 후 바로 뿌려주는 물미스트 용도로 구매하였는데 막상 사용해보니 진정효과에 아주 좋았습니다 !!스킨팩으로 꼭 사용해보시길 권합니다!!저는 지성피부인데 수분만 충전해주고 피부도 진정시켜주는 토너를 원했는데 이 제품이 그런 역할을 해줍니다ㅎㅎ화장솜이나 마스크 시트에 듬뿍 미스트를 적신다음 20분 이상 얼굴에 붙여주면 촉촉하고 진정된 피부를 만날수 있습니다~그리고 트러블 올라왔을 때 응급처치용으로도 괜찮고 피지가 꽉 찼을 때 불려주는 용으로 스킨팩 해주셔도 좋습니다!! 기대 이상으로 훨씬 좋고 유용한 미스트에요 ! 번외로 앞머리 드라이 할때 물 뿌려주는 용으로도 한번 씩 사용하고 있습니다 ㅋㅋ,1,민감성,"※ 해당 리뷰는 원칙적으로 기본 상품이 동일한 단품 사용 후 작성된 것이며,개별 상품에 따라 용량 내지 일부 구성(1+1, 기획상품 등)이 상이할 수 있음을 안내드립니다."
아벤느 오떼르말 미스트,과카몰맄,건성,웜톤,각질,한달이상사용,첫 리뷰 작성 후 30일 동안 사용 후 작성하신 리뷰입니다.,5점만점에 5점,2022.09.17,,건성에 좋아요,보습에 좋아요,자극없이 순해요,"🪐이 리뷰는 한달이상사용 후기입니나🪐🪐작성자 피부타입🪐✔️건성타입 ✔️약간의 민감성타입 🪐구매 이유🪐✔️개인적으로 미스트는 록시_땅, 아벤느 제품을 제일 좋아해요. 분사력, 수분보충이 진짜 저에겐 찰떡이거든요. ✔️분사력: 진짜 말해뭐해. 진짜 고르게 분사량은 적당하게 분사가 됩니다. ✔️성분: 성분도 알 사람들은 다 알죠!  이 제품을 사용하면서 한번도 피부가 문제 된 적 없었어요 (물론, 개인차 있어요) ✔️흡수력: 진짜 좋아요. 이게 흡수력도 좋은데 끈적임이 진심 진짜 1도 없어요.   ➖그래서 지복합성 피부여도 가볍게 사용하기  좋은 미스트라고 생각해요! ✔️50ml로 사는 이유  ➖ 대용량은 집에 나두는 용, 50ml은 휴대용으로 너무너무 좋아요. 여행용이든 외출할때도 가방에 쏙❗️들어가서 편해요.",0,민감성,"※ 해당 리뷰는 원칙적으로 기본 상품이 동일한 단품 사용 후 작성된 것이며,개별 상품에 따라 용량 내지 일부 구성(1+1, 기획상품 등)이 상이할 수 있음을 안내드립니다."
아벤느 오떼르말 미스트,김콩언니,건성,쿨톤,각질,,,5점만점에 5점,2022.09.15,매장,복합성에 좋아요,보습에 좋아요,자극없이 순해요,피부가 건성이기 때문에 미스트는 늘 옆에 두고 있습니다.피부 보습에 신경을 써야 해서 환절기나 겨울에는 주위가 건조한 느낌이 들 때에도 수시로 뿌려 주고 있습니다.제가 주로 사용하는 미스트는 유명한 아벤느 미스트입니다.아벤느 미스트는 안개 분사라고 하는데 얼굴에 가볍게 뿌려 져서 줄줄 흐르거나 하지 않기 때문에 메이크업 한 얼굴에 뿌려도 괜찮습니다.미스트를 뿌린 후 잘 흡수 시키라고 하는데 저는 뿌리고 그냥 두어도 건조한 느낌은 없었습니다.아침에 세수하고 바로 미스트 뿌려 주면 기초제품 바르기 전까지 당기지 않아 좋습니다.여름에 햇빛 받아 달아오른 피부에도 미스트 뿌리면 시원하고 열감도 줄어드는 듯 해서 여름에도 잘 사용하고 있습니다.올리브영에서 1 +1 행사를 해서 좋은 가격에 구입할 수 있고 이럴 때는 쟁여야 하는 아이템입니다.,1,모공,"※ 해당 리뷰는 원칙적으로 기본 상품이 동일한 단품 사용 후 작성된 것이며,개별 상품에 따라 용량 내지 일부 구성(1+1, 기획상품 등)이 상이할 수 있음을 안내드립니다."
아벤느 오떼르말 미스트,깐깐꼼꼼,복합성,봄웜톤,각질,,,5점만점에 5점,2022.09.04,,복합성에 좋아요,진정에 좋아요,자극없이 순해요,✔️ 구매이유 ✔️▶️ 평소 미스트를 잘 사용하지는 않지만 요즘 피부가 마스크 착용때문인지 수시로 건조하고 따끔거리는 느낌이 들어서 휴대하며 사용하기 좋을 미니 사이즈의 미스트를 구매하게 되었어요~🤗 미스트 중에서도 꽤 유명하고 후기도 괜찮은 제품이 아벤느 미스트여서 마침 휴대용 사이즈에 1+1 더블기획 제품이 있길래 냉큼 구매했답니다~😁 제조일자는 2021년 11월 22일로 최근 제조된 제품은 아니었지만 사용하는데 문제는 없어서 조금 아쉽지만괜찮았어요~😅✔️ 사용감 ✔️▶️ 먼저 미스트하면 분사력이 중요한 것 같아요~ 제가 구매한 제품이 미니 사이즈여서인지 모르겠지만 분사력이 그렇게 좋진 않더라고요~😢 얼굴에 골고루 분사되는 정도는 아니어서 한 번 사용하고 나면 분사 입구에 물이 줄줄 흘러 있더라고요~🤣 좀 더 큰 사이즈의 제품은 어떨지 모르겠지만 분사력이 많이 아쉽더라고요~😭 미스트를 사용하면서 분사력도 꽤 중요하더라고요~😥▶️ 미스트의 내용물은 사용하면서 그냥 물이라고 해도 믿을 정도로 무색무취했어요~😂 이게 그래서 피부에 아무 자극도 없어서 참 좋았지만 또 반대로 생각하면 그래서 큰 효과가 있는건지 의문이 들기도 하더라고요~😭 그래도 피부가 급하게 당기거나 건조해서 간지럽고 따끔거릴때 아벤느 미스트를 사용하면 금방 진정되는 느낌은 들더라고요~ 그래서 들고다니면서 자주 자주 사용하고 있어요~😄,1,모공,"※ 해당 리뷰는 원칙적으로 기본 상품이 동일한 단품 사용 후 작성된 것이며,개별 상품에 따라 용량 내지 일부 구성(1+1, 기획상품 등)이 상이할 수 있음을 안내드립니다."
아벤느 오떼르말 미스트,올영빵이,민감성,각질,모공,,,5점만점에 5점,2022.09.04,,지성에 좋아요,보습에 좋아요,자극없이 순해요,"되게 가볍고 산뜻한 느낌 이에요 미스트 찾다가 유튜브에서 보고 샀는데 잘산거 같아요 무었보다 분사력이 미쳤어요 그전에 쓰던 미스트는 분사력이 약하고 흔들어 줘야했는데 이거는 흔들어서 쓰는 미스트가 아니라고 하네요 보습효과도 있고 산뜻하고 토너 대용으로 잘쓸거 같아요 무었보다 엄청 순합니다 얼굴에 뿌리다 보면 눈에도 들어가고 하는데 안 따갑더라고요 솔찍히 이정도 양에 이가격이면 괜찮은거 같아요 미스트 처음 사시는 분들에게 추천해요 물론 부피가 커서 가지고 다니기엔 무리가 있지만^^;; 다음번에는 휴대용 사이즈도 만들어 주셨으면 좋겠어요 추천합니다결론추천 모든피부에 적합하지만 가벼워서 지성분들이 잘쓰실수 있을거 같습니다비추천 없음 +부피가 큼, 분사력 최강, 순함이상입니다 도움이 되셨다면 좋아요 한번만 눌러주세요 💗💗💗",0,,"※ 해당 리뷰는 원칙적으로 기본 상품이 동일한 단품 사용 후 작성된 것이며,개별 상품에 따라 용량 내지 일부 구성(1+1, 기획상품 등)이 상이할 수 있음을 안내드립니다."
아벤느 오떼르말 미스트,탱글턍글,건성,봄웜톤,잡티,,,5점만점에 5점,2022.09.03,매장,지성에 좋아요,진정에 좋아요,자극없이 순해요,오랜만에 온천수 미스트를 구매했어요 사실 온천수미스트는 그냥 물이라 건조할때 뿌리는 용으로는 적합하지 않은거같아요 그래서 한동안 필요가 없어서 구매하지 않았는데 이번엔 바디에 사용할 생각으로 구매 했습니다!아벤느를 선택한 이유는...따로 없고 행사를 하는걸로 구매하다보니 아벤느로 선택하게 되었네요?ㅎㅎ 성분의 차이가 별로 없어서 행사를 하는 제품이나 분사력이 맘에드는 제품으로 구매하시면 될거같아요ㅋㅋㅋ갠적으로 전에 유리아쥬미스트를 제일 많이 사용했는데 아벤느 미스트는 분사가 조금 더 안개 같은 느낌이에요ㅎㅎ 아벤느가 더 곱게나오고 유리아쥬가 더 시원하게 나와요ㅋㅋ둘다 흔들어서 사용하면 노즐이 조금씩 막히는데... 세워놓은게 몇번 쓰러지고 하다보니 한달도 사용안했는데 벌써 두갈래로 나뉘어서 나와요ㅋㅋㅋ(사진확인❣) 이런점은... 온천수미스트의 공통적인 단점ㅠㅠ전 쓰던바디로션이 너무 잘맞는데 여름이라 더 가볍게 쓰고싶어서 함께 사용하고 있어요 건조하다고 수시로 뿌리는 용도로는 절대 추천안드리구 샤워나 세안후 기초바르기전 수분유지 정도로만 사용하시길 추천드립니다!ㅎㅎ,0,탄력,"※ 해당 리뷰는 원칙적으로 기본 상품이 동일한 단품 사용 후 작성된 것이며,개별 상품에 따라 용량 내지 일부 구성(1+1, 기획상품 등)이 상이할 수 있음을 안내드립니다."
아벤느 오떼르말 미스트,lulululalalah,건성,가을웜톤,모공,,,5점만점에 5점,2022.08.22,,건성에 좋아요,보습에 좋아요,자극없이 순해요,* 평소 스킨케어 첫 단계를 닦토 또는 미스트로하고 있어요. 저녁에는 불순물까지 깨끗하게 닦기위해닦토를 많이 하고 아침 출근시간에은 정신이없어서 미스트를 보통 뿌려주고 손등으로흡수를 시켜주고 있어요* 그 때 제가 사용하는 제품이 아벤느 오떼르말미스트인데 몇년돌안 사용하고 있는 제품이에요.일단 제가 얼굴에 뿌린 사진을 찍는다고 찍었는데거의 안보이네요 ㅠㅠ 굉장히 입자가 작고 고와요.그래서 얼굴에 입자가 더 착 달라붙고 흡수가잘 되는 느낌입니다!* 제가 무향무취를 좋아하는데 화장품자체에향이 없어서 더 순하고 어떤분이든 가리지않고 더사용하기 좋은 제품 같아요!분사력도 좋은 편이라서 얼굴에 골고루 다 분사가 되고마지막에 거의 다 써가는 시점만 아니면잘 나오는 편입니다!* 미스트의 스테디베스트셀러라 추천합니당!돗자리 사진도 참고하셔요~,1,잡티,"※ 해당 리뷰는 원칙적으로 기본 상품이 동일한 단품 사용 후 작성된 것이며,개별 상품에 따라 용량 내지 일부 구성(1+1, 기획상품 등)이 상이할 수 있음을 안내드립니다."
아벤느 오떼르말 미스트,채르,건성,웜톤,잡티,,,5점만점에 5점,2022.08.19,,복합성에 좋아요,진정에 좋아요,자극없이 순해요,제가 정말 좋아하는 미스트예요! 사용기한이 거의 5년이긴 하지만 그래도 쟁여놓고 사용하는 미스트입니다.사실상 물 미스트이기 때문에 보습력은 확실히 떨어져요. 요즘 얼굴에 광 낼 수 있을 정도로 보습력 탄탄하게 나온 미스트가 많기 때문에 보습기능만 보고 쓰기에는 확실히 부족한 듯 해요. 다만 아벤느 제품 자체가 워낙 제 피부에 잘 맞기도 하고 순하기 때문에 믿고 쓰는데 특히 이 미스트는 물미스트라 언제든지 부담 없이 쓰기 좋아서 꾸준히 사용하고 있어요. 물론 물미스트라 얼굴에 뿌려도 수분감이 금방 날아가긴 하지만 순간순간 얼굴에 수분감 주고 열감 식히는 데에는 이만한 제품이 없더라구요. 이런저런 성분이 들어간 미스트들은 물론 그때그때 원하는 효과를 얻을 수는 있지만 아무래도 너무 자주 뿌리거나 얼굴 컨디션 안 좋으면 막 뿌리기는 부담되는 것 같아요. 그래서 막 사용하기에는 이 미스트가 제일 좋은 것 같아요. 가격도 세일하면 큰 용량으로 저렴하게 구매 가능하구용,0,,"※ 해당 리뷰는 원칙적으로 기본 상품이 동일한 단품 사용 후 작성된 것이며,개별 상품에 따라 용량 내지 일부 구성(1+1, 기획상품 등)이 상이할 수 있음을 안내드립니다."
아벤느 오떼르말 미스트,과카몰맄,건성,웜톤,각질,재구매,2회 이상 구매한 상품에 대한 리뷰입니다.,5점만점에 5점,2022.08.15,,지성에 좋아요,진정에 좋아요,자극없이 순해요,🧡작성자 피부타입🧡✔️건성타입 ✔️민감성타입 🧡재구매 이유🧡✔️성분이 좋아서 ✔️민감성이 사용해도 좋음 ✔️분사력 괜춘해서 ✔️쿠폰 행사하는데 쿠폰 적용이 되길래 🧡사용 후기🧡✔️흡수력이 좋다  ➖정말 끈적이지 않고 흡수력이 좋아요. 잔여감이 1도 ❌없어요❌. 그래서 복합성➕지성피부인들에게 추천하는 미스트입니다.  ➖ 여러번 뿌려도 🍡 지지 않았어요 (이건 제가 건성피부라서 그럴수도 있어요) ➖건성타입에게 수분 보충용으로는 좀 부족하긴 한데  무난무난하고 성분이 좋으니 재구매 했어요.  ✔️분사력  ➖저는 미스트 중에는 록_시땅 제품이 분사력이 제일 좋다고 생각하는데 아벤느 제품도 좋은 편에 속해요 ✔️진정효과  ➖온천수로 만들어서 진정효과가 있다는 홍보 문구를 보고 구매하긴 했는데 아쉽게도 이건 크게 효과를 보지는 못했어요,0,민감성,"※ 해당 리뷰는 원칙적으로 기본 상품이 동일한 단품 사용 후 작성된 것이며,개별 상품에 따라 용량 내지 일부 구성(1+1, 기획상품 등)이 상이할 수 있음을 안내드립니다."
아벤느 오떼르말 미스트,frank,복합성,각질,모공,,,5점만점에 5점,2022.08.14,,복합성에 좋아요,진정에 좋아요,자극없이 순해요,"아벤느 제품은 믿고 구입할 수 있는 제품이에요.대용량 미스트라 부담없이 많이 많이 뿌려줄 수 있고요,2개가 들어서 지인이나 친구랑 나눠서 갖기에도 좋고 한곳은 집에 하나는 사무실에 두고 사용해도 좋을 것 같습니다.기획 제품으로 구입을 해서 인지 포토카드?도 하나 같이 왔는데 아이돌을 안좋아해서 누군지 모르겠어요...엉덩이만 붙일 수 있는 조그마한 돗자리? 도 같이 들어 있는데 팽귄 모양이 아주 귀엽네요. 파란색이 시원해보입니다. 냄새가 나서 좀 환기는 필요해보여요..기획세트 구성으로 구매하면 아주 좋은 제품 같습니다.재구매 의사 있거요 미스트 말고 다른 아벤느 제품들도 평소 잘 사용해서 기획세트 구성일때 여러개 쟁여 두셔도 좋을것 같습니다. 두고두고 사용하기 좋아요!전반적으로 만족스러운 제품입니다.감사합니다.",1,,"※ 해당 리뷰는 원칙적으로 기본 상품이 동일한 단품 사용 후 작성된 것이며,개별 상품에 따라 용량 내지 일부 구성(1+1, 기획상품 등)이 상이할 수 있음을 안내드립니다."
아벤느 오떼르말 미스트,과카몰맄,건성,웜톤,각질,한달이상사용,첫 리뷰 작성 후 30일 동안 사용 후 작성하신 리뷰입니다.,5점만점에 5점,2022.07.31,매장,건성에 좋아요,보습에 좋아요,자극없이 순해요,"🤍이 리뷰는 한달이상사용 후기 입니다🤍🤍작성자 피부상태🤍 ✔️건성타입  ✔️민감성 타입 🤍구매 이유🤍✔️몇년 전에 사용했을 때 좋았던 기억에 구매 🤍한달 이상 사용 후기🤍✔️분사력  ➖제 기준에 미스트 고르는 기준은 성분도 성분이지만 분사력을 제일 먼저 보는데 이건 록_시땅 만큼이나 분사력이 제일 좋아요.  ➖얇〰️게, 촥❗️퍼져요. 표현을 쫌 더 하자면 잔잔바리가 촥❗️하고 퍼짐. ✔️수분감  ➖수분감도 좋은데 흡수력도 좋음. 끈적이 없음 진짜 이 미스트는 추천합니다. 세일기간에 뭐 살지 고민되면 이거 사용해보는거 추천합니다 ✔️성분  ➖100% 온천수라서 믿고 사용합니다! 민감성 피부인 저도 맘 편히 사용하고 있어요! ➖극도로 민감해지거나 건조해진 피부를 개선해준다고 하는데 끈적임이 없고 해서 복합성이나 지성분들에게도 살짝 추천해요!(매장에서 테스터 해보고 사는거 더 추천)",0,민감성,"※ 해당 리뷰는 원칙적으로 기본 상품이 동일한 단품 사용 후 작성된 것이며,개별 상품에 따라 용량 내지 일부 구성(1+1, 기획상품 등)이 상이할 수 있음을 안내드립니다."
아벤느 오떼르말 미스트,과카몰맄,건성,웜톤,각질,,,5점만점에 5점,2022.05.31,매장,건성에 좋아요,보습에 좋아요,자극없이 순해요,"💙작성자 피부타입: 건성+ 민감성 타입 입니다💙💙아벤느 미스트 사용 계절💙: 여름 💙아벤느 미스트 장점💙✔️분사력   ➖저는 록시땅, 프리메라, 오리진스 등 타 브랜드인 미스트 를 사용했는데 개인적으로 분사력은 록시땅이랑 아벤느가 1등이라고 생각해요. ✔️보습력(촉촉함)   ➖아주 예전에 이 브랜드를 사용했었는데 생각보다 보습력이 부족해서 미스트 유목민이 되었는데생각해보니 그땜 겨울이라서 그랬던것 같아요. 개인적으로, 건성타입들은 지금같이 여름인 계절이 사용하시는 걸 추천드려요, 지성타입들은 언제든 오케이! 가볍고 오일리 하지 않는 점이 장점😁 ✔️성분  ➖100% 찐 온천수, 피부 진정에 이상적인 2:1 칼슘과 마그네슘이 있다고 하니 신뢰도가 팍팍 올라가네요! ✔️크기는 마지막에 키스미마스카라랑 비교샷 첨부했습니다",0,민감성,"※ 해당 리뷰는 원칙적으로 기본 상품이 동일한 단품 사용 후 작성된 것이며,개별 상품에 따라 용량 내지 일부 구성(1+1, 기획상품 등)이 상이할 수 있음을 안내드립니다."
아벤느 오떼르말 미스트,올리브영메이트진,민감성,쿨톤,각질,,,5점만점에 4점,2021.07.13,매장,복합성에 좋아요,보습에 좋아요,자극없이 순해요,"🔆아벤느,, 온천수로 유명한 브랜드죠! 이 아벤느 오떼르말 미스트에도 온천수가 들어가 있어서 보습은 물론 진정에도 도움을 준다고 해요. 그래서 그런지 한번 가볍게 분사했음에도 건조하지 않았어요. 하지만 개인적으로 진정에는 큰 효과를 보지는 못했어요. 그래도 제 피부(건성+민감성)에 뿌렸을때 좁쌀 같은 여드름이 올라오지 않는것으로 보아 민감성이신 분들도 충분히 사용 가능 할 것 같아요!🔆이 미스트를 한마디로 요약하면 🌿“보습은 잡아주지만 기름지지 않는 미스트”🌿라고 생각해요. 그만큼 건성, 복합성, 지성 타입 상관없이가볍게 사용 가능 한 미스트! 특히 수부지, 지성 분들에겐 더더욱 강추!🔆아벤느 오떼르말 미스트 용기는 가스 충전식이에요. 저는 한번 칙~ 뿌리면 충분했어요! 그리고 고르게 분사되는 편이라 흡수가 빠른 편이였어요.(마지막 사진 참고)🔆저는 이 미스트를 샤워 후 토너를 바르기 전, 팩을 붙이기 전, 꾸덕한 수분크림을 올리기 전에 가볍게 사용했어요.🔆저는 대용량(300ml)을 이미 사용중인데 요즘 같은 더운 날씨엔 가지고 다니면서 뿌리려고 50ml를 구매했어요. 확실히 습하거나 더운날 피부온도 내릴 때 사용하니 만족감이 더 컸어요. 확실히 휴대하기 좋은 사이즈라 손도 많이 가더라구요.🔆피부 타입에 따라 이 미스트가 건조하다고 느끼시는 분들도 정말 많이 계시더라구요. 그런 분들은 대용량으로는 얇은화장솜에 뿌려 스킨팩으로 이용하시고 수시로 50ml 휴대용을 가지고 다니면서 뿌리면 건조함이 줄어들거에요!❗️이 미스트 하나로 진정에는 큰 효과를 보지 못했어요. 그래서 진정 미스트를 찾으시는 분들은 대용량보다는 작은 용량을 먼저 구매해서 테스터 후에 구매하시는 걸 추천드려요!",3,다크서클,"※ 해당 리뷰는 원칙적으로 기본 상품이 동일한 단품 사용 후 작성된 것이며,개별 상품에 따라 용량 내지 일부 구성(1+1, 기획상품 등)이 상이할 수 있음을 안내드립니다."
아벤느 오떼르말 미스트,yeoung****,,,,한달이상사용,첫 리뷰 작성 후 30일 동안 사용 후 작성하신 리뷰입니다.,5점만점에 5점,2025.06.07,,건성에 좋아요,보습에 좋아요,자극없이 순해요,화장하기 직전에 뿌려주고 쿠션할때 퍼프에 한번 뿌려주고 나서 화장하니까 너무 잘먹고 그보다 흡수가 빨라서 좋고 양도 충분히 많아서 좋았음 가끔씩은 세수하고 나서 물 닦기전에 한번 뿌려줌,0,,"※ 해당 리뷰는 원칙적으로 기본 상품이 동일한 단품 사용 후 작성된 것이며,개별 상품에 따라 용량 내지 일부 구성(1+1, 기획상품 등)이 상이할 수 있음을 안내드립니다."
아벤느 오떼르말 미스트,rla****,,,,,,5점만점에 5점,2025.06.06,,복합성에 좋아요,진정에 좋아요,자극없이 순해요,가성비 두개라 넘 좋아요크기도 좋고 세안 후 뿌리기 딱 좋습니다,0,,
아벤느 오떼르말 미스트,tkfk****,,,,,,5점만점에 5점,2025.06.05,,복합성에 좋아요,보습에 좋아요,자극없이 순해요,피부가 복합성이긴한데 잘때는 좀더 촉촉하게 바르는편이라미스트를 한번더 뿌리고 잇어요잘때 한번더 뿌리니까 피부상태가 더 촉촉한거 같아요,0,,"※ 해당 리뷰는 원칙적으로 기본 상품이 동일한 단품 사용 후 작성된 것이며,개별 상품에 따라 용량 내지 일부 구성(1+1, 기획상품 등)이 상이할 수 있음을 안내드립니다."
아벤느 오떼르말 미스트,dltmfrl****,,,,,,5점만점에 4점,2025.06.03,,복합성에 좋아요,보습에 좋아요,자극없이 순해요,안개분사인데 약간 엄청나게 나오는 안개분사느낌?! 잔잔한 느낌은 아니지만 부드럽고 순해서 너무 좋아요! 너무 크면 가지고다니기 불편할 것 같아서 작은걸로 구매했는데 너무 좋네욤,0,,
