product_name,id,tag,point_flag,more_msg,point,date,poll_type1,txt,poll_type1 2,txt 2,poll_type1 3,txt 3,txt_inner,thum src 4,txt_oneline
하다라보 고쿠쥰 퍼펙트 젤,동동동대문,트러블성,한달이상사용,첫 리뷰 작성 후 30일 동안 사용 후 작성하신 리뷰입니다.,5점만점에 5점,2025.04.06,피부타입,건성에 좋아요,피부고민,보습에 좋아요,자극도,자극없이 순해요,겨울에 피부가 너무 건조해서 구매했는데 넘 만족해요! 피부 속부터 촉촉해지는 느낌이고 바르면 얼굴에 광이 장난 아니에요👍,,
하다라보 고쿠쥰 퍼펙트 젤,동동동대문,트러블성,,,5점만점에 5점,2025.02.23,피부타입,복합성에 좋아요,피부고민,보습에 좋아요,자극도,자극없이 순해요,겨울이라 피부가 너무 건조해서 구매했는데 제형도 쫀득쫀득하고 바르고 나면 광이 돌아요!,,
하다라보 고쿠쥰 퍼펙트 젤,폭스,,재구매,2회 이상 구매한 상품에 대한 리뷰입니다.,5점만점에 5점,2022.12.17,피부타입,건성에 좋아요,피부고민,보습에 좋아요,자극도,자극없이 순해요,하다라보고쿠쥰퍼펙트젤 크림..이미 오래전부터 사용하고 있는데 이번 할인해서 재구매 하네요.악건성인 저에게 안성맞춤 고보습집중케어 젤 크림이구요.4중히알루론산.사크란.세라마이드.스쿠알란.콜라겐까지 포함되어 아주 만족 스럽네요.아침저녁에 스킨.비타민.로션.고보습젤크림까지 완벽한 마무리가되요.다음날 일어나봐도 촉촉함이 그데로 유지가되어있어요아주 매끈하고윤기있는 피부로완성해줍니다.,https://static.oliveyoung.co.kr/pc-static-root/image/comm/my_picture_base.jpg,
하다라보 고쿠쥰 퍼펙트 젤,만두만두만두,복합성,,,5점만점에 5점,2021.03.06,피부타입,건성에 좋아요,피부고민,보습에 좋아요,자극도,자극없이 순해요,거의 5통째 사용하고 있는 제품입니다 너무 좋아서 엄마한테도 추천드렸는데 엄마도 n통째 사용중... 피부가 많이 건조하거나 푸석푸석한 분들에게 추천합니다낮에 바르는 것 보다는 밤에 바르는거 추천 드려요낮에 바르면 좀 화장이 밀리는 제품이고밤에 자기전에 잔뜩 바르면아침에도 건조하지 않고 피부가 당기지 않아요피부도 보들보들하구여지성 분들은 좀 선호하지 않을 수도 있어요!!흡수가 빠른 제형은 아니지만그만큼 보습감이 뛰어난 제품입니다올영 할인할때 마다 항상 쟁이는 제품듬뿍 듬뿍 쓰다보니 빨리 닳긴하지만언제든 재구매 의사 있습니다 ㅎㅎ건성 추천템,,
하다라보 고쿠쥰 퍼펙트 젤,초록빛,복합성,,,5점만점에 4점,2020.01.10,피부타입,건성에 좋아요,피부고민,보습에 좋아요,자극도,자극없이 순해요,건성이신 분들이 자기 전에 나이트용으로 쓰면 좋을 것 같은 수분크림입니다. 진짜 촉촉해서 수면팩처럼 쓸 수 있어요. 다만 데일리용으로는 별로인게 화장하면 때처럼 밀려 나와요. 밤에만 쓰시길 추천합니다.,,극강의 보습력을 가진 수분크림
하다라보 고쿠쥰 퍼펙트 젤,만두만두만두,,,,5점만점에 5점,2020.01.10,피부타입,건성에 좋아요,피부고민,보습에 좋아요,자극도,보통이에요,잘때 듬뿍 바르고 자기 최고!이거 바르고 자면 아침에 피부가 보들보들하구 푹 잔것같이 좋은 컨디션으로 만들어줍니다 재구매해서 쓰는 중입니다 지성분들이 쓰기엔 좀 별로일거같아요 그리고 낮에 화장 전에 바르면 밀리는 편이에요 수면팩으로 딱임!,,
하다라보 고쿠쥰 퍼펙트 젤,미니민이222,지성,,,5점만점에 5점,2022.09.01,피부타입,복합성에 좋아요,피부고민,진정에 좋아요,자극도,보통이에요,건성들의 겨울철 필수템이라고 할수 있죠!! 이번 겨울에도 이것만 바를거에요,,
하다라보 고쿠쥰 퍼펙트 젤,징징2222,지성,,,5점만점에 4점,2022.03.09,피부타입,복합성에 좋아요,피부고민,보습에 좋아요,자극도,보통이에요,쬰득한 제형이고 저녁에 얼굴 전체에 바르기도 하고 낮에는 엄청 얇게 잘 갈라지는 부분에만도 발라쓰고잇어요근데 뭔가 손이 잘 안가는 스따일..,,
하다라보 고쿠쥰 퍼펙트 젤,미니민이222,지성,한달사용리뷰,상품 구매 후 30일 동안 사용 후 작성하신 리뷰입니다.,5점만점에 5점,2022.03.03,피부타입,복합성에 좋아요,피부고민,진정에 좋아요,자극도,보통이에요,건성인데 밤에 바르고 자면 아침에 피부가 장난아닙니다겨울에는 이것만 발라요,,
하다라보 고쿠쥰 퍼펙트 젤,김유진nily,복합성,한달사용리뷰,상품 구매 후 30일 동안 사용 후 작성하신 리뷰입니다.,5점만점에 5점,2021.10.26,피부타입,건성에 좋아요,피부고민,보습에 좋아요,자극도,보통이에요,넘 좋아요. 재구매할거에요.저녁에만 나이트크림으로 사용하는데 이튿날 피부가 부드럽고 촉촉하고 상태 좋아져요 가격대비도 넘 좋고요.가을 겨울철에 사용하면 좋아요.,,
하다라보 고쿠쥰 퍼펙트 젤,허로로,지성,,,5점만점에 5점,2021.08.14,피부타입,건성에 좋아요,피부고민,보습에 좋아요,자극도,자극없이 순해요,쟁여두고 쓰는 크림중 하나 이거하나면 충분히 한달나기 되요,,
하다라보 고쿠쥰 퍼펙트 젤,율리아니,,,,5점만점에 4점,2020.01.08,피부타입,복합성에 좋아요,피부고민,진정에 좋아요,자극도,보통이에요,겨울이라서 건조했는데 촉촉하고 좋습니다 나이트용으로 좋아요,,촉촉해서 좋습니다..
하다라보 고쿠쥰 퍼펙트 젤,오에엥,,,,5점만점에 4점,2019.03.20,,,,,,,유투버가 쓰면서 좋다길래 함 사봤어요아직 써보지를 않아서 좋은지는 모르겠는데 수면팩처럼 쓰기 좋을 것 같아요,,ㅇㅏ직 안써봐서 모름
하다라보 고쿠쥰 퍼펙트 젤,올영에산다오,,,,5점만점에 5점,2019.01.31,,,,,,,하다라보 고쿠쥰 페팩트 젤 진짜 짱짱!!!!!!!!!!지금까지 젤 타입은 써본적 없어서 화장전에 바르면  많이 밀릴줄  알고 안사려고 했는데 좋다는  평 보고 반신반의하게 사봤는데 정말 좋아요 굿 ㅎㅎ,,쫀득하니 좋아요
하다라보 고쿠쥰 퍼펙트 젤,봄뚠뚜니,,,,5점만점에 4점,2019.01.30,,,,,,,라뮤끄님이 추천햐서 사서 써봣는대용 아주 끈기잇다고 해야돠나? 바루면 촉촉하면서 피부가 찰지게되요 ㅋㅋㅋㅋㅋㅋ,,피부 아주 쫀득해집니다
하다라보 고쿠쥰 퍼펙트 젤,뀰짱,,,,5점만점에 5점,2018.12.08,,,,,,,"블로그에서 우연히 수분크림편을 봤다가 사야지 하고 메모 해뒀는데 이번에 여러가지 구매하면서 첫 구매해봤어요.진주알 색으로 되어있고, 엄청!!!엄청 꾸덕해요 꾸덕한 이런 촉감 안 좋아하시는 분들은 ㅠㅠ비추구요. 처음에는 너무 깜짝 놀랄 정도로 꾸덕해서 바르고 흡수 안 되면 괜히 찝찝하겠는데 싶어 걱정했어요. 그런데  몇 십분 지나니까 흡수도 잘 되고, 처음 그 꾸덕함도  많이 없어지구여. 촉촉합니다ㅠㅠㅠ일단 수분크림으로 만점이에요",,수분크림 최강자 인거 같아요ㅠㅠ
하다라보 고쿠쥰 퍼펙트 젤,김태리,,,,5점만점에 4점,2020.05.04,피부타입,건성에 좋아요,피부고민,보습에 좋아요,자극도,자극이 느껴져요,밤에 자기 전 바르니 촉촉하긴 한데다소 간지러우이 느껴졌어요ㅠ,,감사합니다 잘쓸게요
하다라보 고쿠쥰 퍼펙트 젤,무생채,,,,5점만점에 5점,2019.03.02,,,,,,,촉촉하니 좋아서 재구매 합니다. 건조한 계절에 딱이에요!거친 피부가 부드러워 졌답니다.좋아요,https://static.oliveyoung.co.kr/pc-static-root/image/comm/my_picture_base.jpg,촉촉하니 정말 좋아요 재구매 합니다
하다라보 고쿠쥰 퍼펙트 젤,워닝이,,,,5점만점에 5점,2019.02.08,,,,,,,"매장에서 테스트 먼저 해 본 상품이라 믿고 구매했어요! 명절 낀거 치고 배송도 빨랐구요, 세일이라 저렴하게 사서 좋네요 ㅠㅠㅎㅎㅎ 고농축이라 엄청 쫀쫀하구 좋아용 ㅎㅎ 나이트 크림으로 최고에요!!!!!",,
하다라보 고쿠쥰 퍼펙트 젤,무생채,,,,5점만점에 5점,2018.12.06,,,,,,,촉촉하니 밤에 듬뿍 바르고 자면 담날 화장도 더 잘 받는것 같아요. 승무원크림이라고 불리우는 이유가 있나봐요. 잘쓰겠습니다,https://static.oliveyoung.co.kr/pc-static-root/image/comm/my_picture_base.jpg,건조함이 심해져서 평이 좋아 샀답니다. 피부에 수분을 더해주길요~!!
하다라보 고쿠쥰 퍼펙트 젤,samsana****,,,,5점만점에 5점,2024.01.30,피부타입,건성에 좋아요,피부고민,보습에 좋아요,자극도,자극없이 순해요,아무리 비싼제품을 써보아도 이제품처럼 보습을촉촉하게 해주는 크림은 없었습니다 거기에  바세린을조금 섞어서 바르며는 더할나위없고요 아침까지 촉촉 그자체입니다  이제품을 거의8년전에 사용했는데요  이것빼고는 제피부에 맞는것이없네요,,
하다라보 고쿠쥰 퍼펙트 젤,퀘세라세라,,,,5점만점에 5점,2020.11.30,피부타입,복합성에 좋아요,피부고민,보습에 좋아요,자극도,자극없이 순해요,자극없이 순하고 촉촉해요 겨울엔 이만한게 없는것 같아요1+1해서 더 좋네요 양도 많아서 오래써요,https://static.oliveyoung.co.kr/pc-static-root/image/comm/my_picture_base.jpg,
하다라보 고쿠쥰 퍼펙트 젤,ssooooop,,,,5점만점에 5점,2019.04.16,피부타입,건성에 좋아요,피부고민,보습에 좋아요,자극도,자극없이 순해요,된다님 미용만화 보고 구매했는데 이거 진짜 최고에용!잠자기 전에 수면팩으로 두 겹 바르고 자니진짜 촉촉해요 ^.^,https://static.oliveyoung.co.kr/pc-static-root/image/comm/my_picture_base.jpg,너무 좋아요! 수면팩으로 최고
하다라보 고쿠쥰 퍼펙트 젤,김명명,,,,5점만점에 5점,2019.03.05,,,,,,,하다라보 특유의 쫀쫀함이 더 고농축 되어 있는 크림이에여 아주 좋아여 저는 자기 전에 바를려고 구입한 거라 너무 만족스럽습니다! 다 쓰면 또 구입해서 이것만 쓸 것 같아요 ㅠㅠ 최고,https://static.oliveyoung.co.kr/pc-static-root/image/comm/my_picture_base.jpg,
하다라보 고쿠쥰 퍼펙트 젤,samsana****,,,,5점만점에 5점,2022.12.20,피부타입,건성에 좋아요,피부고민,보습에 좋아요,자극도,자극없이 순해요,처음접한것이 지인분이 선물로주셔서  사용후부터는 다른 비싼것도 비교가안됩니다,,
하다라보 고쿠쥰 퍼펙트 젤,에이스팡팡,,,,5점만점에 5점,2022.12.12,피부타입,복합성에 좋아요,피부고민,진정에 좋아요,자극도,보통이에요,잘받았습니다 감사합니다잘받겠습니다 감사합니다…..,https://static.oliveyoung.co.kr/pc-static-root/image/comm/my_picture_base.jpg,
하다라보 고쿠쥰 퍼펙트 젤,에이스팡팡,,,,5점만점에 5점,2022.04.14,피부타입,복합성에 좋아요,피부고민,진정에 좋아요,자극도,보통이에요,잘받았습니다 감사합니다 .잘받았습니다 감사합니다 잘받았습니다.,https://static.oliveyoung.co.kr/pc-static-root/image/comm/my_picture_base.jpg,
하다라보 고쿠쥰 퍼펙트 젤,에이스팡팡,,,,5점만점에 5점,2021.09.30,피부타입,건성에 좋아요,피부고민,보습에 좋아요,자극도,자극없이 순해요,잘받았습니다 감사합니다  세일할때 구매했어요. 좋아요!,https://static.oliveyoung.co.kr/pc-static-root/image/comm/my_picture_base.jpg,
하다라보 고쿠쥰 퍼펙트 젤,마이꾸미,,한달사용리뷰,상품 구매 후 30일 동안 사용 후 작성하신 리뷰입니다.,5점만점에 3점,2021.10.22,피부타입,건성에 좋아요,피부고민,보습에 좋아요,자극도,보통이에요,점점 푸석해지던 차에 꿀잠크림이라는 홍보 문구를 보고 세일 기간에 한번 사봤습니다ㅎㅎㅎ 겔 타입은 처음 써봤는데 이름대로 상당히 뻑뻑하게 발리네요. 가벼운 제형은 절대 아닙니다! 수분감 있는 로션을 앞서 사용하지 않으면 크림을 바를 때도 피부를 구기듯 발리고 바른 후엔 살짝 겉도는 느낌입니다. 그래도 복합성 피부에 사용했을 때 아침에 일어나면 건조하지는 않아요. 보습은 잘 됩니다. 이걸 사용한 뒤 화장을 해도 잘 발라집니다. 다만 이걸 또 사용할 것이냐를 묻는다면 제겐 동일 가격대 타 상품에 비해 큰 메리트가 없네요... 이번 가격보다 더 세일하지 않는 이상 기존에 쓰던 로드샵 상품들로 다시 돌아갈 것 같습니다. 클렌징폼으로 하다라보 고쿠쥰을 썼을 때 괜찮았던 게 기억이 나 써본 거였는데 크림은 평범한 느낌입니다. 수면팩 용도로는 좋아요.,https://static.oliveyoung.co.kr/pc-static-root/image/comm/my_picture_base.jpg,
하다라보 고쿠쥰 퍼펙트 젤,우서,건성,,,5점만점에 5점,2021.08.26,피부타입,건성에 좋아요,피부고민,보습에 좋아요,자극도,자극없이 순해요,와 개좋아요 사람들이 하다라보 제품 구매 많이 하길래고쿠쥰 라인들 다 테스트 하다가 이 젤 제형이 너무쫀쫀해서 발라 봤는데... 진짜 좋아요 !!!일단 젤이 보습 수분감이 강해서 제가 바르고 30분뒤에 씻어냈는데 확실히 바른 부분이 촉촉해요혹시나 해서 친구한테도 만져 보라 했는데바른 부분이 다르다 하더라구요!제가 유분은 적당한데 수분이 없어서 수분 80에 유분어느 정도 채워줄 크림을 찾고 있었는데 이 제품 완전찰떡입니다...근데 낮에 데이용으로 바르기엔 좀 무거워용메이크업도 안 될 거 같고 밀릴 듯나이트에 딱 바르고 잤다가 아침에 일어나서세수하면 피부가 촉촉해지고 좋습니다매이크업도 더 잘 먹고요!그리고 일단 양이 개많은데 이게 조금만 펴 발라도수분 쩔어서 가성비적으로도 너무 좋아요 ㅠㅠ재구매의사있습니다,,
하다라보 고쿠쥰 퍼펙트 젤,승셀린,건성,,,5점만점에 5점,2021.03.04,피부타입,복합성에 좋아요,피부고민,보습에 좋아요,자극도,자극없이 순해요,진짜 이거 세일하기만을 얼마나 기다렷는지 머릅니다. 우연히 몬가 통을 보고 왠지 효과저을 것 같은 촉이 와서 써보고는 얘한테서 헤어나어지 못해여. 이거는 많이 끈적이는 타입이라 평소에는 사용 안하고 자기 전 수면팩으로 많이 해줍니다. 듬뿍 펴바르고 잔 다음날은 얼굴이 맨들맨들 반짝반짝 해져여. 끈적이는 제형을 싫어하시는 분들한테는 뱔로이겟지만 피부를 완전히 코팅해줘서 자는 내내 보습해주는 느낌이라 저는 너무 좋아합니다. 이거 세일좀 많이 해주세여 그냥사기에는 사실 점 비싼감이 있거덩요 믿고쓰는 하다라보라인이지만 그중에서도 얘를 제일 강추,,
하다라보 고쿠쥰 퍼펙트 젤,레미레미도레미,복합성,,,5점만점에 5점,2020.11.06,피부타입,건성에 좋아요,피부고민,보습에 좋아요,자극도,자극없이 순해요,엄마가 하다라보 크림 잘 사용하고 계셔서 이번에 건조한 겨울에 사용하기 좋은 크림 원플원 행사할 때 샀어요 흰색 통보다 확실히 보습감 있어서 좋아요 다만 젤이 농축되있어서 흡수가 더뎌요 그래서 손톱에 젤이 긁혀서 끼여요,,
하다라보 고쿠쥰 퍼펙트 젤,지갑지킴이,건성,,,5점만점에 1점,2020.02.10,피부타입,건성에 좋아요,피부고민,보습에 좋아요,자극도,보통이에요,38000원주고 사기엔 정말정말 아까움진짜 요즘 로드샵도 진짜 잘나오는데 이건 진짜 가성비 최악ㅜ 라뮤끄가 유튜브에서 광고하길래 일부러 안샀는데 친구가 예전부터 쓰고있다고 좋다하길래 샀는데 역시나.. 걸러야했을 광고템였음,,가성비 진짜진짜 별로
하다라보 고쿠쥰 퍼펙트 젤,복슝아피부,복합성,재구매,2회 이상 구매한 상품에 대한 리뷰입니다.,5점만점에 5점,2024.06.30,피부타입,건성에 좋아요,피부고민,보습에 좋아요,자극도,자극없이 순해요,"순하고 촉촉해서 오랫동안 쓰고 있는 제품이예요. 건성, 특히 속건성심하신 분들게 추천드립니다. 어떤 수분젤은 바르는 순간만 촉촉하고 조금 지나면 메마르는 느낌인데 이건 안그래요. 오래갑니다. 크리니크 수분크림 저렴이 버전으로 잘 쓰고 있어요.",,
하다라보 고쿠쥰 퍼펙트 젤,복슝아피부,복합성,재구매,2회 이상 구매한 상품에 대한 리뷰입니다.,5점만점에 5점,2024.05.27,피부타입,건성에 좋아요,피부고민,보습에 좋아요,자극도,자극없이 순해요,"속건조가 있는 피부입니다. 오전엔 크**크 수분크림, 저녁엔 이 크림을  쓰고있어요. 수분감 오래가서 건성피부가 쓰기에 최고예요. 세일할 때마다 쟁여놓고 있어요. 촉감은 찰지고 찐득합니다. 크**크보다 찐득해요. 오전엔 화장이 밀릴 수 있어요. 바른듯 안바른듯 산뜻한 느낌을 좋아하시면 비추입니다.",,
하다라보 고쿠쥰 퍼펙트 젤,만두만두만두,복합성,재구매,2회 이상 구매한 상품에 대한 리뷰입니다.,5점만점에 5점,2021.03.21,피부타입,건성에 좋아요,피부고민,보습에 좋아요,자극도,자극없이 순해요,"이건 엄마랑 같이 쓰는 거의 제품인데거의 한 5통 넘게 사용한 것 같아요이거 바르고 자면피부 진짜 좋아요듬뿍 바르고 다음 날 일어나면아침에 피부 하나도 안땡겨요근데 낮에 바르면 거의 80프로의 확률로화장이 밀리는,,, 그런 제품이에요그리고 좀 보습감?이 많고 미끌거리는 제형이라아침저녁으로 바르기보다는그냥 밤에만 바르는거 추천드려요완전 악건성이신 분들밤에 이거 한번 듬뿍 바르고 자보세용추천추천가격은 반값세일을 자주 하기때문에 그때 2개씩 쟁입니다근데 이게 듬뿍 바르고 자다보니 조금 빨리 닳는 것 같긴해요제형 생각해서 양이 그렇게 많은 건 아닌듯",,
하다라보 고쿠쥰 퍼펙트 젤,지리산냉면,,한달사용리뷰,상품 구매 후 30일 동안 사용 후 작성하신 리뷰입니다.,5점만점에 4점,2020.10.13,피부타입,건성에 좋아요,피부고민,보습에 좋아요,자극도,자극없이 순해요,요 상품 이번에 처음 써봤는데 참 쫀쫀하니 좋으네요,https://static.oliveyoung.co.kr/pc-static-root/image/comm/my_picture_base.jpg,
하다라보 고쿠쥰 퍼펙트 젤,썽킴,건성,,,5점만점에 5점,2020.09.23,피부타입,건성에 좋아요,피부고민,보습에 좋아요,자극도,자극없이 순해요,두개째 사용중이에요 엄마가 한번 써보시더니 넘좋다고 해서 하나 더 구매했어요ㅎㅎ 엄청 촉촉해요,https://static.oliveyoung.co.kr/pc-static-root/image/comm/my_picture_base.jpg,
하다라보 고쿠쥰 퍼펙트 젤,하하핫올리브,,,,5점만점에 5점,2023.12.19,피부타입,복합성에 좋아요,피부고민,주름/미백에 좋아요,자극도,자극없이 순해요,쫀뜩쫀득한 느낌으로 발리지만 바르고 나면 착 하고 붙습니다일본갔을때 항상 쟁이던 제품인데 올리브영에서 구매할 수 있다니 ㅋㅋㅋㅋ 너무 좋아요,https://static.oliveyoung.co.kr/pc-static-root/image/comm/my_picture_base.jpg,
하다라보 고쿠쥰 퍼펙트 젤,카르페디엠,,,,5점만점에 4점,2021.10.06,피부타입,복합성에 좋아요,피부고민,보습에 좋아요,자극도,자극없이 순해요,하다라보스킨.로션만쭉쓰다가첨으로크림구입해봄.순하고좋을듯함.후기보고긍정적으로사용중,https://static.oliveyoung.co.kr/pc-static-root/image/comm/my_picture_base.jpg,
하다라보 고쿠쥰 퍼펙트 젤,hs****,,,,5점만점에 5점,2021.09.20,피부타입,복합성에 좋아요,피부고민,보습에 좋아요,자극도,자극없이 순해요,예전에 스키장 갔을때 챙겨갔었거든요스키장이 정말 건조하고 춥잖아요그런데도 이거 하다라보고고쿠준 바르면피부가 정말 촉촉함이 오래가요.무엇보다 피부도 정말 좋아보여요 ㅋㅋㅋ그리고 히알루론산 폭탄이다 보니까피부가 쫀쫀해저요 밤에 듬뿍 바르고 자면은수면팩으로 쓸수도 있어요.다만 낮에 화장하기전에 과하게 바를경우화장이 밀릴수도 있으니 소량 사용 후여러번 두드려 흡수 해야해요!몇년전에 즐겨쓰다가 간만에 할인할땨다시 쓰니까 좋네요. 저는 냉장고에 넣어두고 씁니다바를때마다 상쾌해요! 그리고 좁쌀 여드름 많이 나시는 분들 써보시요 좁쌀 여그름이 쏙 들어가더이다.왜 그런건진 모르겟지만 수분 폭탄이라 그런가 싶기도 하네요? 에헤라 디야 바람분다 이런 날씨에 꼭진가를 발휘할 수 있도록 하는 것이 좋아요.여름에도 좋고 무엇보다 겨울에 어울리는 진한 크림이에요. 근데 이거 500자 채우기 드럽게 힘드네요? 진짜 웃겨 세상에 공짜 없구나 500자는 너무한거 아니냐 ㅋ참나그래도 이왕 쓰기 시작한거 다시쓸게요.일본제품이라 친구가 매국노냐고 욕처하지만끊을수 없다아리마셍. 아 고지가 앞이다.근데 용기가 열고 닫기 귀찮고 손으로 퍼내서 쓰니깐조금 비위생적이에요 남의손 절대 못넣게 합니다내 페이보릿 크림이란다. 올리브영에서자주 할인했으면 좋겠단,https://static.oliveyoung.co.kr/pc-static-root/image/comm/my_picture_base.jpg,
하다라보 고쿠쥰 퍼펙트 젤,시와,,한달사용리뷰,상품 구매 후 30일 동안 사용 후 작성하신 리뷰입니다.,5점만점에 5점,2021.04.27,피부타입,복합성에 좋아요,피부고민,보습에 좋아요,자극도,보통이에요,요즘 t존에 기름기가 많이 생겨 고민이었는데 보습이 문제였나봐요 ㅋㅋ밤에 수면팩처럼 바르고 자니까 피부가 뽀송해졌어요 ㅎㅎ사용 이튿날부터 기름기가 확 줄었어요.제형이 끈적이는 느낌이라 막 발랐을 땐 머리카락 등이 잘 붙어서 머리칼 같은 거 정리 잘 하고 써야 해요 ㅋㅋㅋ  대신 흡수가 잘 돼서 두툼하게 발라도 곧잘 흡수되는 데다 끈적거림이 지속되진 않음.다만 수면팩처럼 쓰다보니 다음날 얼굴에 먼지가 좀 붙어있긴 함..메이크업 전에 사용하려면 바르고 좀 있다가 닦아내고 해야돼요.피부 예민한 부위에 약간 따끔따끔한 느낌이 들 때도 있어요!,https://static.oliveyoung.co.kr/pc-static-root/image/comm/my_picture_base.jpg,
하다라보 고쿠쥰 퍼펙트 젤,pphg****,,한달사용리뷰,상품 구매 후 30일 동안 사용 후 작성하신 리뷰입니다.,5점만점에 5점,2021.01.30,피부타입,건성에 좋아요,피부고민,보습에 좋아요,자극도,보통이에요,"어머니께서 한번 써 보시고, 너무 좋다고 하셔서 1+1 행사했을때 재구매 한 제품입니다. 우선 어머니의 피부타입은 건성이라 지성이나 복합성피부에는 안 맞을 수도 있어서 건성피부이신 분에게 잘 맞으실 것 같아요. 어머니의 피부가 건조하고, 푸석한 피부이신데, 고쿠쥰젤을 사용하면서 피부의 보습력이 괜찮으지셨다고 하셨습니다!하지만 단점은 다른 제품에 비해 가격이 좀 비싼점과 짜서 쓰는 타입이 아니라 미니 숟가락이나 손가락으로 퍼서 쓰는 타입이라 귀찮은 면도 있습니다. 하지만 믿고 쓰는 하다라보 제품이라 계속 구매해서 쓸것 같네용. 추천합니다!!!",https://static.oliveyoung.co.kr/pc-static-root/image/comm/my_picture_base.jpg,
하다라보 고쿠쥰 퍼펙트 젤,k01****,,,,5점만점에 5점,2020.04.04,피부타입,건성에 좋아요,피부고민,보습에 좋아요,자극도,자극없이 순해요,왜 안사요? 진짜 좋은데ㅠㅠㅠㅠ 끈적거리고 이런거 없이 딱 가벼운 제형인데 보습력은 진짜 좋음. 아침에 일어나서 피부 만지면 개맨들맨들쓰. 그래도 요즘 일본거 안쓰려 노력 중인데 이건 포기할 수 없다...,https://static.oliveyoung.co.kr/pc-static-root/image/comm/my_picture_base.jpg,건성이면 아묻따 사셈.
하다라보 고쿠쥰 퍼펙트 젤,kio****,,한달이상사용,첫 리뷰 작성 후 30일 동안 사용 후 작성하신 리뷰입니다.,5점만점에 5점,2025.05.14,피부타입,건성에 좋아요,피부고민,보습에 좋아요,자극도,자극없이 순해요,고보습이라 건성피부에 아주좋아요바르면 끈적함이 남아요,https://static.oliveyoung.co.kr/pc-static-root/image/comm/my_picture_base.jpg,
하다라보 고쿠쥰 퍼펙트 젤,cu****,,,,5점만점에 5점,2020.05.04,피부타입,건성에 좋아요,피부고민,보습에 좋아요,자극도,자극없이 순해요,피부가 민감해서 화장품을 많이 써보는데 이제품 써보니깐 좋더라구요 땡기는 느낌도 없고 따갑지도 않고 그리고 세일하거나 1+1할때 사면 가격도 싸져서 좋아요,https://static.oliveyoung.co.kr/pc-static-root/image/comm/my_picture_base.jpg,땡기는 느낌도 없고 따갑지도 않고 좋아요
하다라보 고쿠쥰 퍼펙트 젤,yih****,,,,5점만점에 4점,2019.03.18,,,,,,,배송은 쪼금 느렸지만 !  상품은 만족합니다 :) 아직 써보진 않았지만 하다라보 상품이니 좋겠죠 ?,https://static.oliveyoung.co.kr/pc-static-root/image/comm/my_picture_base.jpg,배송은 조금 늦었지만 좋습니닷
하다라보 고쿠쥰 퍼펙트 젤,charm****,,,,5점만점에 5점,2019.01.28,,,,,,,이 제품 좋아요 이 제품 좋아요이 제품 좋아요이 제품 좋아요이 제품 좋아요이 제품 좋아요이 제품 좋아요이 제품 좋아요이 제품 좋아요이 제품 좋아요,https://static.oliveyoung.co.kr/pc-static-root/image/comm/my_picture_base.jpg,이 제품좋아요
하다라보 고쿠쥰 퍼펙트 젤,tndus5****,,,,5점만점에 5점,2019.01.27,,,,,,,겨울이라  수분크림이 필요해서 추천받아산건데 너무 좋아용 ㅎㅎㅎ앞으로 애용할 것같습니당ㅎㅎㅎ,https://static.oliveyoung.co.kr/pc-static-root/image/comm/my_picture_base.jpg,진짜 너무 좋아용
하다라보 고쿠쥰 퍼펙트 젤,amy****,,,,5점만점에 5점,2018.12.17,,,,,,,"사길 잘한것같아요ㅠ 이거 바르고 자면 아침에 얼굴이 엄청 보들보들해요. 트러블도 조금씩 가라앉더라고요,, 근데 가끔 조금씩 따가울때가 있긴잇어여ㅠ 그치만 트러블은 안나니까 잘 바르고있어요",https://static.oliveyoung.co.kr/pc-static-root/image/comm/my_picture_base.jpg,진짜 좋아요ㅠ
하다라보 고쿠쥰 퍼펙트 젤,mick****,,,,5점만점에 5점,2018.12.09,,,,,,,수분부족 지성인데 사용감 좋았어요 기름지단 느낌은 거의 안들었어요 메이크업 전 사용은 무리고 나이트크림으로 조아염,https://static.oliveyoung.co.kr/pc-static-root/image/comm/my_picture_base.jpg,첫사용감 만족
하다라보 고쿠쥰 퍼펙트 젤,mic****,,한달사용리뷰,상품 구매 후 30일 동안 사용 후 작성하신 리뷰입니다.,5점만점에 5점,2022.04.30,피부타입,건성에 좋아요,피부고민,보습에 좋아요,자극도,보통이에요,세상 워낙 유명한 하다라보 고쿠쥰 퍼팩트 젤 올리브영에서 세일하길래 구입해봤다 원래 프리미엄 크림을 쓰는데 올영에서 취급하지 않는듯!  써본사람은 이것만 쓴다는 얘기가 틀린것 같진않다~ 크림보다 물은제형이고 끈기가 있다고 할까 보기에는 수분가득 품은 제품이고극건성에게 강추합니다 기름번들번들한 다른제품들과 달라서 수분부족 지성인 내피부에도 겨울이나 환절기엔 꼭 이걸 쓴다 저녁에 수면팩을 한다는 느낌으로 듬뿍까진 아니지만 일반 크림 바르는것보다 한번더 발라주고  자면 아침에 일어났을때 정말 피부가 촉촉 화장 먹는게 다르긴 한거 갔다. 대신 낮엔 스킨 로션만 쓰고 다른 크림쓰고  이건 안바르는게 나을듯. 화장이 전부 다 밀리고 바르고 나면 얼굴에 한겹 막이 생기는 느낌이라 낮엔 비추화장 안하는날만 쓰는걸로~,https://static.oliveyoung.co.kr/pc-static-root/image/comm/my_picture_base.jpg,
하다라보 고쿠쥰 퍼펙트 젤,hy****,,,,5점만점에 5점,2021.12.13,피부타입,복합성에 좋아요,피부고민,진정에 좋아요,자극도,보통이에요,저는 원래 하다라보 덕후예요하다라보는 정말 기본에 충실한제품입니다!기본적으로 소장해야하는 제품이구요     겨울철에 ㅓ ㅓ ㅓ ㅓ ㅓ정말 꼬옥 핑ㄹ요하안제품이에용다른거엇도 마아니 써어보앗지만 이이거엇 마안크음 기이보온에에 추웅일하능 제푸우믄 지금까지 없없어요,https://static.oliveyoung.co.kr/pc-static-root/image/comm/my_picture_base.jpg,
하다라보 고쿠쥰 퍼펙트 젤,zzi****,,한달사용리뷰,상품 구매 후 30일 동안 사용 후 작성하신 리뷰입니다.,5점만점에 4점,2021.02.02,피부타입,복합성에 좋아요,피부고민,보습에 좋아요,자극도,보통이에요,젤 타입이고 뭔지 모르게 보습에 좋을것 같아 구매했습니다. 사용감은 나쁘지 않아요. 제가 낮에 많이 발라서인지 흡수가 덜되는거 같은 기분도 들고요. 대체적으로 만족합니다! 오늘은 밤에 팩처럼 사용해봐야겠어요!,https://static.oliveyoung.co.kr/pc-static-root/image/comm/my_picture_base.jpg,
하다라보 고쿠쥰 퍼펙트 젤,xkrwlgu****,,,,5점만점에 5점,2020.11.30,피부타입,건성에 좋아요,피부고민,보습에 좋아요,자극도,자극없이 순해요,하다라보 흰통에 들은 수분크림 쓰다가 이게 더 용량 크길래 구매함 촉촉한건 둘이 비슷 차이 없음. 오히려 흰게 더 촉촉하고 끈끈한 느낌 둘 다 백화점 브랜드 수분크림보다 더 좋음 일본제품인게 한가지 흠임,https://static.oliveyoung.co.kr/pc-static-root/image/comm/my_picture_base.jpg,
하다라보 고쿠쥰 퍼펙트 젤,anstjsdk****,,,,5점만점에 5점,2020.11.02,피부타입,건성에 좋아요,피부고민,보습에 좋아요,자극도,자극없이 순해요,몇통 째 쓰고 있는지 이제 가늠조차 안됩니다 ㅜ정말 좋아요 유튜버 라뮤끄님이 추천해주시고부터 계속 쓰는데 솔직히 28000원이 적은 돈은 아니잖아요... 그치만 전 매일 삽니다 1+1이거나 50프로 할인할때 무조건 쟁여두세요 밤에 이거 바르고 자면 다음날 화장 엄청 잘먹어요 강추ㅜ,https://static.oliveyoung.co.kr/pc-static-root/image/comm/my_picture_base.jpg,
하다라보 고쿠쥰 퍼펙트 젤,bj****,,,,5점만점에 5점,2020.08.12,피부타입,건성에 좋아요,피부고민,보습에 좋아요,자극도,보통이에요,피부가 진짜 악건성이라 좋다는거 추천받아서 되는대로 다사서 써봤는데 이제 제일 효과있어요. 스킨케어 마무리 단계에서 발라주는데 제형이 약간 끈적한게 보호막처럼 수분이 증발되는걸 막아주는 것 같아요. 한 통 다 비워서 구매했고 재구매의사 있습니다!,https://static.oliveyoung.co.kr/pc-static-root/image/comm/my_picture_base.jpg,
하다라보 고쿠쥰 퍼펙트 젤,aase****,,,,5점만점에 5점,2020.05.11,피부타입,건성에 좋아요,피부고민,보습에 좋아요,자극도,자극없이 순해요,일본에 다녀온  남편  선물로  써보고  다시  재  구매해서  사용하고 있어요~~^^봄철아라서  많이  건조한  파부에  잠자기전  세안하고  기초 바르고  이거  하나 바르고  자면  아침에  맨들먄들  보습력이  아주  좋아요~~^^물론  낮에  외출  하려고  화정 할때는 조금  부담스럽네요~^^,https://static.oliveyoung.co.kr/pc-static-root/image/comm/my_picture_base.jpg,
하다라보 고쿠쥰 퍼펙트 젤,gloomyl****,,,,5점만점에 2점,2020.03.06,피부타입,건성에 좋아요,피부고민,보습에 좋아요,자극도,자극이 느껴져요,유튜브에서 극찬을 하길래 미세먼지 탓인지 여름 겨울 할 것 없이 속건조가 너무 심해서 얼굴이 안에서부터 아플 정도라 속건조를 잡아줄 고영양분의 크림이 필요했는데 이것을 추천 받아 바로 질렀습니다. 너무 고영양분인지 얼굴이 따갑더니 트러블이 일어났어요 얼굴 세안을 다시 했습니다 ㅜ제형은 젤타입으로 가볍게 잘 스며들어요 저처럼 막 엄청 예민한 피부타입아니시면 좋은 크림이 될듯싶어요,https://static.oliveyoung.co.kr/pc-static-root/image/comm/my_picture_base.jpg,예민보스 피부에겐 노노
하다라보 고쿠쥰 퍼펙트 젤,may****,,,,5점만점에 5점,2020.02.08,피부타입,복합성에 좋아요,피부고민,보습에 좋아요,자극도,자극없이 순해요,"1+1 상품이라 우선 개이득이고요제형이 좀 끈끈하다 까지는 아니지만 뽀송하게 스며들었다는 느낌은 아니지만, 보습에 좋아서 자주 구매하는 제품입니다제 피부엔 자극적이지 않아서 좋고요 보습도 이정도면 훌륭합니다",https://static.oliveyoung.co.kr/pc-static-root/image/comm/my_picture_base.jpg,겨울 보습에 좋아요~
하다라보 고쿠쥰 퍼펙트 젤,1030y****,,,,5점만점에 4점,2020.01.02,피부타입,복합성에 좋아요,피부고민,진정에 좋아요,자극도,보통이에요,세일해서 1+1사서 너무 좋아요~ 할머니 사다드렸는데 무척  좋아하십니다~~~^.^*겨울엔 최고에요 ㅎㅎㅎㅎ많이 안끈적거리는 것 같아서 그게 장점인 것 같아요많 이 사 세 오,https://static.oliveyoung.co.kr/pc-static-root/image/comm/my_picture_base.jpg,겨울철 필 수 템
하다라보 고쿠쥰 퍼펙트 젤,alsl****,,,,5점만점에 5점,2024.11.06,피부타입,복합성에 좋아요,피부고민,보습에 좋아요,자극도,자극없이 순해요,기름지지 않게 수분만 보충해줘서 여름동안 너무 잘 사용했어요,https://static.oliveyoung.co.kr/pc-static-root/image/comm/my_picture_base.jpg,
하다라보 고쿠쥰 퍼펙트 젤,lsm****,,재구매,2회 이상 구매한 상품에 대한 리뷰입니다.,5점만점에 5점,2024.06.05,피부타입,건성에 좋아요,피부고민,보습에 좋아요,자극도,자극없이 순해요,이것만 계속쓰고있어요오프라인매장에서 구매하기어려워서 오늘드림으로 매번 받아쓰고있어요 진짜좋아요,https://static.oliveyoung.co.kr/pc-static-root/image/comm/my_picture_base.jpg,
하다라보 고쿠쥰 퍼펙트 젤,lsm****,,재구매,2회 이상 구매한 상품에 대한 리뷰입니다.,5점만점에 5점,2024.04.09,피부타입,건성에 좋아요,피부고민,보습에 좋아요,자극도,자극없이 순해요,이것도 꾸준히 계속사용중입니다오프라인에서는 구매하기 어려운것빼면 만족해요,https://static.oliveyoung.co.kr/pc-static-root/image/comm/my_picture_base.jpg,
하다라보 고쿠쥰 퍼펙트 젤,lsm****,,재구매,2회 이상 구매한 상품에 대한 리뷰입니다.,5점만점에 5점,2024.02.19,피부타입,복합성에 좋아요,피부고민,보습에 좋아요,자극도,자극없이 순해요,꾸준히 지금껏 오래 써왔습니다.한번 빠지면 이만한게 없다싶어 계속 쓰게됩니다.너무 좋아요 진심으로 .,https://static.oliveyoung.co.kr/pc-static-root/image/comm/my_picture_base.jpg,
하다라보 고쿠쥰 퍼펙트 젤,wjdal****,,,,5점만점에 5점,2024.02.17,피부타입,건성에 좋아요,피부고민,보습에 좋아요,자극도,자극없이 순해요,늘 쓰던거에요 다 써서 재구매 건성인데 아주 촉촉하고 좋습니다,https://static.oliveyoung.co.kr/pc-static-root/image/comm/my_picture_base.jpg,
하다라보 고쿠쥰 퍼펙트 젤,lsm****,,재구매,2회 이상 구매한 상품에 대한 리뷰입니다.,5점만점에 5점,2024.01.10,피부타입,건성에 좋아요,피부고민,보습에 좋아요,자극도,자극없이 순해요,이거 오프라인 매장에 거의 없어서 온라인 할인 행사 때만은 꼭 구매서 사용하고있어요저에겐 정말 인생제품입니다,https://static.oliveyoung.co.kr/pc-static-root/image/comm/my_picture_base.jpg,
하다라보 고쿠쥰 퍼펙트 젤,lsm****,,재구매,2회 이상 구매한 상품에 대한 리뷰입니다.,5점만점에 5점,2024.01.10,피부타입,건성에 좋아요,피부고민,보습에 좋아요,자극도,자극없이 순해요,세일 할때는 늘 사용해요 사실 하다리보만큼 만족하는 제품은 없답니다,https://static.oliveyoung.co.kr/pc-static-root/image/comm/my_picture_base.jpg,
하다라보 고쿠쥰 퍼펙트 젤,lsm****,,재구매,2회 이상 구매한 상품에 대한 리뷰입니다.,5점만점에 5점,2023.09.20,피부타입,지성에 좋아요,피부고민,주름/미백에 좋아요,자극도,자극이 느껴져요,저는 정말이지 이것만 씁니다그런데 오프린인 매장에서는 구하기 너무 힘들고가격이 쫌 비싼편이라 세일할때 온라인 오늘드림으로 주문해서 사용하는 편입니다,https://static.oliveyoung.co.kr/pc-static-root/image/comm/my_picture_base.jpg,
하다라보 고쿠쥰 퍼펙트 젤,ekqls****,,,,5점만점에 5점,2023.08.17,피부타입,복합성에 좋아요,피부고민,보습에 좋아요,자극도,자극없이 순해요,몇통을 썻는지 모르겟어요 ㅠㅠ10통 이상 재구매템!최고입니다 정말,https://static.oliveyoung.co.kr/pc-static-root/image/comm/my_picture_base.jpg,
하다라보 고쿠쥰 퍼펙트 젤,alzz****,,,,5점만점에 5점,2023.02.19,피부타입,건성에 좋아요,피부고민,보습에 좋아요,자극도,자극없이 순해요,라OO님이 예전에 보습력엔 이만한 게 없다고 추천해 줘서 2통 정도 쓰다가 잊고 있었는데 요즘 피부 건조가 많이 느껴져서 세일할 때 재구매했어요. 용량 깡패이고 세일할 때 사서 좋네요. 아침에 화장 전에 얹어 주면 좋아요.,https://static.oliveyoung.co.kr/pc-static-root/image/comm/my_picture_base.jpg,
하다라보 고쿠쥰 퍼펙트 젤,whower****,,,,5점만점에 5점,2023.01.29,피부타입,건성에 좋아요,피부고민,보습에 좋아요,자극도,보통이에요,크림 유목민 여기 정착합니다 한겨울이면 쩍쩍 갈라져서 아픔 처ㅣ악의 악건성인데 정말 쫀쫀촉촉해요 꼭 사십쇼,https://static.oliveyoung.co.kr/pc-static-root/image/comm/my_picture_base.jpg,
하다라보 고쿠쥰 퍼펙트 젤,gkdus****,,,,5점만점에 5점,2022.11.30,피부타입,건성에 좋아요,피부고민,보습에 좋아요,자극도,자극없이 순해요,이 라인 제품말고 흰색라인 썼을때는 끈적임이 좀 심했는데 이거는 깔끔한데 보습력까지 너무 좋은거 같아용,https://static.oliveyoung.co.kr/pc-static-root/image/comm/my_picture_base.jpg,
하다라보 고쿠쥰 퍼펙트 젤,simsim****,,재구매,2회 이상 구매한 상품에 대한 리뷰입니다.,5점만점에 3점,2022.02.06,피부타입,복합성에 좋아요,피부고민,진정에 좋아요,자극도,보통이에요,21.8.28. 구매한 제품이랑 유통기한이 한달차이 나요 맘에 안드네요 온라인으로 시켜서 그런가요;;;,https://static.oliveyoung.co.kr/pc-static-root/image/comm/my_picture_base.jpg,
하다라보 고쿠쥰 퍼펙트 젤,nook****,,,,5점만점에 5점,2022.01.06,피부타입,건성에 좋아요,피부고민,보습에 좋아요,자극도,보통이에요,몇년전에 한 번 한통다 비워서 써보고 오랜만에 써보는데 계속 괜찮은 것 같아요 속건조는 하다라보 제품이 저한테는 제일 맞네요,https://static.oliveyoung.co.kr/pc-static-root/image/comm/my_picture_base.jpg,
하다라보 고쿠쥰 퍼펙트 젤,sonogo****,,,,5점만점에 5점,2021.12.10,피부타입,복합성에 좋아요,피부고민,진정에 좋아요,자극도,보통이에요,이번 배송은 정말 많이 늦었어요. 구성은 나름 괜챦았어요.,https://static.oliveyoung.co.kr/pc-static-root/image/comm/my_picture_base.jpg,
하다라보 고쿠쥰 퍼펙트 젤,sarang****,,,,5점만점에 4점,2021.09.14,피부타입,건성에 좋아요,피부고민,보습에 좋아요,자극도,자극없이 순해요,쫀득한 제형에  화장을 할경우  밀리고 좀 끈적임이  있어요 대신보습력은 좋아요,https://static.oliveyoung.co.kr/pc-static-root/image/comm/my_picture_base.jpg,
하다라보 고쿠쥰 퍼펙트 젤,gosw****,,한달사용리뷰,상품 구매 후 30일 동안 사용 후 작성하신 리뷰입니다.,5점만점에 5점,2021.04.28,피부타입,복합성에 좋아요,피부고민,보습에 좋아요,자극도,자극없이 순해요,사용하기 편리한 타입이라 여행용으로 특히 좋은 것 같아요~ 추천추천합니다!,https://static.oliveyoung.co.kr/pc-static-root/image/comm/my_picture_base.jpg,
하다라보 고쿠쥰 퍼펙트 젤,kms****,,,,5점만점에 5점,2020.05.12,피부타입,복합성에 좋아요,피부고민,보습에 좋아요,자극도,자극없이 순해요,두 통째 쓰고잇어요. 피부도 촉촉해지고 너무 무겁지도 않고 최고인듯.,https://static.oliveyoung.co.kr/pc-static-root/image/comm/my_picture_base.jpg,그냥 사세요 후회안하십니다
하다라보 고쿠쥰 퍼펙트 젤,whddnjs****,,,,5점만점에 5점,2020.03.31,피부타입,건성에 좋아요,피부고민,보습에 좋아요,자극도,자극없이 순해요,잘쓰고있어요다시재구매합니다ㅎㅎ감사히쓸게요ㅎ,https://static.oliveyoung.co.kr/pc-static-root/image/comm/my_picture_base.jpg,항상ㅅ는좋은제품
하다라보 고쿠쥰 퍼펙트 젤,jinduor****,,,,5점만점에 5점,2019.02.23,,,,,,,이거 진짜 대박강추해요 수분감 진짜 장난아니에요 얼굴에 바르는순간 수분막이 촤르륵 코팅되는 느낌이에요 흡수도 잘되고 피부가 부들부들해져요이거진짜 인생크림될듯해요ㅠ 수분감 장난아니라 나이트팩으로 쓰는게 제일 좋을 것 같아요,https://static.oliveyoung.co.kr/pc-static-root/image/comm/my_picture_base.jpg,재구매의사 완전 있어요~
하다라보 고쿠쥰 퍼펙트 젤,cral****,,,,5점만점에 3점,2019.02.21,,,,,,,화해에서 성분이 안좋은 것이 있었지만 좋다고 해서 써봤는데 정말 좋아진 느낌이 확확 들어요. 한번 써보세요..탄력이 생기는 느낌이랄까...그래요,https://static.oliveyoung.co.kr/pc-static-root/image/comm/my_picture_base.jpg,발라보니 정말 좋아요 .
하다라보 고쿠쥰 퍼펙트 젤,ja****,,,,5점만점에 5점,2019.02.17,,,,,,,아침마다 얼굴 당김이 너무 심해서 겨율이 빨리 지났으면 바라고믄 있었던 일인입니다. 페이스오일도 써보고  크림도 써보고 1일 1팩도 해봤지만 그때뿐 ㅠ 다음나루아치무얼굴 당김은 아쩔수가 없나보다 했죠. 그런데 요걸로 수면팩처럼 듬뿍바르고 자니 다음날도 얼굴이 촉촉해요. 또 안 살 수가 없겠네요.,https://static.oliveyoung.co.kr/pc-static-root/image/comm/my_picture_base.jpg,
하다라보 고쿠쥰 퍼펙트 젤,ryxodd****,,,,5점만점에 2점,2019.01.25,,,,,,,저는 끈적임도 심하고  오일을 들이부은것처럼 번들한 광만 돌아요 ㅎㅎ .... 수분이 많다는 느낌도 못받았어요,https://static.oliveyoung.co.kr/pc-static-root/image/comm/my_picture_base.jpg,.........
하다라보 고쿠쥰 퍼펙트 젤,ysy1****,,,,5점만점에 5점,2018.12.13,,,,,,,피부가 속부터 알차지는게 느껴져요요요근데 떠는 스푼이 넚어서 좀 불편하네요 구래도 올 겨울 화장라나도 안뜨고 좋네요,https://static.oliveyoung.co.kr/pc-static-root/image/comm/my_picture_base.jpg,와 피부가 속부터  알차요
하다라보 고쿠쥰 퍼펙트 젤,sunghe****,,,,5점만점에 5점,2018.11.17,,,,,,,피부가 악건성이라서  겨울만되면 거친피부때문에 좋다는 수분크림은다써보고 있어요...하다라보 퍼펙트젤을 추천해서 구매했어요..받자마자  기대없이 밤에 바르고 그냥 잤어요...젤 느낌이 괜찮다했는데...오늘아침에 거울을보니 물광느낌?! .반들반들 느낌...오~이런느낌 처음이었어요~~왠만한 수분크림은 바를때 잠깐인데....아침까지 유지되는  수분감 너무 만족합니다~~~~저같은 악건성피부에  대박템입니다~♡,https://static.oliveyoung.co.kr/pc-static-root/image/comm/my_picture_base.jpg,
하다라보 고쿠쥰 퍼펙트 젤,dnflwlgp****,,,,5점만점에 5점,2017.10.29,,,,,,,아주 악건성이라 웬만한 수분크림은 다 땡기는데 이건 보습력이 아주 좋아서 맘에들어요 대용량이고,https://static.oliveyoung.co.kr/pc-static-root/image/comm/my_picture_base.jpg,촉촉하고좋아요
하다라보 고쿠쥰 퍼펙트 젤,딱지갱,웜톤,한달이상사용,첫 리뷰 작성 후 30일 동안 사용 후 작성하신 리뷰입니다.,5점만점에 5점,2024.05.25,피부타입,복합성에 좋아요,피부고민,보습에 좋아요,자극도,자극없이 순해요,십년전에 한참 이 브랜드 쓰다가 오랜만에 써봤어요 피부에 딱히 트러블 나는건없었고 진득하면서 촉촉한 제형이에요,,
하다라보 고쿠쥰 퍼펙트 젤,딱지갱,웜톤,,,5점만점에 5점,2024.04.03,피부타입,복합성에 좋아요,피부고민,보습에 좋아요,자극도,자극없이 순해요,쫀득하고 촉촉해서 신기한 제형이에요 가격도 저렴하고 촉촉 무난,,
하다라보 고쿠쥰 퍼펙트 젤,당오,복합성,한달이상사용,첫 리뷰 작성 후 30일 동안 사용 후 작성하신 리뷰입니다.,5점만점에 5점,2024.01.16,피부타입,건성에 좋아요,피부고민,보습에 좋아요,자극도,자극없이 순해요,정말 보습력 킹왕짱 입니다밤에만 듬뿍 얹어놓고 자는데다음날까지 촉촉하고~ 부드럽고정말 좋네요재구매해서 사용하도록 하겠습니다감사합니다,,
