product_name,id,tag,tag 2,tag 3,tag 4,point_flag,more_msg,point,date,txt_inner,num,thum src 5,top,top href
하다라보 고쿠쥰로션&밀크,뽀삐삐님,건성,여름쿨톤,모공,블랙헤드,한달이상사용,첫 리뷰 작성 후 30일 동안 사용 후 작성하신 리뷰입니다.,5점만점에 5점,2025.06.18,"배송도 빠르고 제품도 정말 마음에 듭니다 🥰  제가 악건성이라 그런지, 제 피부에서는 조금 수분감이 오래 못가더라구요~ 저처럼 ✔️악건성에게는, 여름에 찰떡인거 같아요!!앞으로도 세일 많이 해주세요 🩷  재구매의사 당연히 있습니다 💙 번창하세요 ❤️",0,,,
하다라보 고쿠쥰로션&밀크,달달한요정,건성,봄웜톤,미백,아토피,,,5점만점에 5점,2025.05.29,"스킨, 로션 세트 구성인 제품을 찾고 있었는데 제가 원하던 조합이어서 구매해봤어요💦 스킨 특징(170ml)- 무색무향 아주 살짝 점성 있음- 화장솜에 묻혀서 닦아내거나 팩으로 사용해도 됨- 저는 직접 피부에 그냥 촵촵 흡수시켰어요(굉장히 피부에 흡수도 잘되고 쫀쫀하게 밀착되는 느낌이 듭니다)- 제품 설명에 있듯이 탱글한 젤리같은 느낌이 들어요- 건성 피부인데도 한 번만 사용해도 보습력이 느껴집니다- 개인차가 있겠지만, 요즘 예민해진 피부인데 따갑거나 자극적이지도 않았어요🤍 로션 특징(140ml)- 하얗고 무향의 묽은 제형- 부드럽게 발리고, 마무리감도 끈적이지 않아요- 1차 스킨에서 보습력을 잡아주고 2차 로션에서 피부결 정리 및 수분 유지해줘서 정말 조합이 좋은 구성이에요!☁️ 크림 특징(50g)- 로션과 비슷하게 부드럽게 발리고, 수분감이 가득한 느낌이 들어요- 끈적거림이나 답답함을 싫어하시는 분이라도 전체적으로 가볍고 산뜻해서 괜찮을 듯한 느낌이 듭니다👍🏻장점- 수분감 가득한 제품 구성(스킨, 로션, 크림)- 지속력도 괜찮은 제품(저처럼 건성이신 분들은 크림을 2번 덧바르시면 더 지속력이 오래갑니다)",0,,,
하다라보 고쿠쥰로션&밀크,왕왕잇지,복합성,웜톤,트러블,피지과다,,,5점만점에 5점,2025.06.16,제가 써본 기초제품 중에 최고예요;;;; 이미 생긴 흉터는 못없애주는 거 같은데 여드름이 안나요..,0,,,
하다라보 고쿠쥰로션&밀크,hd****,,,,,,,5점만점에 5점,2025.06.02,"고쿠준로션&밀크 너무 부드럽고,피부에 너무 잘 맞아요~^^ 😊👍",0,https://static.oliveyoung.co.kr/pc-static-root/image/comm/my_picture_base.jpg,,
하다라보 고쿠쥰로션&밀크,Hailey423,지성,여름쿨톤,각질,다크서클,,,5점만점에 5점,2025.06.23,남자 친구 스킨케어용으로 사줬는데 가성비도 좋고 크림까지 와서 나중에 더 사볼려구요. 제품 역시 좋아서 강력 추천 드려요.,0,https://static.oliveyoung.co.kr/pc-static-root/image/comm/my_picture_base.jpg,,
하다라보 고쿠쥰로션&밀크,Chirillo,복합성,겨울쿨톤,다크서클,민감성,한달이상사용,첫 리뷰 작성 후 30일 동안 사용 후 작성하신 리뷰입니다.,5점만점에 4점,2025.06.20,밀크는 좀 겉도는 느낌이 심했어요. 로션은 촉촉하니 추천합니다,0,https://static.oliveyoung.co.kr/pc-static-root/image/comm/my_picture_base.jpg,,
하다라보 고쿠쥰로션&밀크,kyungmee****,,,,,,,5점만점에 5점,2025.06.11,"리뷰보니까 여름에 사용하기 좋을거 같다는 글을 보고 구매하게되었습니다.스킨, 로션이 제형이 가벼운데 바르면 흡수가 빠르고 쫀쫀해서 기분이 좋네요.구매할때는 사은품 정품 크림 증정이라는 말이 없었던거 같은데 같이 패키지로 왔네요.",0,https://static.oliveyoung.co.kr/pc-static-root/image/comm/my_picture_base.jpg,,
하다라보 고쿠쥰로션&밀크,앞집토토로,지성,웜톤,모공,민감성,,,5점만점에 4점,2025.02.28,하라다조고쿠쥰은 제품력도 뛰어난데 가격이 저렴해서 마음에드네요. 게다가 스킨로션뿐만아니라  정품용량크림까지  있어 정말 대박이에요. 제품은 고 보습이고 피부에 흡수가 잘되 촉촉합니다. 그리고 피부에 자극없이 순해서 좋네요. 다음에도 재구매를 할것 같아요.,3,,TOP 775,javascript:;
하다라보 고쿠쥰로션&밀크,낭만냥이,민감성,쿨톤,모공,민감성,한달이상사용,첫 리뷰 작성 후 30일 동안 사용 후 작성하신 리뷰입니다.,5점만점에 5점,2024.12.21,가성비 좋은 피부 보습제품을 원하시면 무조건 추천함!이 구성에 가격 할인할 때 구매하면 진짜 가성비 최고임.솔직히 일본 현지에서 구매하는 것보다 더 저렴한 거 같음.제품도 순해서 나이 어린 친구들이 사용해도 괜찮음.(20살인 대학생 조카한테 선물해 줬었는데 아주 좋아했음),3,,TOP 33,javascript:;
하다라보 고쿠쥰로션&밀크,끼리몬,,,,,,,5점만점에 5점,2024.11.26,아니 하다라보 세트 너무 좋아용!이 가격에 정품크림이랑 귀여운 세안밴드까지 완전 럭키비낑~~☆피부가 건성이여서 겨울엔 보습감 오래가는걸로 사용하는데 이렇게 세트로 같이 쓰니깐 보습감이 대박이에용! 촉촉함 엄청 오래가요! 로션은 물+ 콧물제형이라 레이어링 몇번 해주거나 스킨팩으로 해줘도 좋고  크림 텍스쳐는 부드러운데 톡톡 두드리면 쫀쫀하게 늘어나용~~ 피부에 광채가 살아납니댱내년 봄까진 하다라보 계속 쓸듯!,2,https://image.oliveyoung.co.kr/uploads/images/gdasEditor/2024/11/26/470f8cd5d82e45aebe5825a89ddbc2341732551890064.png?QT=85&SF=webp,,
하다라보 고쿠쥰로션&밀크,빵유나,민감성,겨울쿨톤,각질,모공,,,5점만점에 5점,2024.11.22,오래도록 팔리는덴 이유가 있어요고쿠쥰 스킨 진짜 넘 좋습니다밀크까지 쓰면 더 좋지만 정신없을땐 스킨만 발라줘도 보습력 끝장입니다운동다닐떄 이거 하나 가지고 다녀요 ㅎㅎ 요즘같은 추운날씨에도 보습 짱짱하네요-답답함 없는 보습이라 요즘 기초로 최애입니다,1,,,
하다라보 고쿠쥰로션&밀크,teatime,복합성,여름쿨톤,각질,다크서클,,,5점만점에 5점,2024.05.16,"이 세트는 스킨케어를 끝낼 수 있는 세트예요. 에센스, 밀크와 크림을 다 줘서 클렌저를 하나면 사면 끝이에요. 초보자에게 아주 좋은 선물일 것 같아요! 아니면 가성비가 아주 좋아서 학생들도 좋아할 것 같아요!저는 2번 구매했는데 앞으로도 계속 재구매할 것 같아요. 세트 제품 중에 밀크를 제일 좋아해요! 이유 다음과 같아요!- 피부가 건조하면 일반 에센스보다 보습을 더 시킴 (하다라보 에센스 말만 아니구 토리든... 브링그린 등 사용해 봤는데 하다라보가 제일 좋았어요!)- 겨울에 쓰면 건조한 피부 예방임- 레티놀을 사용하면 이거 진짜 진짜 좋아요. 레티놀을 사용하기 전에 크림이나 에센스를 바른 후 레티놀을 발라야해요. 근데 너무 얇은 에센스를 바르면 자극을 느낄 수 있어요. 밀크를 바르고 레티놀을 바르면 자극이 없고 레티놀 효과가 더 뛰어나요.초보자... 레티놀 쓰는 분... 모두에게 하다로보 세트를 추천드리고 싶어요!",10,,,
하다라보 고쿠쥰로션&밀크,바닐랑,민감성,쿨톤,모공,민감성,한달이상사용,첫 리뷰 작성 후 30일 동안 사용 후 작성하신 리뷰입니다.,5점만점에 5점,2023.07.07,한달사용리뷰입니다!일단 용량이 적을 줄 알았는데 은근 많아요 ㅋㅋ#수분감속건조도 잡아줘서 그냥 아침에 간단하게 쓰기 좋았어요!#용량은근 많아서 좋음그냥 보습감 많은 기초제품이었어요!50~60대도 그냥 수분감있게 쓰기 좋은 느낌?근데 지금 날씨에는 쓰고 나서 약간의 유분감이 있을수도 있을 것 같아요 겨울에 추천!,6,,,
하다라보 고쿠쥰로션&밀크,바닐랑,민감성,쿨톤,모공,민감성,,,5점만점에 5점,2023.06.07,"피부에 수분을 잘 채워주는 제품인것같아요!푸석푸석한 피부에 좋을 것 같아요!바르기 전에는 진짜 푸석한 피부가 바르니까 촉촉해졌어요!무난템으로 추천합니다~ 기획도 괜찮고 가격도 괜찮네요다들 세일때 구매해보세요~구성:스킨,로션,크림추천:푸석푸석한 피부 수분이 필요하신 분",7,,,
하다라보 고쿠쥰로션&밀크,현승이,,,,,,,5점만점에 5점,2022.12.05,"하다라보 고쿠쥰 밀크 140ml (히알루론산 고보습 모이스처라이저)3중 히알루론산 배합으로 피부에 수분을 빠르게 전달해 쫀득쫀득 찹쌀떡 피부를만들어 주는 고보습 모이스처라이저라고 합니다.*히알루론산이란?피부에 포함되어 신체에 모든 부위에 존재하는 중요한 물질.1g에 6L 수분을 보유하는 높은 수분력을 가지고 있음 제품 특징으로는,히알루론산 3중 배합으로 탁월한 보습감✔밀도감 있는 에센스와 같은 모이스처라이저✔부드럽게 발리는 가벼운 질감의 텍스쳐✔",2,,,
하다라보 고쿠쥰로션&밀크,나디아33,지성,쿨톤,미백,잡티,,,5점만점에 5점,2022.08.14,"건조한 피부에 순한 제품을 찾으신다면, 귀여운 하리보젤리컵이 증정되는 하다라보 추천합니당🌷스킨 로션이 떨어져서 알아보다 웬 귀여운 하리보 컵이 증정 되는 하다라보 스킨 로션이 있었습니다 ~~ 귀여운것은 안사고는 못 지나치는 저라서 무조건 구매할 수 밖에 없었습니다!! 하다라보 제품은 일본 여행했었을당시 많이 봤었는데 구매해서 사용 한적은 없었어서 기대하며 기다렸습니다스킨 로션 크림 세트인데요! 토너는 스킨케어 첫 단계에서 부담 없이 사용하기 정말 좋네요 ~ 흡수력도 좋은 편이고 눈쪽에 가깝게 사용해도 따갑지가 않았어요 에멀젼도 토너보다 점성이 있긴 한데 둘 조합이 괜찮았어요 크림도 쫀득하면서 가벼우면서 리치한 느낌도 들고 한동안은 하다라보 고쿠쥰 라인에 장착할것겉아요❣️순한제품으로 추천드려요",3,,,
하다라보 고쿠쥰로션&밀크,루루이,민감성,겨울쿨톤,각질,모공,,,5점만점에 4점,2022.07.29,하다라보는 보습 수분 때문에 사용하게 되는 것 같아요.피부에 수분이 부족하면 피부도 생기 없어 보이보 그렇더라구요. 고민하다가 구매해봤는데 생각보다는 아니지만 그래도 괜찮았어요.👉추천피부건성이시거나 복합성 피부(지성분들도 쓸만할 것 같은데 양만 조절해 쓰심 될 것 같아요.)👉수분감발랐을 때 촉촉함은 물론이고 촉촉함이 좀 오래 가는 편이었어요.👉발림성부드럽게 잘 발려요.👉트러블제가 트러블이 요즘 좀 있는데 사용하기 괜찮았지만 소량씩 사용하는걸 추천드려요.👉자극자극 없었고 순하게 사용 가능해요.👉구성세일도 많이 하고 스킨 로션 크림 까지 있으니 알차더라구요.지금은 날씨가 너무 더워서 크림은 아주 조금만 사용하거나 로션이랑 번갈아가면서 사용 중입니당💙수분충전에 딱,4,,,
하다라보 고쿠쥰로션&밀크,MoonShine,복합성,웜톤,미백,블랙헤드,,,5점만점에 5점,2022.07.02,날이 더웠지만 빨리 써보려고 픽업했어요 걸어서 왕복 20분거리를 폰을 놔두고 가서 땡볕에 코앞에서 다시 왔다갔다 했지만생고생이 아깝지 않은 제품인거같아요여름이라 땀이 많이나니까 피부에도 수분보충 해줘야 될거같은데 하다라보 고쿠쥰이 속보습에 좋대서요 집에 오자마자 샤워하고 얼굴에 발라보는데 끈적이는거 같아도 두드리니까 빨리 스며들었어요 수분감이 많으면 무겁고 유분기도 많아지는데 가벼우면서  촉촉해서 맘에 들었어요일단 쓰던거 다 빼고 올 여름은 하다라보와 같이 할꺼예요 행사해서 로션 밀크 크림 3가지구성이라 잘 산거같아요,1,,,
하다라보 고쿠쥰로션&밀크,Amyyy,복합성,쿨톤,각질,아토피,,,5점만점에 3점,2022.02.16,저 하다라보 스킨 로션 진짜 좋아하는데 이번에 배송 때문에 너무 스트레스를 많이 받아서 별 2개 뺐어요이래도 되는지는 모르겠지만 그리고 이런 식으로 배송 영향으로 제품까지 싫어진 건 처음이라서요1월 31 일날 시킨 건데 오늘 받았어요심지어 원래 시킨 곳에는 배송이 불가 할 것 같아서 다른 집 주소로 가서 받고 제가 제품을 가지러 갔다 왔어요 이게 뭔지 모르겠네요뭐 그건 그렇다 치고 하다라보 스킨 로션 되게 좋아요엄청 꾸덕꾸덕한 재질은 아닌데 얼굴에 발라보면 확실히 닦아내는 토너랑은 정말 다른 느낌이에요토너에서부터 수분이 짱짱하게 느껴지거든요 일본 제품이라서 사용하기 싫은 마음에 한동안 안 쓰고 있었는데 결국은 이만한 수분감 유지 해주는 토너랑 로션은 없어서 다시 돌아왔어요성분도 순해서 사용하면서 트러블이나 피부염이 심해진 적도 한번도 없어요 다시 사용 해 보려고 합니다지금 엄청 저렴하게 세일 하고 있던데 스킨로션 필요하신 분들 1번 사 보셨으면 좋겠어요그리고 무려 정품 크림을 증정해 주네요그리고 제발 부탁이니까 배송지 확인 먼저 하고 사주세요1월에 시킨 걸 2월 중순에 받는 기적을 봅니다올리브영 잘못은 아니지만 정말 힘들었어요,0,,,
하다라보 고쿠쥰로션&밀크,Zzang2ya,,,,,,,5점만점에 4점,2020.11.08,피부가 넘넘 건성이라~ 하다라보 고쿠쥰 구매해봅니다~첫구매에요 평이 좋아서 기대잔뜩 했습니다~ 아직 써보진 않았지만 제발 기대한만큼 보습효과 있기를 바라봅니다~ 로션도 하나 더 주시고~^^ 잘쓸께요~^^,2,,,
하다라보 고쿠쥰로션&밀크,kgh****,,,,,재구매,2회 이상 구매한 상품에 대한 리뷰입니다.,5점만점에 5점,2025.06.01,좋아요 짱 좋아요 추천합니다 굿굿 입니다 ㅎㅎㅎㅎ 너무 좋아서 피부가 막 미쳐요 강추강추,0,https://static.oliveyoung.co.kr/pc-static-root/image/comm/my_picture_base.jpg,,
하다라보 고쿠쥰로션&밀크,kind****,,,,,한달이상사용,첫 리뷰 작성 후 30일 동안 사용 후 작성하신 리뷰입니다.,5점만점에 4점,2025.05.11,테스트 하고 구매했습니다.  생각보다 괜찮은 제품이어서 또 구매했습니다. 건조한 겨울이나 환절기 보습에 좋아요.,0,https://static.oliveyoung.co.kr/pc-static-root/image/comm/my_picture_base.jpg,,
하다라보 고쿠쥰로션&밀크,챙이얌,,,,,,,5점만점에 5점,2025.07.02,"로션은 가볍고 촉촉하게 흡수돼서 끈적이지 않아요. 밀크는 보습력이 정말 좋고, 피부가 하루 종일 촉촉하게 유지돼서 건조할 때 쓰기 딱이에요. 피부가 부드러워진 느낌!",0,https://static.oliveyoung.co.kr/pc-static-root/image/comm/my_picture_base.jpg,,
하다라보 고쿠쥰로션&밀크,ㅈㅣㅁ니,,,,,한달이상사용,첫 리뷰 작성 후 30일 동안 사용 후 작성하신 리뷰입니다.,5점만점에 5점,2025.05.25,제가 이거 어렸을 때 부터 몇년째 쓰고있는 제품인데요..이거 너무 좋습니다..진짜 순하고 바르면 피부가 쫀득해져요 끈적거리는거 싫어하시는분들은 싫어하실 수 있는데 그럼 고보습크림만 안바르면 꽤 산뜻하게 마무리 되는 고 같아요 전 쫀쫀하고 그런거 좋아해서,1,https://static.oliveyoung.co.kr/pc-static-root/image/comm/my_picture_base.jpg,,
하다라보 고쿠쥰로션&밀크,앞집토토로,지성,웜톤,모공,민감성,한달이상사용,첫 리뷰 작성 후 30일 동안 사용 후 작성하신 리뷰입니다.,5점만점에 5점,2025.04.23,하다라보고쿠쥰 로션셋트 세일을 하길래 구매를 했습니다. 저렴하지만 성능이 뛰어난 제품이네요. 보습력도 좋고 피부에 촉촉하게 스며드네요. 사용해보니 만족스러워서 다음에도 재구매를 하고싶습니다.,3,,TOP 775,javascript:;
하다라보 고쿠쥰로션&밀크,낭만냥이,민감성,쿨톤,모공,민감성,재구매,2회 이상 구매한 상품에 대한 리뷰입니다.,5점만점에 5점,2025.04.17,토너+로션+크림 이 구성에 무료배송까지 돼서 다 좋은데~선물로 보낼 경우 따로 포장을 못하는 게 조금 아쉬워요.구성이 워낙 좋다 보니까~ 받으신 분들도 좋아하셨어요.,6,,TOP 33,javascript:;
하다라보 고쿠쥰로션&밀크,낭만냥이,민감성,쿨톤,모공,민감성,재구매,2회 이상 구매한 상품에 대한 리뷰입니다.,5점만점에 5점,2025.04.17,"토너+로션+크림 이 구성으로 줄 때 구매하세요.진짜 일본 현지에서 구매하는 것보다 더 저렴해요.다만, 평소 끈적임이 있는 제형을 싫어하시거나~피부가 조금 민감하시면 안 맞을 수도 있어요.",6,,TOP 33,javascript:;
하다라보 고쿠쥰로션&밀크,까눌레379,복합성,쿨톤,모공,잡티,한달이상사용,첫 리뷰 작성 후 30일 동안 사용 후 작성하신 리뷰입니다.,5점만점에 5점,2025.03.19,배송도 빠르고 제품도 좋았어요 촉촉해서 로션+스킨 기능하는 느낌? 귀찮게 여러 개 안발라도 되고 넘 편해요! 다음에 또 구매할 예정이예요!,3,,TOP 348,javascript:;
하다라보 고쿠쥰로션&밀크,낭만냥이,민감성,쿨톤,모공,민감성,재구매,2회 이상 구매한 상품에 대한 리뷰입니다.,5점만점에 5점,2025.01.22,"이 가격(21,600원)에 토너+로션+크림까지 주면 진짜 가성비 최강임!지금 구매하면 세안밴드까지 주던데~ 하나 더 구매해야 하나? 고민 중!",4,,TOP 33,javascript:;
하다라보 고쿠쥰로션&밀크,낭만냥이,민감성,쿨톤,모공,민감성,재구매,2회 이상 구매한 상품에 대한 리뷰입니다.,5점만점에 5점,2025.01.22,제품 구성이 괜찮아서 지인들 명절선물로 구매했어요.약간 끈적함이 있기는 하지만~ 흡수력도 좋아요.,4,,TOP 33,javascript:;
하다라보 고쿠쥰로션&밀크,토마토26,건성,여름쿨톤,모공,잡티,,,5점만점에 5점,2024.11.28,"촉촉하고 보습감이 좋아서 지금 같은 찬바람 부는 계절 필수템이 될 거 같아요! 수분보습 잘 채워주는데 밀크,로션에 크림과 세안밴드까지 구성되어있어 너무 좋아요",1,,,
하다라보 고쿠쥰로션&밀크,뷰티왕,복합성,봄웜톤,탄력,,,,5점만점에 5점,2024.11.25,"하다라보 제품 사용해보고 싶었는데 굿딜로 구매합니다고쿠쥰 로션, 밀크에 정품 크림까지게다가 세안 머리띠까지 받아서 아주 혜자로운 딜이네요요즘 건조해서 피부가 수분이 부족한데고쿠쥰 로션 밀크 크림 사용하니 피부가 편안해졌어요",1,,,
하다라보 고쿠쥰로션&밀크,낭만냥이,민감성,쿨톤,모공,민감성,,,5점만점에 5점,2024.10.15,스킨+로션 구성에다가 증정으로 크림까지 주면 무조건 구매해야 함!!,14,,TOP 33,javascript:;
하다라보 고쿠쥰로션&밀크,황올라,복합성,여름쿨톤,모공,민감성,한달이상사용,첫 리뷰 작성 후 30일 동안 사용 후 작성하신 리뷰입니다.,5점만점에 5점,2024.03.14,예전에 사용해보고 피부가 정말 좋아진 적이 있어서 이번에도 구입해 봤는데 환절기에 사용하면 정말 좋을 것 같아요. 수분 충전이 되는 느낌입니다,7,,TOP 218,javascript:;
하다라보 고쿠쥰로션&밀크,낭만냥이,중성,쿨톤,모공,민감성,한달이상사용,첫 리뷰 작성 후 30일 동안 사용 후 작성하신 리뷰입니다.,5점만점에 5점,2024.03.09,"보습에 효과가 좋으면서 가격까지 저렴한 제품을 찾으신다면 추천!다만, 사용감이 조금 무거운 편이라서 사용 후 끈적임이 좀 있어요.그래서 평소 산뜻한 사용감을 좋아하시면 안 맞을 수도 있어요.",3,,TOP 33,javascript:;
하다라보 고쿠쥰로션&밀크,황올라,복합성,여름쿨톤,모공,민감성,,,5점만점에 5점,2024.02.13,예전에 하버를 사용했을 때 피부가 굉장히 좋았었던 기억이 있어서 다시 구입해봤습니다. 요즘 건조해서 그런지 피부가 많이 안 좋아졌더라구요. 그런데 이번에 좋은 구성이 있어서 구입해 봤어요!,8,,TOP 218,javascript:;
하다라보 고쿠쥰로션&밀크,낭만냥이,중성,쿨톤,모공,민감성,,,5점만점에 5점,2024.02.08,예전에 일본에 있었을 때 정말 많이 사용하던 제품!!가격대비 가성비가 참 좋은 데다가 제품도 괜찮아요.가격할인+정품크림까지 줘서 오랜만에 구매해 봤어요.,3,,TOP 33,javascript:;
하다라보 고쿠쥰로션&밀크,색조집착광공,민감성,웜톤,모공,민감성,한달이상사용,첫 리뷰 작성 후 30일 동안 사용 후 작성하신 리뷰입니다.,5점만점에 5점,2023.07.26,사진 순서대로 로선-밀크-크림이에요.기초케어도 이 순서대로 해주면 됩니다.셋 중에서도 크림이 진국이라 제 동생이 맨날 빌려써요.세일할 때 사면 가성비도 좋아요. 추천합니다:),1,,,
하다라보 고쿠쥰로션&밀크,안뇽난구름,트러블성,웜톤,민감성,블랙헤드,한달이상사용,첫 리뷰 작성 후 30일 동안 사용 후 작성하신 리뷰입니다.,5점만점에 4점,2023.05.03,촉촉하게 아주 잘 발리며 자극도 없이 순한 제품임. 피부 뒤집어지고 쓸만한 제품 없을 때 종종 이용해야겠음,8,,TOP 216,javascript:;
하다라보 고쿠쥰로션&밀크,안뇽난구름,트러블성,웜톤,민감성,블랙헤드,,,5점만점에 4점,2023.04.03,순한 제품 찾느라 돌고 돌아 대학생 때 쓰던 하다라보 생각나서 구매해봄. 순하고 촉촉함,8,,TOP 216,javascript:;
하다라보 고쿠쥰로션&밀크,tulip,건성,웜톤,모공,민감성,,,5점만점에 5점,2023.03.21,사용하고 나면 아침에 피부가 촉촉하고 보들보들해져서 만족스러웠던 제품이에요!,2,,,
하다라보 고쿠쥰로션&밀크,올드꼬이,복합성,쿨톤,블랙헤드,주름,한달이상사용,첫 리뷰 작성 후 30일 동안 사용 후 작성하신 리뷰입니다.,5점만점에 4점,2023.01.30,촉촉하고 무난하게 잘 사용할 수 있는 제품.하지만 그 이상 그 이하도 아닌 그냥 딱 기본ㅎㅎ피부 효과 개선을 기대하면서는 사용하긴 힘들 것 같아요국산 제품 좋은 거 많아서😽,1,,,
하다라보 고쿠쥰로션&밀크,닝닝닝이,,,,,,,5점만점에 5점,2022.07.10,"가성비 보습짱짱 아이템이에요.구성이 좋아서 물로도 좋을 것 같아요.스킨,로션,크림 다 자극없이 순해요~트러블유발도 없고 편안하게 해줘요",1,,,
하다라보 고쿠쥰로션&밀크,socazzy,복합성,쿨톤,각질,다크서클,,,5점만점에 5점,2024.11.29,하다라보 고쿠준 로션은 적당히 묽은 투명제형에 흡수성이 어찌나 좋은지 흐르지 않고 발리며 속까지 차오르며 시원해지는 보습력이 너무좋다.다음 밀크도 적당히 묽은 밀키밀키한 우유빛에  유분이 많지않아 슥 스며듬이 정말좋다.크림 또한 밀크보다는 묽은 제형으로 수분크림같은 느낌.역시 보습의 끝판왕.,0,https://static.oliveyoung.co.kr/pc-static-root/image/comm/my_picture_base.jpg,,
하다라보 고쿠쥰로션&밀크,cmsu,건성,웜톤,,,,,5점만점에 5점,2024.11.19,7년 전 쯤 일본여행 가서 사왔는데 너무 촉촉하고 수분이 가득하더라고요. 지금은 일본에 안 가니까 생각이 났었는데 한국에도 판매한다니 너무 좋아요 촉촉하고 겨울에 딱이네요! 이 가격에 구성도 너무 좋아요. 헤어밴드도 너무 귀엽습니다 ㅎㅎ,1,,,
하다라보 고쿠쥰로션&밀크,올영최고양,건성,여름쿨톤,잡티,,,,5점만점에 5점,2025.05.16,촉촉하고 순해요! 세트고 작아서 여행갈때 가지고 가기 좋을거같아요,2,,TOP 806,javascript:;
하다라보 고쿠쥰로션&밀크,sosorealtea,지성,웜톤,각질,모공,,,5점만점에 5점,2022.07.11,본품도 좋은데 사은품에서 감동!!!피부보습 끝핀왕이에요!!!,0,https://static.oliveyoung.co.kr/pc-static-root/image/comm/my_picture_base.jpg,,
하다라보 고쿠쥰로션&밀크,망고소르베03,건성,여름쿨톤,블랙헤드,잡티,,,5점만점에 5점,2025.05.27,에멀전 토너 세트여서 저렴한 기획세트로 구매했어요 쫀쫀해서 죟아요,0,,,
하다라보 고쿠쥰로션&밀크,엉덩덩이,,,,,,,5점만점에 5점,2024.12.02,"하다라보 고큐쥰 진짜 촉촉촉티비 광고에서 본적있는데 , 피부가 너무 건조해서 구매와 진짜 촉촉하다로보 밀크 제형이 너무 신기 묽은데,오일같진 않으면서 바르고 흡수 시키니 얇은 막이 생기는 느낌이에요로션까지 바르니 진짜 겨울은 이것으로 버티면 될거 같아요",0,https://static.oliveyoung.co.kr/pc-static-root/image/comm/my_picture_base.jpg,,
하다라보 고쿠쥰로션&밀크,코니네,,,,,,,5점만점에 5점,2024.12.01,겨울이 되니 각질도 많이 일어나고 속당김도 심해서 보습에 엄청 신경쓰고 있는데 고쿠쥰 워낙 유명해서 구매했어요! 세트 구성도 좋고 같이 온 세안밴드도 귀엽네요ㅎㅎ 오자마자 발라보니 진짜 촉촉하고 모찌같은 피부를 만들어주네요!! 피부가 하루종일 촉촉해서 미스트가 필요없을 정도에요~ 왜 유명한지 알겠어요! 겨울엔 무조건 고쿠쥰이네요,0,https://static.oliveyoung.co.kr/pc-static-root/image/comm/my_picture_base.jpg,,
하다라보 고쿠쥰로션&밀크,해피써니0,복합성,웜톤,각질,잡티,,,5점만점에 5점,2024.11.29,"하다라보 고쿠쥰 워낙 유명하고 인기템인데 이번 세트 구성 혜자스럽네요! 거기다 구성품에 포함된 세안밴드도 너무 귀요미~~안그래도 요즘 너무 건조했었는데 스킨, 로션에 크림까지 같이 쓰니 더 촉촉하구, 피부가 쫀득쫀득 수분감 오래가고 좋아요.",0,https://static.oliveyoung.co.kr/pc-static-root/image/comm/my_picture_base.jpg,,
하다라보 고쿠쥰로션&밀크,고미가,,,,,,,5점만점에 5점,2024.11.25,"하다라보의 고쿠쥰 제품은 확실히 보습에 탁월하다고 잘 알려져 있는 제품입니다. 로션, 밀크에 더해 크림까지 더해져 확실하게 보습에 도움이 될 것 같습니다.바를 때 느끼는 거지만 정말 순한 제품이라고 쓰면서 느껴지는 제품입니다. 안그래도 겨울에 보습에 신경을 쓸 수 밖에 없는데 이 계절에 딱 맞는 제품이라 할 수 있겠습니다.",0,https://static.oliveyoung.co.kr/pc-static-root/image/comm/my_picture_base.jpg,,
하다라보 고쿠쥰로션&밀크,하이바라아잉,,,,,,,5점만점에 5점,2022.07.08,오늘배송이라 진짜 빨리 받았어요. 여기 스킨이 좋은건 써봐서 알고 있었거든요. 이번에는 스킨로션을 같이 쓰고 싶어서 주문했답니다. 사은품 크림까지 완벽한 구성!! 쫀쫀하면서 촉촉!! 써보면 왜 하다라보 하다라보 하는지 알게 되실꺼에요.,0,https://static.oliveyoung.co.kr/pc-static-root/image/comm/my_picture_base.jpg,,
하다라보 고쿠쥰로션&밀크,고미가,,,,,,,5점만점에 5점,2022.07.02,"하다라보 고쿠쥰은 일본에서 굉장히 유명한 제품이라 하는데 이번에 좋은 구성으로 나와 처음 사용해 봤습니다. 로션, 밀크, 크림의 구성이 이 가격이라니 상당히 놀라운 구성입니다.첫 사용인데 굉장히 잘 맞는 것 같습니다. 쫀쫀한 느낌이 좋은 로션, 밀크, 크림인데 히알루론산과 유산균으로 발효한 화장품이라니 피부에도 잘 맞는 듯 합니다. 이런 구성 또 보고 싶네요.",0,https://static.oliveyoung.co.kr/pc-static-root/image/comm/my_picture_base.jpg,,
하다라보 고쿠쥰로션&밀크,시긍,,,,,,,5점만점에 5점,2022.03.06,"구매일자: 2022. 03. 05저는 이 상품을 학생때부터 꾸준히 5년 간 사용했어요.구매처는 다양했는데 이번에 올영세일 기간에는 올리브영에서 구매하는 것이 토너, 로션, 크림 구성이 좋고 가장 저렴해서 구매하게 되었습니다 🤍토너: 제형이 일반적인 토너와 다르게 촉촉하게 올라가요. 저는 따로 솜에 뭍혀 바르지 않고 떨어뜨려서 바로 바릅니다. 손으로 두드려서 발라주면 이후에 뽀송하게 흡수되어 기름도 안뜨고 깔끔합니다.로션: 토너를 바른 뒤 사용합니다. 로션은 타사와 비슷한 질감인데 조금 더 가볍습니다! 사용감은 토너랑 비슷한 것 같아요.크림: 수분크림처럼 세럼을 바르기 전에 발라줍니다. 저녁에 바르고 자면 아침에 기름이 덜 뜨는 것 같아요.타사 제품으로 한 번 바꿨었는데 기름이 많이 올라와서 그 이후로 바꾸지 않고 꾸준히 사용하고 있습니다. 가격도 비싸지 않고 저렴해서 이 정도면 괜찮다고 생각합니다. 저는 복합성 피부인데 이 제품응 사용했을 때 기름기가 가장 적은 것 같고, 베이스 화장을 올려도 뽀송함이 느껴져서 계속 사용하고 있어요!고민 중이라면 추천합니다 🤍피부가 뽀송해지고, 순한 화장품이라 트러블도 올라오지 않는 것 같아요. 주문하면 유통기한도 넉넉히 1년 8개월 정도 되는 것 같네요 ~ ☺️그리고 기초제품에 향있는 것을 싫어하시는 분들한테도 추천합니다 ~!무향이라 더 순하게 사용할 수 있는 것 같아요 🤍뽀송 촉촉 부드러운 하다라보 기초제품 올영세일 기간에 득템하세요 ~",1,https://static.oliveyoung.co.kr/pc-static-root/image/comm/my_picture_base.jpg,,
하다라보 고쿠쥰로션&밀크,뽀삐삐님,건성,여름쿨톤,모공,블랙헤드,,,5점만점에 5점,2025.02.18,"배송도 빠르고 제품도 정말 마음에 듭니다 ❤️ 건성이라 믿고 구매했습니다!! 제가 악건성이라 그런지, 제얼굴에서는 시간이 지나면 당기고 건조해지더라구요~~ 낮보다는 저녁에 바르는 게더 좋았어요~ 낮에는 메이크업이 밀릴 수 있어요~~ 번창하세요 ❤️",1,,,
하다라보 고쿠쥰로션&밀크,이두란,건성,봄웜톤,아토피,잡티,재구매,2회 이상 구매한 상품에 대한 리뷰입니다.,5점만점에 5점,2024.03.05,고등학생 때 잘 썼던 제품이었는데 오랜만에 눈에 띄어 구매하게 되었습니다!여전히 순하고 보습도 잘 되더라고요악건성인 저한테 딱 맞았습니다로션 : 촉촉하고 흡수가 된 뒤에 막이 생기는 느낌밀크 : 일반적인 에멀젼 느낌크림 : 밤에 쓰기 좋음. 피부가 쫀쫀해지는 느낌크림 얹어 놓고 자면 다음날 아기 피부가 된답니다 .. ♥,0,,,
하다라보 고쿠쥰로션&밀크,lavenderbris,건성,겨울쿨톤,각질,탄력,재구매,2회 이상 구매한 상품에 대한 리뷰입니다.,5점만점에 5점,2023.05.15,한동한 반일 감정이 사회에 있었어서 그런지 이제품 좀 묻혀있었던것 같아요 저는 남자 여자 공용 화장품으로 최고 입니다. 정말 추천해요 일단 무향이고 스킨은 쫀쫀 타입이고 밀크로션은 보통이고 더 얼굴 당기시면 크림까지 바르시면 되요. 남자 들은 끈끈한거 싫어하면 밀크로션만 마르셔도 좋을거구요.,0,,,
하다라보 고쿠쥰로션&밀크,Aimablee,복합성,웜톤,모공,탄력,한달이상사용,첫 리뷰 작성 후 30일 동안 사용 후 작성하신 리뷰입니다.,5점만점에 5점,2023.02.15,하다라보 고쿠쥰 라인은 요즘 같은 환절기에 쓰기 너무 좋아요 마스크가 해제되었지만 대중교통이나 의료기관에서는 꼭 착용해야하잖아요 그래서 피부가 많이 예민해지고 트러블이 올라올 때가 있는데 아침 저녁으로 하다라보 고쿠쥰 스킨으로 피부결 정리해주고 로션으로 수분막 채워주고 크림으로 마무리 해주면 놀랍게도 다음 날 아침에 피부가 수분을 머금고 있어요 향도 자극 없이 순해서 데일리로 막 사용하기 가성비 굿입니다 그리고 크림이 묽어보여도 바르고 나면 쫀쫀해서 피부 보습막을 씌여줍니다 스킨-로션-크림 이렇게 꾸준히 바르고 있는데 건조함이 전혀 안 느껴지고 데일리 기초 루틴으로 쓰기에 무난하고 좋습니다 피부타입이 복합성 피부라 너무 유분기가 많으면 과하다고 생각하는데 유수분 밸런스를 잘 맞춰줘서 굿입니다,0,,,
하다라보 고쿠쥰로션&밀크,lavenderbris,건성,겨울쿨톤,각질,탄력,한달이상사용,첫 리뷰 작성 후 30일 동안 사용 후 작성하신 리뷰입니다.,5점만점에 5점,2023.01.09,"무향이구요 병도 아주 심플하게 생겨서, 잘 나오구요, 무엇보다 가격이 너무 착합니다. 남편이 일본에 갔다가 이 광고를 봤던 모양이에요. 우연히 무향 스킨로션 찾다가 사다주었는데 매우 좋아하네요. 저도 가끔 같이 써요. 순하고, 스킨은 완전 묽지않은 좀 되직한 형이에요.",0,,,
하다라보 고쿠쥰로션&밀크,IIIllIll,,,,,한달이상사용,첫 리뷰 작성 후 30일 동안 사용 후 작성하신 리뷰입니다.,5점만점에 5점,2022.12.30,"촉촉해요. 어느계절에나 사용하기 좋은 스킨,로션 입니다. 다만 같이 이벤트로 붙여주신 수분크림은 젤 제형이라 겨울에 쓰기엔 너무 가볍고, 뒀다가 여름에 쓰려구요. 여름에 쓸땐 이 스킨로션으로 충분히 촉촉하다 생각했는데, 겨울에 구매해서 써보니 너무 건조한 요즘 날씨엔 이정도도 아쉽단 생각이 들어요. 유분감이 많이 없어서 지상피부인 저한텐 좋긴하지만, 수분을 가둬두는 느낌은 부족해서 마무리로 조금 무거운 시카크림을 발라서 마무리해요. 가격 이벤트할 때 사서 저렴하게 잘 산거 같고 앞으로도 이벤트 계속했으면 좋겠네요~",2,,,
하다라보 고쿠쥰로션&밀크,IIIllIll,,,,,,,5점만점에 5점,2022.11.21,"역시나 촉촉하고 좋습니다. 꽤 예전부터 사용하다가 최근에는 사용하지 않았던 스킨 로션인데 올리브영에서 할인하는 걸 보고 냉큼 구매했어요.일본 여행 가면 꼭 사오는 제품이었는데 코로나 터지고 여행도 못가고ㅠㅠ 국내에서 이렇게 저렴하게 판매하는 걸 본 적이 없었던 거 같아요. 특히나 젤 그림까지 붙여서 주는 경우에 이렇게 할인을 많이 하는 걸 본 적이 없네요, 착한 가격에 득템했습니다.",0,,,
하다라보 고쿠쥰로션&밀크,피부관리에진심,지성,쿨톤,모공,블랙헤드,,,5점만점에 5점,2022.11.17,수부지인 나에겐 유분이 없으면서 수분은 꽉꽉채워주는그런 제품을 찾고있었는데 리뷰도 나쁘지않고 가격도 괜찮고 뭐가 많이 들어있길래 테스트하고 냉큼사서 바르는데 와 이거 대박이예요 솔직히 다른분들은 어떻게 생각하실지모르겠지만 일단 겨울엔 이거 사세요 여름은 모르겠는데 겨울은 건조하고 따갑잖아요? 이거 3개 쫙다 바르면화장 뜨지도않고 건조해서 허옇게 뜨는 것도 사라져요 근데 로션이 신기한게 콧물제형인데 흡수는 또 잘되서 쫜득쫜듯해요 밀크도 살짝 점성있고 금방흡수되요 크림은 겁나 고보습 얘는 약간 가벼운 점성있는아이 매우 촉촉하고 피부과에서 케어받은느낌이예요 가격도 착해서 이런 기획세트 할때 사는거좋을거같아요 며칠써 봤는데 진짜겉 유분이 그렇게 많이 안나와서 너무 좋아요 여드름은 장담못합니다 ㅎㅎ;; 그렇게 많이 나진않는데 이게 이걸 발라서 나는건지도 모르겠어서..여튼 나름 맘에 듭니다,2,,,
하다라보 고쿠쥰로션&밀크,골드올영이25,민감성,쿨톤,민감성,아토피,한달사용리뷰,상품 구매 후 30일 동안 사용 후 작성하신 리뷰입니다.,5점만점에 5점,2022.01.11,"하라다보 고쿠쥰 3종 세트, 저희 어머니께 선물드렸어요~🥰 저희 어머니는 건성 피부로 평소 비싼 설화수, 시세이도 화장품을 사용하세요.그런 분이 저렴이 화장품 중에서는 이 하라다보를 좋아하셔서 선물했어요~ 이 화장품이 아주 촉촉해서 좋다고 하세요~!!^^이 기획세트는 로션, 밀크 2개의 가격으로 정품 크림까지 주는 구성이에요. 예전에 비해 하라다보를 더 저렴하게 살 수 있어 좋네요~ㅋ하라다보 로션은 우리가 보통 말하는 토너에요.바로 흡수되는 가벼운 토너가 아니고요..콧물 제형으로 히알루론산 성분으로 인해 약간 미끌거려요. 두들기면서 흡수시켜야 해요.지성분들은 별로 여기실 수도 있을 것 같은데~~건성 피부이신 분들은 겨울에 사용하기에 정말 좋은 보습 토너에요!!밀크, 크림도 가볍지 않아요. 아주 촉촉해요.지성, 수부지분들은 얇게 바르시고요.건성 피부는 충분히 바르세요. 보습력이 높아요!!전 하라다보를 다른 계절에는 좀 무거워서 사용하지 않고요..  겨울철에만 사용해요~^^히알루론산 성분 잘 맞으시는 분들, 가성비 좋은 강력 보습 토너, 로션, 크림 찾으시는 분들에게 추천합니다!!",2,,,
하다라보 고쿠쥰로션&밀크,끄밈,,,,,,,5점만점에 5점,2021.12.23,항상 쓰던 제품입니다건성 피부인데 기능성 제품을 쓰거나 유분기가 많은 제품을 쓰면 뾰루지가 많이 올라오는 편인데이 제품을 쓰면 다시 가라앉더라구요자세히는 모르겠지만 순한 제품인 것 같아요다만 건성?극건성인 사람이 겨울에 쓰기에는보습력이 살짝 부족하다는 느낌은 들어요특히 크림이 다른 계절에 사용했을 때는 촉촉한 느낌이많이 든다고 생각했는데 겨울에 자기 전에 사용 했을 때는생각보다 촉촉한 느낌이 오래가지 않는듯한…스킨이랑 로션은 괜찮아요그래서 저는 조금 더 촉촉한 제품을 밤에 사용하고이 크림은 낮에 외출전에만 사용하고 있습니다그래도 저렴한 가격에 크림까지 받은거라 가격면에서는괜찮다고 생각해요아무튼 특별히 좋은 기능?이라고 해야하나 그런 화장품은 아니지만 산뜻하게 가볍게 사용하기에 괜찮은 제품입니다,0,,,
하다라보 고쿠쥰로션&밀크,아롱모찌,복합성,웜톤,모공,미백,,,5점만점에 5점,2021.11.18,겨울만 되면 찾게 되는 제품이네요약간 콧물제형인 스킨이라서 피부가 쫀쫀해지는 느낌이라서좋더라구요 로션에 크림까지 들어있는데 가격이 저렴해서좋아요 로션과 크림은 처음 사용해 보는데 흡수력도 좋고부드러운 제형이라서 부담없이 사용할 수 있어서 듬뿍 크림 바르고 잤는데 아침까지 촉촉하네요 팩하고 발랐는데도 끈적임 없이 흡수 되서 좋았어요오늘 특가에에 쿠폰까지 사용해서 엄청 저렴하게 구매해서기분이 좋습니다 득템한 기분이네요스킨은 레이어드해서 3번 발라주면 더 촉촉하고 좋은것 같아요,1,,,
하다라보 고쿠쥰로션&밀크,킴블리,건성,쿨톤,,,,,5점만점에 5점,2021.10.27,"노재팬운동 전에는 한겨울에 몇가지 더 추가하는거 말고는 요거만 아주 잘 썼었는데...노재팬운동 시작 후에는 절대 안샀는데ㅋㅋㅋ동생이,,건성인 주제에 유분감을 몹시 극혐하는 스탈이라이걸 매우 좋아라 했거든요,,그래서 겨울에만 쓰겠다고 사다 달라길래,,샀어요",0,,,
하다라보 고쿠쥰로션&밀크,밀라밀,,,,,,,5점만점에 5점,2021.10.15,"저는 극지성피부 30대 이고, 입주위에 좁살 여드름이 많이 나는 피부예요 ㅠ 민감성 피부이기도 합니다.!토너는 콧물처럼 끈적이는 제형이에요 ㅎ 닥토로 닦아주고 토너를 사용하고 흡수가 좀 되면 로션 -> 수분크림 으로 마무리 합니다 ,, 하다라보 수분크림 사용은 처음인데요 마무리감이 뽀송 하지는 않아요 조금 끈적거립니다 사실 수분크림은 좋은지 모르겠어요 ㅎ 제가 끈적이는건 안좋아해서 그런지 머리카락이 달라붙는 느낌이라 수분크림은 생략 하는데도 하다라보로 기본적인건망 해도 환절기때 괜찮은것 같아요 20대 중반에 사용했을 따 괜찮은 기억이 있어서 재구매 합니다 그런데 종종 사용 했어서 3-4통은 사용한것 같아요 ㅎ 무향이고 남여 상관 없이 ?  무난하게 사용하기 좋아요 세일 할때  좋은 가격으로 사서 좋았어요",0,,,
하다라보 고쿠쥰로션&밀크,옵뽀,복합성,쿨톤,각질,모공,재구매,2회 이상 구매한 상품에 대한 리뷰입니다.,5점만점에 5점,2021.08.01,벌써 두번째 구매입니다. 남자친구가 스킨케어에 엄청 예민한 편인데 이 제품을 엄청 잘 끄더라구요. 자기 쓰던거 다 떨어져간대서 알른 같은 제품으로 주문해줬어요. 저에게는 예전에 박한별님이 선전에서 손이랑 얼굴이랑 쩌억 달라붙는 광고 했던게 생각나는 제품인데 ㅋㅋ(옛날사람…) 정말 써보면 쫀쪼온~하게 팍 달라붙는게 우와~소리가 절로 나온다는ㅋㅋㅋ 그리고 성분도 순한지 자극적이지 않고 향도 강하지 않아서 부담없이 바르기 좋은 제품이에요. 이 패키지는 수분크림도 같이 줘서 얼른 주문했네요!! 남자친구의 인생템 떨어지면 안되는 절대템 ㅋㅋㅋ 다 떨어지면 또 주문해주려구요ㅋㅋ 저도 몇 번 써봤는데 정말 쫀쫀함에 있어서는 최강인듯ㅋㅋㅋㅋ 순하고 쫀쫀하게 흡수되는 제품 찾으시는 분들에게는 정말 강추입니다.ㅋㅋ,5,,,
하다라보 고쿠쥰로션&밀크,2pro,건성,쿨톤,주름,탄력,,,5점만점에 5점,2021.07.19,"하다라보고쿠쥰 꾸준하게 쓰고 있어요. 일본 갈때마다 꼭 쟁여오는 템 중의 하나였는데 올영 세일때 사면 현지가격보다 더 싼 것 같은 느낌?! 무튼…요 상품의 가장 큰 장점은 자극없이 순하다는거. 사실 영양크림 대용으로는 수분크림이 너무 가볍게 발려서 크게 메리트가 없지만. 요새 같이 더운 여름 날씨에는 스킨 로션 크림 요 3단계로 쭉 맞춰쓰기 넘 좋습니다. 스킨은 약간 콧물제형 처럼 약간의 점성이 있는데 물처럼 주르륵 흐르고 즉각 수분 공급에 용이합니다. 로션은 가볍지만 유분이 다소 있어서 두드려 흡수시켜줘야 하고요, 크림은 흡수 잘 되고 막 덧바르기 좋아요. 향은 전혀없고. 무향. 전 제품용기가 가벼운 플라스틱으로 된 게 넘 맘에 들어요. 쭉 쓸겁니다^^한달전에 크림 1+1해서 쟁였는데 요 구성이 가성비 갑이라 또 샀네요. 추천 추천추천!!!",8,,,
