"id","tag","tag 2","tag 3","point","date","txt","txt 2","txt 3","txt_inner","thum src 6","tag 4"
"요거다요거","트러블성","민감성","트러블","5점만점에 5점","2025.08.22","복합성에 좋아요","진정에 좋아요","자극없이 순해요","수부지 여드름 자국 3주만에 80% 지운 충격 라인업원래 닥터지 스팟 세럼 쓰고 있었는데 개인적으로 너무 잘 맞아서 같은 라인으로 통일해보자 생각해서이번에 닥터지 에이클리어 밸런싱 모이스처라이저도 구입했어요!저는 전형적인 수부지 피부인데다가특히 이마에 여드름이 집중적으로 올라오는 타입이에요.이 제품  쓰기 전에는 T존은 기름지고 볼은 건조해서 스킨케어 제품 고르기가 진짜 어려웠어요.너무 촉촉한 건 이마에 트러블 더 생기고,너무 가벼운 건 볼이 당기고... 정말 딜레마였거든요.그런데 이 제품은 정말 유수분 밸런스가 딱 맞아요! ✨바르고 나면이마 쪽 기름기는 조절되고 볼쪽은 건조하지 않은 느낌?!그리고 약산성이라서 그런지 자극도 전혀 없고,오히려 피부가 진정되는 느낌이에요.**사용법 꿀팁**스팟 세럼 바르고 1-2분 기다린 다음에 모이스처라이저를 이마 쪽은 좀 더 얇게, 볼 쪽은 충분히 발라주면흡수도 잘 되고 끈적임도 없어요 📝확실히 같은 라인으로 쓰니까 시너지가 엄청나요!이마에 새로 올라오는 여드름도 확실히 줄어들었고,기존에 있던 여드름들도 빨리 가라앉더라고요.**추가 꿀팁!**그런데 한 가지 아쉬운 건,새로운 여드름은 잘 예방되는데이미 생긴 여드름 자국으로 인한 어두워진 피부톤은화장품 만으로는 한계가 있더라고요 😓그래서 약국에서 구입한 흉리무버 연고를 함께 쓰고 있어요!메디리턴겔이 비타민C 성분이 들어있는 의료용 제품이라여드름으로 어두워진 자국에 정말 효과적이더라구요!기본 케어하고 나서 이마 쪽 어두운 자국 부위에만 연고를 톡톡 발라주니까 확실히 피부톤이 밝아지는 게 느껴져요! 💫지금 이 루틴 쓴 지 3주 정도 됐는데 이마 쪽 여드름 자국이 정말 80% 정도 개선된 것 같아요.피부톤도 전체적으로 훨씬 균일하고 밝아졌어요.**솔직한 단점**- 가격이 조금 부담스러울 수 있음- 즉각적인 효과보다는 꾸준히 써야 효과 보임- 어두워진 피부톤까지 밝히려면 메디리턴겔 필수수부지에 이마 여드름, 어두운 자국까지 고민인 분들한테는 정말 강력 추천하는 조합이에요!특히 닥터지 라인 이미 쓰고 계신 분들 이 조합으로 사용해보시는 거 추천이요! 👍","https://image.oliveyoung.co.kr/uploads/images/gdasEditor/2025/08/22/ec975aa151c14731ac8ad6e5758234ad1755827711168.png?QT=85&SF=webp",""
"걍이","복합성","웜톤","각질","5점만점에 5점","2025.09.20","지성에 좋아요","진정에 좋아요","자극없이 순해요","출산하고서 피부가화농성여드름으로 뒤덮혀서 구매했는대번들거림 없이 보송하게 마무리 되어서 좋아요","","모공"
"ej1981****","복합성","쿨톤","트러블","5점만점에 5점","2025.09.09","복합성에 좋아요","진정에 좋아요","보통이에요","트러블에 좋다하니 꾸준히 쓸 예정세일해서 쟁여하고 있어요.","https://static.oliveyoung.co.kr/pc-static-root/image/comm/my_picture_base.jpg",""
"2000****","","","","5점만점에 5점","2025.09.08","지성에 좋아요","진정에 좋아요","자극없이 순해요","사춘기 아이들이 항상 쓰고 있는 닥터지 에이클리어 밸런싱 모이스처라이저 이것 저것 써보다가 정착한 제품이네요.트러블+보습을 두가지 다 잡아줘서 항상 사용하는 제품입니다.","https://static.oliveyoung.co.kr/pc-static-root/image/comm/my_picture_base.jpg",""
"2000****","","","","5점만점에 5점","2025.09.08","지성에 좋아요","진정에 좋아요","자극없이 순해요","사춘기 아이들이 항상 사용해 오고 있는 닥터지 에이클리어 밸런싱 모이스처라이저 확실히 이 제품을 쓰면 아이들 피부에 트러블이 덜하고,발랐을 때 끈적이지 않아서 아이들이 좋아하는 제품입니다.트너블 피부에 강추입니다.","https://static.oliveyoung.co.kr/pc-static-root/image/comm/my_picture_base.jpg",""
"kite1****","","","","5점만점에 5점","2025.09.03","지성에 좋아요","진정에 좋아요","자극없이 순해요","여드름 나기 시작하는 초등아이가 쓰려고 구매했습니다.효과 좋으면 좋겠어요","https://static.oliveyoung.co.kr/pc-static-root/image/comm/my_picture_base.jpg",""
"mmor","지성","겨울쿨톤","모공","5점만점에 5점","2025.09.22","지성에 좋아요","진정에 좋아요","자극없이 순해요","사계절 내내 사용하고 있는데 정말 좋아요 흡수도 빠르게 최고에요","","잡티"
"xp****","","","","5점만점에 5점","2025.09.09","건성에 좋아요","보습에 좋아요","자극없이 순해요","아이가 쓰는데 저자극이여서 좋습니다순해요민감피부에 굿","https://static.oliveyoung.co.kr/pc-static-root/image/comm/my_picture_base.jpg",""
"응쥬띠","복합성","여름쿨톤","미백","5점만점에 5점","2025.09.11","복합성에 좋아요","보습에 좋아요","자극없이 순해요","진짜 순하고 어느 피부 타입에도 잘 맞을듯한 기본템사계절 잘 바를듯","","잡티"
"물고기원숭이","민감성","겨울쿨톤","모공","5점만점에 5점","2024.01.03","지성에 좋아요","진정에 좋아요","자극없이 순해요","닥터지 에이클리어 이 라인은 전반적으로 피부 진정에 아주 좋아요 한달에 한번 마법으로 피부가 뒤집어지는데 이 때 사용하면 완전 자극없이 피부를 잠재울 수 있는 것 같아서 아주 좋더라구요 피부가 건조한 편은 아니라서 요거 하나만 발라도 만족하면서 사용하고 있어서 아주 물건입니나 굿굿","","블랙헤드"
"물고기원숭이","민감성","겨울쿨톤","모공","5점만점에 5점","2023.11.30","지성에 좋아요","진정에 좋아요","자극없이 순해요","닥터지 에어클리어 밸런싱 모이스처라이저 너무나도 찐찐찐 애정하는 모이스처라이저 입니다 완전 굿굿 일단 트러블성 피부에 너무 잠재울 수 있는 하루이틀이면 드라마틱하게 진정이 되는게 눈에 보이기 때문에 세일을 하든 안하든 떨어지기 전에 무조건 쟁이는 닥터지 입니다","","블랙헤드"
"라이까까","지성","웜톤","미백","5점만점에 5점","2023.10.30","지성에 좋아요","진정에 좋아요","보통이에요","[트러블 있는 수부지 피부입니다.]닥터지 에이클리어 세럼을 꾸준하게 너무 잘 사용하고 있어서 지성용 모이스처라이저도 구매했어요.평소에는 크림 단계에서 수분크림을 사용하는 편이고, 이 제품은 피지분비가 평소보다 심하거나 트러블이 많이 올라올 때 가끔씩 사용합니다. 확실히 지성용 제품이라 유수분 밸런스를 잡아주는 데 도움이 되고, 흡수도 잘 됩니다.여름이나 땀이 많이 나는 계절에 사용하면 끈적임이나 겉도는 느낌 없이 산뜻한 사용감이라 좋아요. 다만 가을, 겨울에 쌀쌀한 계절이나 환절기에는 이 제품만 사용하면 건조함이 느껴져서 위에 수분크림을 한겹 더 바르거나, 며칠에 한번씩 사용하면 좋아요. 좁쌀, 화농성 트러블이 잘 올라오거나 유수분 밸런스 관리가 중요한 지성피부 분들에게 추천드려요!","","민감성"
"한라봉요거트","","","","5점만점에 4점","2022.11.14","건성에 좋아요","진정에 좋아요","보통이에요","에이클리어 라인 키트(?)를 테스터로 받아서 사용해보고 괜찮아서 구매했습니다.키트에는 토너,세럼,크림이 있었는데 크림이 가장 무난하고, 크림만 다 사용해서 크림만 구매했어요.기존에 레드 블래미쉬 라인이나 비타민 D(?) 라인 등 닥터지 제품은 많이 사용해봤는데, 에이클리어 라인이 제일 잘 맞았던 것 같아요. 레드 블래미쉬는 가볍고 비타민 D는 무거워서 그 사이를 찾는 수부지에게 추천해요. 특히 닥터지 사용했을 때 트러블 안 났으면 크게 문제 없을 것 같아요.같이 사용하기 좋은 제품은 아무래도 같은 라인을 그대로 사용하는 게 제일 좋은 것 같아요. 토너까지는 크게 문제 없는데 세럼과의 조합이 정말 좋았어요. 보습력이 조금 아쉬우면 세럼 후에 레드 블래미쉬 크림을 바르거나, 에이클리어 크림을 두 번 바르면 됩니다. 오히려 무거우면 트러블이 나서 양 조절이 중요해요!","",""
"재현은수","민감성","웜톤","각질","5점만점에 4점","2022.08.15","복합성에 좋아요","진정에 좋아요","자극없이 순해요","올리브영에서 프로모션을 진행하길래 구매를 안할 수가 없었어요 ><요즘 여름이라 땀을 많이 흘려서 그런지 피부에 트러블도 많이 올라오고 피부결이 망가진 느낌을 많이 받았어요 그러다보니 자극적인 제품은 아예 손도 못대겟더라구요! ㅠ그래서 이 제품을 구매했습니당사실 이 제품은 올영 샘플로 한번 사용해본 제품인데 생각보다 너무 좋더라구요? 일단 엄~~청 순하게 나온 제품이어서 민감성인 분들이 아주 좋아할거같아요 ㅎㅎ 그리고 엄청 기름지지도 않고 그렇다고 수분감도 부족한 느낌이 아니어서 이번 여름에서 가을까지 유용하게 쓸 제품입니당 그래서 건성이신 분들에게는 조금 건조할 수 있어용 한번 테스트 해보고 구매하시는걸 추천드려용!  이 제품 바를때 팁 !!! 무조건 피부결 방향으로 발라주시고 바른 후 흡수를 무조건 해주셔야해용","","민감성"
"ㄹl뷰요정","복합성","웜톤","미백","5점만점에 5점","2022.08.14","복합성에 좋아요","진정에 좋아요","자극없이 순해요","제 피부는 T존은 지성이고 U존은 건조한 복합성으로 주변에서 흔히 볼수 있는 피부타입 입니다.문제는 유분기 많은 제품을 사용하면 볼과 턱은 보습이 되지만 이마에 여드름이 나고 유분기가 없는 제품을 사용하면 볼쪽이 너무 건조해 좁쌀 여드름이 나서 기초를 선택하는게 너무 어려운데 이 제품이 유수분 밸런스를 잘 맞춰주는 제품이라해서 신청했습니다.제형은 유분기는 거의 없고 수분감이 많은 가벼운 제형이었습니다. 흡수력도 좋고 마무리감도 보송한 편이어서 끈적이는 걸 싫어하시는 분들이 사용하기 좋을 것 같습니다.외출하고 집에 들어오면 이마에 기름이 많이 번들대는 편인데 이걸 사용하고나니 확실히 번들거림이 덜해졌습니다. 노세범을 달고 다니면서 모공이 막혀 트러블이 날까 걱정했었는데 이렇게 해결되니 참 좋았습니다.제품 자체가 가볍다보니 속건조엔 조금 도움이 될 수 있어도 볼쪽에 건조함을 잡진 못했습니다. 상품설명처럼 수분부족형 지성이나 트러블성 피부이신 분들이 사용하는게 제일 알맞을것 같습니다.","","블랙헤드"
"혀언지","트러블성","쿨톤","민감성","5점만점에 5점","2022.08.14","복합성에 좋아요","보습에 좋아요","자극없이 순해요","수부지 피부용 인생 보습크림 발견했다! 수부지 피부 속건조로 인한 트러블 잡아주는 진정크림 🍃제 리뷰 리스트에 지분 가득 차지하고 있는 닥터지 제품! 이젠 그냥 믿고 쓰는 브랜드에요-> 선크림도 그렇고 레드 블레미쉬 수딩 크림까지 항상 너무 잘 맞아서 새로 출시된 에이클리어 라인도 궁금했어요!📌 제형보습크림인데 가벼운 느낌으로 산뜻하고 보송하게 마무리되는 크림이에요! 수분크림 느낌보단 수부지/지성피부용 보습크림에 가까운 제품이라,평소 속건조로 인해 트러블이 나는 여드름 피부가 사용하기 좋은 제형이에요!📌 진정효과&자극?저자극 약산성 제품이라 정말 순해요!압출하고 자극받은 날에 사용해도 자극없이 피부가 편안했어요제가 수부지 피부라 평소에 속당김 굉장히 심한 편인데, 이거 쓰고 나서 속당김 많이 개선되고 좁쌀여드름도 확실히 줄어들었어요!! 보습크림은 항상 유분이 가득하다는 편견이 있었는데, 제 생각을 확 깨준 제품!여드름 피부가 사계절 사용하기 좋은 보습크림이에요 끈적임 없어서 여름에 사용하기에도 좋았어요 👍👍💙 에이클리어 크림 VS ♥️ 레드 블레미쉬 크림 비교 닥터지 크림 중에 어떤 제품을 구매할지 고민하시는 분들을 위해 둘 다 사용해본 제가 비교해보자면,1. 제형 : 에이클리어는 어느정도 보습력을 갖춘 보송하게 마무리되는 크림이고, 레드 블레미쉬는 유분은 쏙 뺀 촉촉하고 가벼운 “수딩”크림이에요! 2. 피부타입 : 에이클리어는 보습크림이다 보니 속건조 심한 수부지 피부에게 딱이고, 레드 블레미쉬 크림은 건성 빼고는 다 잘 쓸 제형인데 특히 지성 피부가 가장 잘 쓸 것 같아요! * 에이클리어는 지성피부 겨울용 보습크림으로 딱일 것 같아요!🍯 사용팁요즘같이 덥고 습한 여름에는아침엔 레드 블레미쉬 크림 사용하고자기 전에 에이클리어 크림 사용하니 딱이더라고요! 둘 다 사용하고 싶으신 분들은 저처럼 사용하시면 좋을 것 같아요 ☺️","","잡티"
"yepicture","민감성","웜톤","모공","5점만점에 4점","2022.08.10","복합성에 좋아요","진정에 좋아요","자극없이 순해요","이번에 피부가 뒤집어지는 바람에 무엇을 사용해도 자극이 느껴지고 그래서 정말 막막했어요🤦🏻‍♀️ 왜인지는 모르겠지만 자꾸 마스크를 쓰고 오랜 시간 공부를 하고 있어서 그런 것이 아닐까 싶네요(고름이 생기지 않은 만지면 아픈 그런 여드름이랑 좁쌀 여드름 때문에 고생을 많이했습니다,,ㅠㅠ) 때마침 올영체험단으로 닥터지 제품을 받아보게 되어서 이 제품으로 케어를 해주었습니다! 약 2주간 제품을 사용해보면서 느낀 점을 솔직하게 리뷰해보도록 할게요☑️ 우선 이 제품을 가장 추천드리는 분은 현재 나는 피부가 정말 뒤집어져서 어떤 조치도 하기가 어렵다! 스킨케어를 어떻게 해줘야 할지 답이 안나온다 하시는 분들은 이 제품 추천드려요 이 제품을 처음 사용하기 시작했던 2주 전의 제 피부상태는 정말 최악이었는데요, 얼굴에 뭐만 바르려고 하면 정말 모두 거부하는 느낌이었습니다 하지만 요 제품은 “여드름성 피부/민감성 피부 사용 적합 인체적용 시험 완료”, “피부 자극 테스트 완료” 여러 가지 테스트를 거친 제품이라 신뢰하고 사용할 수 있다는 점이 참 마음에 들었습니다 피부에 느껴지는 자극의 정도가 정말 무자극이라 피부컨디션이 아주 떨어져있는 분들께 강력하게 추천을 드립니다:)☑️ 수분감은 좋은 편인데 유분감은 크게 느껴지지 않는 수분크림과 로션 중 수분크림에 조금 많이 치우친 제형이에요! 대신에 마무리감이 끈적하지 않아서 지성 피부나 복합성피부에 추천을 드리고 유분감은 별로 없어서 건성피부이신 분들은 요것만 바르고 마무리 하시기엔 좀 건조하다고 느끼실 수도 있으실 것 같아요! 하지만 보통은 지성, 복합성 피부에서 여드름이나 이런 피부 문제들이 중요한 문제니깐 별 문제는 없겠죠?? 무튼 덕분에 피부를 잘 가라앉힐 수 있었습니다🙇‍♀️","","민감성"
"올영혜자","건성","웜톤","모공","5점만점에 5점","2022.08.10","복합성에 좋아요","진정에 좋아요","자극없이 순해요","✔️사용 후 피부 개선 여부 : 사용 전에 오른 쪽 볼에 트러블이 서너개 올라와 있던 상태였는데 흡토 후 바르는데 전혀 따갑지 않아서 신기했어요! 그만큼 순한 느낌이 요 제품에 대한 제 첫인상이었고, 사용 후 일주일 쯤이 지났는데 올라오던 트러블이 잠잠해지고 있어서 신기했습니다.✔️꿀조합 제품 : 토너로 넘버즈인 3번 결광가득 에센스 토너를 사용 중인데 닥터지 에이클리어 밸런시으모이스처라이저와 잘 맞는 느낌이 들었어요. 토너는 콧물제형보다는 살짝 묽은 약간 무거운 느낌인데, 닥터지 모이스처라이저는 살짝 가벼운 느낌이라 중건성인 제 피부에는 찰떡조합이었던거 같아요. 기회가 된다면 닥터지 토너나 스킨으로도 조합해서 써보고 싶어요!✔️피부타입 : 제 피부타입은 중건성인데 가끔 트러블도 일부 부위에 올라오는 복합성 같은 중건성 피부 입니다. 그래서 피부가 예민할 때는 예민하고 피부도 얇고 기초제품이나 썬크림 베이스류 잘못 사용하면 트러블이 잘 생기는 편이라 처음 써보는 제품은 항상 신중하게 고르는 편이에요. 추천 피부타입은 복합성 피부에 좋을 거 같아요.✔️사용하기 좋은 계절 : 유분을 줄이고 수분은 채워주는 유수분 밸런싱 제품이므로 아무래도 여름에 사용하기 젤 좋지 않을까 생각됩니다!","","잡티"
"마녀배달부키키","복합성","봄웜톤","블랙헤드","5점만점에 4점","2022.08.07","복합성에 좋아요","보습에 좋아요","자극없이 순해요","체험단 리뷰지만 솔직하게 적어 볼게요✅피부타입복합성 수분 부족 지성 타입티존 부분은 유분이 많지만 볼 쪽은 건조해요그리고 블랙헤드 고민이 심하게 있는 사람입니다✅제형불투명한 색상의 로션과 가벼운 젤 크림 사이의 제형무거운 제형은 아니라서 복합성 지성타입은 사계절 사용 가능한 제형수분> 유분유분이 아예 없는 제형은 아닙니다❗✅향무향이라 좋았어요✅발림성발림성 so so 부드럽게 잘 발려요✅흡수력일부러 많이 발라봤는데 걱정과는 다르게 흡수가 괜찮았고 피부 겉면에 남는 게 거의 없었음끈적이는 걸 싫어하는데 끈적이고 번들거리지 않았음✅보습력수분만 채워주는 게 아니라 유수분을 적당히 밸런싱 해준다는 설명답게 유수분이 적당히 있으면서 보습력이 괜찮았음 수분감이 더 느껴지기는 함그렇다고 엄청나게  번들거리지도 않아요  수부지라 볼 쪽은 건조한데 건조함을 못 느꼈음✅자극며칠 이 제품만 써봤는데 자극이 없음 따갑거나 간지럽거나 트러블이 올라오지 않음유수분이 적절한 제품이였고 복합 수부지에게 더 잘 맞는 제품 같아요트러블이 없으면서도 보습이 잘 되어 좋았습니다","","탄력"
"YubinLee","민감성","여름쿨톤","민감성","5점만점에 5점","2022.08.06","지성에 좋아요","진정에 좋아요","자극없이 순해요","올영 체험단으로 사용해본닥터지 에이클리어 밸런싱 모이스처라이저꼼꼼 솔직 후기 👊🏻💚튜브형이라서 위생적으로 사용할 수 있습니다 !!!그리고 양 조절도 용이해서 좋아요오 ❤︎ 튜브형 크림이 많아져야 한다 증말 ,,, ☺️이 라인이 진정용으로 나온 건데,확실히 여드름 진정용으로 좋습니다사용하면 붉은기도 많이 줄어들어요 !!!* 개인차 있을 수 있어요 :)재구매해서 사용할 의향있고,전체 사용도 좋지만,스팟처럼 두툼하게 콕 콕 찍어 얹어놓아도 좋습니다 ❤︎ 이건 저 만의 꿀팁이에용 ㅎㅎㅎ사용감은 산뜻해서 여름에 사용하기 좋을 것 같아요 💚수분감만 쏙 채워주고,유분감이 적은 크림이라 좋았어요 !그래서 건성 분들은 사용하기 아쉬울 점이 남을만한 크림이지만,지성 분들은 진짜 대만족할만한 제품이에요 👊🏻","",""
"Yenny","","","","5점만점에 3점","2022.08.06","복합성에 좋아요","보습에 좋아요","자극없이 순해요","지난 번 올리브영 체험단 제품으로 닥터지 에이클리어 밸런싱 토너를 신청해서 쓰고 있었기에 이번에는 모이스처라이저를 신청해서 사용하게 되었습니다. (스킨하고 크림하고 맞춰서 사용하면 더 좋지 않을까 싶었거든요! 스킨사용 할 때 만족스럽기도 했구요. )- 여름만 되면 티존 유분기가 폭발하는...피부타입이라 유분기와 그로인한 트러블이 고민이었는데요.  그래서 유수분 밸런스를 맞춰준다기에 매우 기대를 하고 있었습니다. - 우선, 발림성은 부드럽게 싹- 발리고, 다른 수분크림과 비슷하게 가벼운 제형이예요. 그리고 바르고 나서 끈적임이 거의 없어서 이 점은 좋았어요. 속건조도 잡아주는 느낌이라 이 크림만 발라도 전혀 건조하지 않았구요. 그런데.. 왜 그런건지는 모르겠지만.. 바르고 나서 조금 뒤에 코/이마 부분에 몽글몽글 땀방울같은 게 맺히더라구요..(날씨탓에 전체적으로 땀이 난 게 아니었어요;;) 그리고 제품 받고 지금까지 매일 사용하고 있는데 유분기가 전에 비해 줄어든 것 같지는 않았어요.","",""
"vV보라","복합성","쿨톤","각질","5점만점에 5점","2022.08.03","복합성에 좋아요","진정에 좋아요","자극없이 순해요","날씨가 더워지고 습한데 마스크까지 끼니까 자꾸 얼굴에 뾰루지도 올라오고 민감해지는데 수분은 부족하여 둘다 잡을 수 있는 제품을 찾다가 올영체험단으로 적합한 제품이 보여 냅다 신청하였습니다 피지와 각질도 잡아주고 수분 충전까지 해주는데 거기에 트러블 관리까지 가능한 제품입니다 끈적임없이 약간 묽은 크림제형이고 묽고 발랐을때 산뜻한 마무리감이라 수분충전은 안되겠다 싶었는데 왠걸 엄청 촉촉하고 바른 후에 피부당김 없이 촉촉하였습니다 끈적임 없이 산뜻하여 여름철 바르기 좋은 제품입니다석씨닐애씨드 성분이 과잉피지를 케어해주고 민초콤플렉스가 수분공급하여주어서 유수분 밸런스 유지에도 도움을 줍니다 가벼운 제형이지만 촉촉하고 피부 트러블 완화에도 도움을 줘서 아주 좋아요 붉은기를 진정시켜주어서 피부톤도 정돈되는거 같습니다 뚜껑에 비닐 막 뚫는 용도인 뾰족한 부분이 있지만 입구에 씰은 그냥 손으로 뜯어내는 거였어요 ㅋㅋ","","민감성"
"올영에탕진","복합성","웜톤","모공","5점만점에 3점","2022.07.31","복합성에 좋아요","보습에 좋아요","자극없이 순해요","유수분 잡아주는 모이스처라이저. 닥터지 에이클리어 밸런싱 모이스처라이저튜브타입으로 용량은 70ml 닥터지의 크림들 기본 용량이네요.트러블의 가장 기본적인 원인이 되는 수분부족으로 인한 피지 과다 분비로 인해서 트러블이 지속적인 반복이 야기 되어 이러한 문제점을 해결하기 위해 나온 라인이 바로 이 에이클리어 라인이에요.첫번째 포인트 피지는 낮추고 수분을 채워주기 위해 석씨닉애씨드가 과잉피지를 케어하고 민초 콤플렉스라고 해서 어성초,애플민트,스피어민트 추출물이 산뜻하게 수분을 공급하여 건강한 유수분밸런스를 맞춰준다고 합니다.두번째 포인트로는 번들거림 없는 촉촉한 수부지 보습이라고해요. 트러블로 인한 민감한 피부들을 위한 보습성분으로 피토스핑고신과 피부장벽에 도움을 주기위한 세라마이드와 판테놀이 함유되어있어 과도한 피지는 잡아주고 속보습을 채워준다고 합니다.로션과 크림의 중간적인 제형으로 발림성도 부드럽게 되면서 몇번 토닥이면서 바르니 피부에 빠르게 흡수가 잘 되었습니다. 그리고 번들거림없는 촉촉함 이래서 수부지 보습이라고 하는 것 같아요. 확실히 수부지라서 촉촉함은 유지하되 번들거림이 없는 보습제를 선호하는편인데 이 제품이 딱 그런 니즈에 알맞는 제품인것 같습니다.그리고 마지막 세번째 포인트 여드름성 피부에도 적합한 순한 약산성 농도로 피부의 PH밸런스에 도움이 된다고 하네요.아직 체험단에 당첨되어 사용한지 몇일 뿐이라서 더 정확한 유수분 밸런스를 확인하기는 어려우나 일단 제품의 제형과 사용감에서 느껴지는 부분으로는 큰 번들거림은 없는 제품이라 수부지 크림으로 사용을 해도 적당할듯은 합니다. 그래서 별점수는 3점만 드려봅니다.","","잡티"
"애너릴리님","복합성","웜톤","각질","5점만점에 5점","2022.07.29","복합성에 좋아요","진정에 좋아요","자극없이 순해요","* 사용자 정보. - 30대 중반 여성입니다. - 피부 타입 : 속당김이 심한 건성 피부입니다.  * 사용 후기. - 향 : 우선 향은 무향입니다. 너무 자극적인 향 싫어하시는 분들께 추천드려요. 진짜 향은 전혀 없네요ㅎㅎ - 용량 : 용량은 그리 크지는 않습니다. 오래 쓸 수는 없을 것 같구요. 한 화장품 오래 쓰는 것 싫어하시는 분들께 추천드립니다^^ - 보습력 : 속당김이 심한 건성이라서 기초 화장할 때 화장품의 보습력을 가장 중요하게 생각하는 1인인데요. 보습력은 so so네요. 그만큼 자극없이 순하기는 하구요. 여름철에 사용하기 좋을 것 같습니다. 너무 촉촉하고, 꾸덕한 텍스쳐 싫어하시는 분들께 추천드립니다. 다만 아주 촉촉한 제형 좋아하시는 분들께는 비추합니다!!! - 재구매 의사 : 여름철에는 사용할 만하네요~","","주름"
"Baek","복합성","웜톤","각질","5점만점에 5점","2024.02.27","복합성에 좋아요","진정에 좋아요","보통이에요","세럼 샘플 써보고 기초 제품 전부 구매했어요얼굴에 유분이 덜 올라와서 좋아요코 유분은...어쩔 수 없지만 코도 유분이 조금 덜 나오는 느낌!! 추천합니다","","모공"
"Baek","복합성","웜톤","각질","5점만점에 5점","2024.01.27","지성에 좋아요","진정에 좋아요","보통이에요","얼굴에 자꾸 유분이 올라와서 좁쌀도 많이 생기고 스트레스 받았는데 요라인으로 갈아타니까 유분도 덜하고 좁쌀도 줄었어요ㅜㅜㅜ쭉 괜찮아지길 ㅜㅜ","","모공"
"또네지","복합성","봄웜톤","탄력","5점만점에 5점","2025.08.12","복합성에 좋아요","진정에 좋아요","자극없이 순해요","올리브영에서 믿고 쓰는 제품이라 구매해봤어요. 마음에 들고 친구 따라서 산건데 앞으로 재구매할거 같아요!!","","홍조"
"우르르롹끼","트러블성","쿨톤","각질","5점만점에 5점","2025.08.05","지성에 좋아요","진정에 좋아요","자극없이 순해요","남자친구가 피부 트러블때매 스트레스 받길래 올리브영에서 추천템 찾아보고 후기 정독한 다음에 사줬는데 자극도 없고 순해서 좋다고 하네요~","","미백"
"응쥬띠","복합성","여름쿨톤","미백","5점만점에 5점","2025.08.07","복합성에 좋아요","진정에 좋아요","자극없이 순해요","이거다 내가 원하던 딱 적당한 농도와 유수분 밸런스를 갖춘 순하고 베이직한 크림!!! 이거 평생 써도 조을 것 같아여ㅠㅠㅠ 너무 좋아요","","잡티"
"네니넨","민감성","겨울쿨톤","각질","5점만점에 5점","2023.12.21","복합성에 좋아요","보습에 좋아요","자극없이 순해요","닥터지 에이클리어 밸런싱 모이스처라이어 이 제품 또한 저희 동생이 너무나 잘쓰고 예민한 동생피부에 찰떡이라서 너무나 좋아하고 잘 쓰고 있는데요,수부지라서 보습도 필요하고 유분기도 덜 올라와야 하는 까다로운 피부라서 아무거나 못쓰고 맞는 거 찾기는 하늘에 별따기라서,한번 정착하면 계속 쓰는데요. 이것도 한 10통 가까이 쓴 것 같아요.너무나 잘 쓰고 있어서 또 구매했어요.","","미백"
"라쿤군","","","","5점만점에 5점","2023.12.12","지성에 좋아요","보습에 좋아요","자극없이 순해요","저는 일단 수부지 입니당. 특히 볼에 건조함을 많이 느끼는데 이걸 바르면 쫀쫀하게 수분을 채워주는 느낌?? 살짝 무거운 제형이지만 바르고 나면 피부가 깐달걀마냥 깨끗해 보여요. 겨울에 특히 건조함을 많이 느끼는데 이걸 바르고 자면 일어나서 활동할 때에도 건조함이 느껴지지 않나요. 또 다음 말 닐어나서 세수할 때에도 촉촉한 기분입니당. 전 이거 없어지면 못 살아요ㅠ 진짜루","",""
"네니넨","민감성","겨울쿨톤","각질","5점만점에 5점","2023.10.19","복합성에 좋아요","진정에 좋아요","자극없이 순해요","닥터지 에이클리어 밸런싱 모이스처라이어 이 제품 또한 저희 동생이 너무나 잘쓰고 예민한 동생피부에 찰떡이라서 너무나 좋아하고 잘 쓰고 있는데요,수부지라서 보습도 필요하고 유분기도 덜 올라와야 하는 까다로운 피부라서 아무거나 못쓰고 맞는 거 찾기는 하늘에 별따기라서,한번 정착하면 계속 쓰는데요. 이것도 한 10통 가까이 쓴 것 같아요.너무나 잘 쓰고 있어서 또 구매했어요.","","미백"
"네니넨","민감성","겨울쿨톤","각질","5점만점에 5점","2023.09.15","복합성에 좋아요","보습에 좋아요","자극없이 순해요","닥터지 에이클리어 밸런싱 모이스처라이어 이 제품 또한 저희 동생이 너무나 잘쓰고 예민한 동생피부에 찰떡이라서 너무나 좋아하고 잘 쓰고 있는데요,수부지라서 보습도 필요하고 유분기도 덜 올라와야 하는 까다로운 피부라서 아무거나 못쓰고 맞는 거 찾기는 하늘에 별따기라서,한번 정착하면 계속 쓰는데요. 이것도 한 10통 가까이 쓴 것 같아요.너무나 잘 쓰고 있어서 또 구매했어요.","","미백"
"네니넨","민감성","겨울쿨톤","각질","5점만점에 5점","2022.10.18","복합성에 좋아요","진정에 좋아요","자극없이 순해요","이 제품은 동생이 크림을 다 썼다고 해서 뭘 사야하나 고민하다가 산 제품이예요!동생은 진정성분인 녹차, 어성초, 시카  이런거에 민감한 초민감성 복합성 수부지 피부 타입인데 보통은  닥터지 제품이 잘 맞는 편인데, 이 제품은닥터지라 고민없이 집어든 제품인데요! 동생이 피부가 엄청 예민한 편이라 엄청 가리는데 이거는 군소리없이 쓰더라구요.평소 닥터지 제품 잘맞으시는 분은 잘 쓰실거같아요","","미백"
"태쁘","민감성","쿨톤","모공","5점만점에 5점","2022.08.09","복합성에 좋아요","보습에 좋아요","보통이에요","🔴배송 받아보고 나서 약2주간 사용해 본 후기에요 솔직하게  작성해 볼게요 일단 이건 향이 거의 없어요 그리고 제가 닥터지랑 다른 라인 중에서 피부 트러블이나 진정에 좋은 거를 많이 쓰고 있거든요 특히 여름 같은 경우에는 제가 엄청난 지성이나 그런 건 아니지만 어느 정도 민감성을 가지고 있는 피부라서 뾰루지 같은 것도 자주 나고 그러거든요 그럴 때 크림 같은 걸 도톰히 올려서 올려서 발라주고 나면 다음 날 없어지는데 거의 이런 라인이 좋은 것 같아요🔴특히 저는 생리 전후로 해서 입가에 뾰루지가 한두 개씩 나거든요 정확하게 말하면 제가 작년 여름부터는 나지 않기 시작했는데 다른 브랜드이긴 하지만 지금 쓰고 있는 이 닥터지랑 성분이 비슷했어요 민감하지 않고 얼굴 전체에 발라도 되는 그런 성분이었는데 이것 또한 마찬가지예요 🔴보습이 좋기도 하지만 기름지지 않고 수분을 전달해주는 느낌이 받았고 진정 효과가 확실히 있었어요그리고 무엇보다 제가 요즘에 두피,이마 닿는 부분에 뾰루지가 나고 약간 지루성 피부염이 있고 이상하게 몸에 땀이 없었는데 끈적여서 귀 쪽이랑 목에 많이 발라줬더니 확실히 많이 나아졌어요 이건 개인적인 의견이 니깐 그냥 참고만 해주세요🔴이게 양에게 많아 가지고 어차피 저도 체험단으로 공짜로 받은 거라서 몸에도 많이 꼼꼼히 발라줬어요 특히 제가 팔꿈치 이런 데를 책상에 많이 올려주다 보니깐 원래 갑질이 안 생겼는데 각질이 생겨나더라구요 그런데 이거 바르고 며칠 있으면 수분이 확실히 있어서 여름인데도 불구하고 촉촉하고 저는 괜찮았어요 그리고 여름에 저는 로션 무조건 바르는데 발가락도 다 바르거든요 근데 신기한게 구두 신으면은 그래도 발에 미끈거리고 땀 때문에 조금 힘들었는데 이거 바르고는 괜찮아요 저녁에 바르고 아침에 나가도 미끌거리거나 땀 차거나 그런 게 없어요 이게 진짜 삶의 질이 조금 달라진 것 같아요다른 로션은 끈적 여서 싫었는데 요건 괜찮더라구요저는 봄여름가을 다 추천해요지금 쓰기 딱 좋고무엇보다  여성분들 여름에 아침에 화장하시기 전에 쓰셔도 밀림이 없고 수분을 꽉꽉 채워주는 느낌이라서 저는 추천해 드리고 있어요 저도 다른 거 안 바르고 씻고 나서 바로 토너 바른 다음에 이것만 바르는데 지금까지 밀림도 없고 저는 좋았어요","","민감성"
"ddumany","복합성","웜톤","모공","5점만점에 5점","2022.07.31","건성에 좋아요","보습에 좋아요","자극없이 순해요","닥터지는 평소에 믿고쓰는 브랜드인데 좋은 기회로 제품을 사용해보게 되었네요!발라보니 요즘같이 덥고 습한 여름철에도 번들거리거나 끈적임이 전혀 없었고 촉촉하게 보습력을 피부 속깊이 채워준다고 느꼈어요수분을 채워주다보니 피부 유수분 밸런스를 잘 맞춰줘서 오히려 피지 분비도 줄어들었고, 트러블도 없어졌어요!패키지도 친환경 패키지에 택배박스도 테이프 등이 붙어있지 않은 친환경 박스로 와서 환경을 생각하는 마음이 잘 느껴지는 브랜드라는 생각이 들었어요","","민감성"
"도리처","복합성","가을웜톤","미백","5점만점에 4점","2022.07.29","지성에 좋아요","진정에 좋아요","자극없이 순해요","💖닥터지 에이클리어 후기💖💖제 피부타입은요 !! 복합성 건조하면서 기름도는 편 트러블 약간💖일단 점자도 되어있고 패키징이 뜯기쉽게 되어있어서 좋네요!! 첫인상부터 섬세함이 느껴져서 좋았어요💖향 무향 약간의 제품 원료자제의 미세한향은 있어요!!수딩타입의 크림이에요 발림성은 부드럽고 흡수가 잘되요 유분이 많고 트러블이 있으신분들이 쓰기 좋을거 같아요 촉촉하게 발리고 보송하게 마무리가 됩니다!! 끈적이지 않는 타입이에요 ! 지성분들이 쓰기 적합한거 같아요 저한테는 조금 건조해서 여름에만 써야 될 것 같아요 피지 각질케어를 도와주고 트러블을 잠재워줘요 육안으로 볼때는 붉은기가 완화 됐어요!! 💖추천드리고 싶은분 : 지성피부이면서 기름기로 인해 트러블이 생기신분들께 딱 좋을거 같아요!!","","탄력"
"코덕올챙이","복합성","여름쿨톤","모공","5점만점에 5점","2022.07.29","지성에 좋아요","보습에 좋아요","자극없이 순해요","< 올영체험단 찐리뷰 >닥터지는 제가 전에 정말정말 찐으로 좋아했던 브랜드입니다!요즘은 많이 예민해진 피부 때문에다른 브랜드로 갈아탔지만저희 아빠는 아직도 닥터지 제품을 애용하세요!!닥터지의 히트 상품인 레드 블레미쉬 크림을 사용하시지만이번에 새로운 신상품이 있길래요 제품으로 한 번 올영 체험단 신청해봤어요!!오히려 요 제품이 조금 더 산뜻하고 가벼울 수 있을 거 같아서용><제형을 먼저 설명드리자면,요 제품은 묽은 로션 타입이에요!!그래서 그런지 엄청 가볍고 산뜻하게 발려서바르고 난 직후에 금방 스며들고유분기가 거의 느껴지지 않아요!아빠는 오히려 바르고 난 직후에는레드 수딩크림보다 요 제품이 더 유분기가 없다고 하셨어요!완전 수부지 맞춤 제품인지 속은 정말 촉촉해지는데 겉은 유분기가 없고그러면서 전혀 건조하지는 않다고 하더라구요!!요즘 날이 더워서 워낙 땀이 많이 나는데확실히 이 제품은 유분기가 없어서 피부가 가벼운 느낌이에용ㅋㅋ다만 건성 피부에게는 건조할 수도 있을 것 같아요!복합성 피부이신 분들은 여름에 사용하실 것을 추천드리고지성 피부이신 분들은 사계절 사용 가능하신데만약 가을 겨울에 조금 건조하게 느껴지시면요 제품 사용 전에 세럼 사용 추천드려요!!* 제 리뷰가 도움이 되셨다면 좋아요 부탁드려요!!","","민감성"
"유니이2","","","","5점만점에 5점","2025.09.24","복합성에 좋아요","진정에 좋아요","보통이에요","되게 갠차는 거 같아여 이거 쓰고 피부 많이 조아진 것 같아 보이네용!!","https://static.oliveyoung.co.kr/pc-static-root/image/comm/my_picture_base.jpg",""
"hhsy","","","","5점만점에 5점","2025.09.17","복합성에 좋아요","보습에 좋아요","자극없이 순해요","자극 없이 순하고 부드럽게 발려요 성분도 좋아서 손이 잘 가네여","https://static.oliveyoung.co.kr/pc-static-root/image/comm/my_picture_base.jpg",""
"야후야호","복합성","쿨톤","다크서클","5점만점에 5점","2022.08.14","지성에 좋아요","진정에 좋아요","자극없이 순해요","💛 같은 라인 토너도 올영체험단으로 써보고 너무 좋다고 생각하던 중에 로션도 올라왔길래 고민없이 신청했어요!!🧡 이마는 유분많고 볼쪽은 건조한 편인데 이마에 요즘 트러블이 너무 많이 올라와서 스킨이랑 로션을 바꿔보려고 했었는데 닥터지꺼 에이클리어 라인 진짜 넘 좋아요.. 제가 올영체험단에서 써보고 제돈으로 다시 구매한적이 없었는데 에이클리어 토너는 내돈내산했을 정도로 트러블 난 피부에 좋았어요로션도 역시나 저에게 잘 맞아요ㅎㅎ 저는 트러블이 나는 횟수가 현저히 줄었고 오후되면 올라오는 기름기?가 적어진 느낌이었어요 근데 이건 사람마다 다를 수도 있을 것 같습니다ㅠ💜 제형은 수딩로션? 느낌이에요 꾸덕하진 않고 촉촉하게 잘 발려요 흡수도 빠른편이라 끈적임도 별로 없어서 화장 전에 발라도 밀리거나 들뜸 없었어요💚스킨이랑 로션만 쓰기엔 건조함이 느껴지긴 해서 로션바른 후에 수분크림도 같이 발라주고 있습니다! 얼굴이 건조하신 분들은 수분이 부족하다고 느끼실 것 같기도 해서 이거만 쓰기보단 수분감있는 수분크림도 같이 사용하시는걸 추천드립니당","","트러블"
"귤빵이","복합성","쿨톤","모공","5점만점에 5점","2024.03.06","복합성에 좋아요","진정에 좋아요","자극없이 순해요","저 진짜 이제품만 5통은 비운 것 같아요 올영세일때마다 구입합니다 끈적한제품 기피하는데 이제품은 가볍고 촉촉해서 바르기도 좋고 트러블도 전반적으로 싹 가라앉아요 세럼이랑 같이쓰면 더욱 좋습니당 강추해요!!","","트러블"
"포산","","","","5점만점에 5점","2023.12.01","복합성에 좋아요","진정에 좋아요","보통이에요","항상 쓰던거라 세일할때 또 샀어요세럼은 필요없는데.. 매번 묶어서 주네용","",""
"동동오이","","","","5점만점에 5점","2023.11.16","복합성에 좋아요","진정에 좋아요","자극없이 순해요","처음써봤는데 트러블도 안일어나고 보습도 좋고 흡수가 잘되어 좋아요 굿굿","",""
"네니넨","민감성","겨울쿨톤","각질","5점만점에 5점","2023.07.31","복합성에 좋아요","진정에 좋아요","자극없이 순해요","정말 × 정말 예민한 동생 피부에 자극도 없고 순해서 5통?정도 사용하고잏어요.너무 좋아요! 수분감도 있고 진정도되고 좋더라구요","","미백"
"네니넨","민감성","겨울쿨톤","각질","5점만점에 5점","2023.05.10","복합성에 좋아요","진정에 좋아요","자극없이 순해요","동생이 4통째 쓰고있어요. 피부가 워낙 예민한 아이라 화장품 맞는거 찾기도어렵고 그렇다고 함부로 바꾸기도 힘든아이인데 이건 잘 맞더라구요","","미백"
"네니넨","민감성","겨울쿨톤","각질","5점만점에 5점","2023.04.09","복합성에 좋아요","진정에 좋아요","자극없이 순해요","동생이 정말 잘맞는 기초를 찾기 쉽지않은데  잘맞아서 4통째 재구매하고있어요. 다른제품쓰면 자꾸 트러블이 올라오고 간지러운데 이건 아니라고하더라구요. 그래서 넘 좋다고하더라구요","","미백"
"포산","","","","5점만점에 5점","2023.02.15","복합성에 좋아요","진정에 좋아요","보통이에요","아직 써보지는 않았는데 잘 맞았으면 좋겠어요배송은 빨랐습니다","",""
"쭈니쭌투맘","민감성","쿨톤","미백","5점만점에 5점","2022.12.11","지성에 좋아요","진정에 좋아요","자극없이 순해요","앰플 사용후 요 크림 발라주면 두배더 진정도ㅣ고 보습도 되고 참조으네요","","민감성"
"쭈니쭌투맘","민감성","쿨톤","미백","5점만점에 5점","2022.11.11","복합성에 좋아요","진정에 좋아요","자극없이 순해요","에센스도 좋아서 크림도 구매했어요. 생각보다 촉촉하고 너무 좋아요","","민감성"
"끄리스마스이브","","","","5점만점에 5점","2022.10.11","복합성에 좋아요","진정에 좋아요","자극없이 순해요","고딩 이마에 여드름이 심해 고르던 중 선택했는데 자극없이 사용하기에 좋아요.","",""
"xhfhq","","","","5점만점에 5점","2025.09.22","복합성에 좋아요","진정에 좋아요","자극없이 순해요","진짜 무난하게 쓰기 좋은 템 ... 성분도 좋은 것 같고 이거 쓰고는 뭐가 더 나지는 않아용 흐헷","https://static.oliveyoung.co.kr/pc-static-root/image/comm/my_picture_base.jpg",""
"ㅇㅅ어자","","","","5점만점에 5점","2025.08.14","건성에 좋아요","보습에 좋아요","자극없이 순해요","여드름 피부에 좋다고 해서 사 봤어요. 어떤지는 아직 잘 모르겠어","https://static.oliveyoung.co.kr/pc-static-root/image/comm/my_picture_base.jpg",""
"파양핑","","","","5점만점에 5점","2025.08.12","복합성에 좋아요","진정에 좋아요","자극없이 순해요","잘 안 나던 여드름때문에 샀는데 가격에 비해 엄청 순하고 이거 쓴 뒤로 여드름도 다 가라앉았어요!","https://static.oliveyoung.co.kr/pc-static-root/image/comm/my_picture_base.jpg",""
"seeeee2","","","","5점만점에 5점","2025.08.08","지성에 좋아요","진정에 좋아요","자극없이 순해요","진정에 좋은것 같아요.자극없이 순해요.보습도 잘 되는것 같아요","https://static.oliveyoung.co.kr/pc-static-root/image/comm/my_picture_base.jpg",""
"윈터야내꺼해","","","","5점만점에 5점","2024.11.20","건성에 좋아요","진정에 좋아요","자극없이 순해요","1.자극 전혀 안 느껴졌습니다2.저는 넘버즈 파우더랑 같이 썼는데 그랬더니 여드름이 더 들어갔습니다3.여드름에 좋고 같이 증정해주는 세럼도 좋아소 여드름에 많니 도움이 된거 긑아오4.제형은 가벼운 제형은 아닙니다5.피부타입은 다 상관없을거 같아요","https://static.oliveyoung.co.kr/pc-static-root/image/comm/my_picture_base.jpg",""
"곰돌곰돌곰돌","","","","5점만점에 5점","2024.03.09","지성에 좋아요","진정에 좋아요","자극없이 순해요","✅️ 자극 없이 순해요! ✅️유분 없이 수분만 보충해주기 때문에 지성분들께 추천! 지성인 전 겨울에 이걸로 스킨케어 마무리 해도 될 정도로 건조해지지 않아요. 유분기 없는 로션 찾으시는 분들은 광명 찾으실듯..☆ ✅️ 트러블도 드라마틱하진 않지만 어느정도 잡아주는 것 같아요. 트러블이 좀 나아진듯..?","https://static.oliveyoung.co.kr/pc-static-root/image/comm/my_picture_base.jpg",""
"곰돌곰돌곰돌","","","","5점만점에 5점","2023.11.30","지성에 좋아요","보습에 좋아요","자극없이 순해요","자극 없이 순해요! 유분 없이 수분만 보충해주기 때문에 지성분들께 추천! 지성인 전 겨울에 이걸로 스킨케어 마무리 해도 될 정도로 건조해지지 않아요. 유분기 없는 로션 찾으시는 분들은 광명 찾으실듯..☆ 그리고 트러블도 드라마틱하진 않지만 어느정도 잡아주는 것 같아요. 트러블이 좀 나아진듯..?","https://static.oliveyoung.co.kr/pc-static-root/image/comm/my_picture_base.jpg",""
"레몬쩰리","","","","5점만점에 5점","2022.07.04","복합성에 좋아요","진정에 좋아요","보통이에요","할인할 때 구매했어요! 후기가 좋아서 기대중인 제품이에요ㅎㅎ","",""
"Zzzi","","","","5점만점에 5점","2025.09.15","복합성에 좋아요","진정에 좋아요","자극없이 순해요","얼굴 전체에 화농성+좁쌀 트러블이 올라와서 이것저것 찾아보다가 의미가 있나 싶어 오늘 드림 되는걸로 시켰습니다.바르고 하루만에 많이 나아져서 진짜 너무 좋아서 리뷰 씁니다..","https://static.oliveyoung.co.kr/pc-static-root/image/comm/my_picture_base.jpg",""
"moon2****","","","","5점만점에 5점","2023.01.18","복합성에 좋아요","보습에 좋아요","자극없이 순해요","잡티랑 좁쌀여드름 같은 거 없애고 싶어서 샀는데 아직은 효과가 있는지 모르겠지만 닥터지 수딩크림 잘 써서 효과있을 거라 믿습니다. 로션은 흡수가 잘 되고 발랐는데 안 바른 느낌이에요. 건조하진 않음. 세럼은 메이플시럽 같아요. 제발 효과가 있기를~~","https://static.oliveyoung.co.kr/pc-static-root/image/comm/my_picture_base.jpg",""
"alf****","웜톤","모공","블랙헤드","5점만점에 5점","2022.05.27","복합성에 좋아요","진정에 좋아요","자극없이 순해요","기존에 몇 년간 꾸준히 사용하던 기초 제품이 있었는데요! 그 제품은 PH밸런스를 잘 맞춰주어 사용하는 몇 년 간 피부에 트러블이 올라오지 않을 정도로 정말 만족스럽게, 아주 애정하며 사용하던 제품이었습니다!다만, 제품을 구매하는 데 약간의 불편함이 있어 언제 어디서든 맘편히 구매할 수 있는 올리브영에서 한 번 찾아보다가 이 제품을 발견하게 되었습니다💚상품 설명을 보아하니 기존에 사용하던 제품과도 비슷한 부분이 많았고!! 다른 분들의 평들에서도 제가 기존에 사용하던 제품의 느낌과 비슷한 것 같아 구매해 보기로 했습니다🥰제품을 사용해 보니 자극적이지도 않고 텍스쳐도 가볍게 마무리 되어 좋더라구요! 개인적으로 무거운 느낌의 기초 제품들은 별로 선호하지 않는 편이거든요🤔닥터지는 학생 때부터 지금까지 변함없이 함께해 온 제품이라 믿음도 있었고 또 못보던 라인이라 기대도 있었는데 그 기대가 앞으로도 함께할 수 있을 것 같다는 마음이 들어 아주 기쁘네요💛","https://static.oliveyoung.co.kr/pc-static-root/image/comm/my_picture_base.jpg",""
"k202507247****","","","","5점만점에 3점","2025.09.21","복합성에 좋아요","보습에 좋아요","자극이 느껴져요","피부가 최근에 겁나 뒤집어져서 발라봤는데여드름에 좋은지는 잘모르겠음..약간 끈적거림 있고 같이 딸려온 세럼은 따갑기까지해서 굳이..? 싶었던 제품ㅜ 살짝 비추 드립니다","https://static.oliveyoung.co.kr/pc-static-root/image/comm/my_picture_base.jpg",""
"yur****","","","","5점만점에 5점","2025.09.01","지성에 좋아요","진정에 좋아요","자극없이 순해요","피부에 자극도 없이 순하고 여드름 케어되는 느낌이라 잘 써요","https://static.oliveyoung.co.kr/pc-static-root/image/comm/my_picture_base.jpg",""
"chj5459","","","","5점만점에 4점","2022.08.13","복합성에 좋아요","진정에 좋아요","자극없이 순해요","여름 수분크림 찾는 복합성 피부 + 약간의 건성을 가진 분들에게 특히 추천드려요 😊😊▪️ 향 : 개인적으로 냄새는 좀 공장냄새? 시큼한 냄새? 이런게 나서 처음에 좀 거부감이 들더라구요 ㅠㅠ.. 근데 시큼한 냄새는 이제 안나는데 바를 때마다 화학약품 비슷한 냄새가 나서 좀 싫었어요ㅠㅠ! 다 흡수 될 때쯤에는 향이 다 날아가서 괜찮아지긴 하는데 향에 예민하신 분들은 싫어하실 것 같아요!▪️보습력 : 겨울에 건성분들이 바르기엔 좀 가벼운 느낌이고 여름에 바르기 딱 괜찮은 수분감인 것 같아요! 바를 때도 너무 가볍게 사-악 발려지고 흡수력도 괜찮아서 끈적임 없이 산뜻하게 마무리되요!▪️피부진정 : 저는 전에 같은 라인 토너 상품도 올영체험단으로 받아서 세트로 쓰고 싶어가지고 이것도 신청한건데 확실히 같은 라인으로 쓰니까 효과도 좋긴 하더라구요! 작은 트러블 정도는 가라앉혀지고 유수분 밸런스가 딱 맞춰지니까 이 부분에서 마음에 들었어요!‼️ 전체적으로 향을 제외한 나머지 부분은 괜찮아서 추천드립니당","https://static.oliveyoung.co.kr/pc-static-root/image/comm/my_picture_base.jpg",""
"도로위표지판","","","","5점만점에 5점","2024.12.08","복합성에 좋아요","보습에 좋아요","자극없이 순해요","바르면 흡수도 잘되고 촉촉해집니다.비교적 가벼운 제형이에요.사용 후 피부가 어느정도 진정되는 듯 해요.","https://static.oliveyoung.co.kr/pc-static-root/image/comm/my_picture_base.jpg",""
"도로위표지판","","","","5점만점에 5점","2024.10.22","복합성에 좋아요","보습에 좋아요","보통이에요","수분감이 높고 사용후에도 산뜻합니다. 흡수 또한 잘 됩니다.","https://static.oliveyoung.co.kr/pc-static-root/image/comm/my_picture_base.jpg",""
"윤777","웜톤","모공","블랙헤드","5점만점에 5점","2023.08.30","복합성에 좋아요","진정에 좋아요","보통이에요","산뜻하게 여름에 쓰려고 샀어요! 제품 설명처럼 유분은 덜고 수분은 채운 느낌입니다","https://static.oliveyoung.co.kr/pc-static-root/image/comm/my_picture_base.jpg",""
"네니넨","민감성","겨울쿨톤","각질","5점만점에 5점","2025.04.16","복합성에 좋아요","보습에 좋아요","자극없이 순해요","닥터지 에이클리어 밸런싱 모이스처라이어 이 제품 또한 저희 동생이 너무나 잘쓰고 예민한 동생피부에 찰떡이라서 너무나 좋아하고 잘 쓰고 있는데요,수부지라서 보습도 필요하고 유분기도 덜 올라와야 하는 까다로운 피부라서 아무거나 못쓰고 맞는 거 찾기는 하늘에 별따기라서,한번 정착하면 계속 쓰는데요. 이것도 한 10통 가까이 쓴 것 같아요.너무나 잘 쓰고 있어서 또 구매했어요.","","미백"
"네니넨","민감성","겨울쿨톤","각질","5점만점에 5점","2025.01.23","건성에 좋아요","보습에 좋아요","자극없이 순해요","닥터지 에이클리어 밸런싱 모이스처라이어 이 제품 또한 저희 동생이 너무나 잘쓰고 예민한 동생피부에 찰떡이라서 너무나 좋아하고 잘 쓰고 있는데요,수부지라서 보습도 필요하고 유분기도 덜 올라와야 하는 까다로운 피부라서 아무거나 못쓰고 맞는 거 찾기는 하늘에 별따기라서,한번 정착하면 계속 쓰는데요. 이것도 한 10통 가까이 쓴 것 같아요.너무나 잘 쓰고 있어서 또 구매했어요.","","미백"
"프밑","지성","여름쿨톤","민감성","5점만점에 1점","2024.12.29","건성에 좋아요","보습에 좋아요","보통이에요","수부지라서 닥터지 라인이 무난하다는 직원 말에 샀는데.. ㅜ 이거 바르고 여드름이 더 났어요 ㅜㅜㅜㅜㅜ 트러블/여드름에 좋다고 출시한 거 같은데 오히려 악화됨...유분기도 많이 느껴지고요..  트러블 잘 안 나는 건성 분들이 쓰시면 좋을 듯 합니다.","","블랙헤드"
"네니넨","민감성","겨울쿨톤","각질","5점만점에 5점","2024.10.12","복합성에 좋아요","보습에 좋아요","자극없이 순해요","닥터지 에이클리어 밸런싱 모이스처라이어 이 제품 또한 저희 동생이 너무나 잘쓰고 예민한 동생피부에 찰떡이라서 너무나 좋아하고 잘 쓰고 있는데요,수부지라서 보습도 필요하고 유분기도 덜 올라와야 하는 까다로운 피부라서 아무거나 못쓰고 맞는 거 찾기는 하늘에 별따기라서,한번 정착하면 계속 쓰는데요. 이것도 한 10통 가까이 쓴 것 같아요.너무나 잘 쓰고 있어서 또 구매했어요.","","미백"
"네니넨","민감성","겨울쿨톤","각질","5점만점에 5점","2024.08.05","건성에 좋아요","보습에 좋아요","자극없이 순해요","닥터지 에이클리어 밸런싱 모이스처라이어 이 제품 또한 저희 동생이 너무나 잘쓰고 예민한 동생피부에 찰떡이라서 너무나 좋아하고 잘 쓰고 있는데요,수부지라서 보습도 필요하고 유분기도 덜 올라와야 하는 까다로운 피부라서 아무거나 못쓰고 맞는 거 찾기는 하늘에 별따기라서,한번 정착하면 계속 쓰는데요. 이것도 한 10통 가까이 쓴 것 같아요.너무나 잘 쓰고 있어서 또 구매했어요.","","미백"
"네니넨","민감성","겨울쿨톤","각질","5점만점에 5점","2024.03.26","건성에 좋아요","보습에 좋아요","자극없이 순해요","닥터지 에이클리어 밸런싱 모이스처라이어 이 제품 또한 저희 동생이 너무나 잘쓰고 예민한 동생피부에 찰떡이라서 너무나 좋아하고 잘 쓰고 있는데요,수부지라서 보습도 필요하고 유분기도 덜 올라와야 하는 까다로운 피부라서 아무거나 못쓰고 맞는 거 찾기는 하늘에 별따기라서,한번 정착하면 계속 쓰는데요. 이것도 한 10통 가까이 쓴 것 같아요.너무나 잘 쓰고 있어서 또 구매했어요.","","미백"
"네니넨","민감성","겨울쿨톤","각질","5점만점에 5점","2024.02.25","건성에 좋아요","보습에 좋아요","자극없이 순해요","닥터지 에이클리어 밸런싱 모이스처라이어 이 제품 또한 저희 동생이 너무나 잘쓰고 예민한 동생피부에 찰떡이라서 너무나 좋아하고 잘 쓰고 있는데요,수부지라서 보습도 필요하고 유분기도 덜 올라와야 하는 까다로운 피부라서 아무거나 못쓰고 맞는 거 찾기는 하늘에 별따기라서,한번 정착하면 계속 쓰는데요. 이것도 한 10통 가까이 쓴 것 같아요.너무나 잘 쓰고 있어서 또 구매했어요.","","미백"
"응둥","복합성","여름쿨톤","모공","5점만점에 5점","2024.02.09","복합성에 좋아요","진정에 좋아요","자극없이 순해요","겨울에 유수분 밸런스 맞춰주는 용도로 샀어요 !세럼 아무리 발라도 속건조는 잡히지 않고 크림은 한없이 무거워져서 생각해낸 건 로션이었습니다 속건조+히터때문에 생긴 많은 요철들 때문에 스트레스였는데 여드름 피부를 위해 나온 라인인만큼 효과가 있길 바라며,, 열심히 바르는 중입니댜흡수도 빠른 편이고 엄청 무겁지도, 엄청 가볍지도 않은 무난한 로션 같아요","","민감성"
"네니넨","민감성","겨울쿨톤","각질","5점만점에 5점","2024.01.21","복합성에 좋아요","보습에 좋아요","자극없이 순해요","닥터지 에이클리어 밸런싱 모이스처라이어 이 제품 또한 저희 동생이 너무나 잘쓰고 예민한 동생피부에 찰떡이라서 너무나 좋아하고 잘 쓰고 있는데요,수부지라서 보습도 필요하고 유분기도 덜 올라와야 하는 까다로운 피부라서 아무거나 못쓰고 맞는 거 찾기는 하늘에 별따기라서,한번 정착하면 계속 쓰는데요. 이것도 한 10통 가까이 쓴 것 같아요.너무나 잘 쓰고 있어서 또 구매했어요.","","미백"
"네니넨","민감성","겨울쿨톤","각질","5점만점에 5점","2023.08.30","복합성에 좋아요","보습에 좋아요","자극없이 순해요","동생이 거의 6통째 구매해서 쓰고있는 제품인데 동생이 피부에 맞는거 고르기 어려워서 이것저것 써보다가 그래도 역시 닥터지 라고 쓴 제품이 이거거든요? 근데 진짜 여태 쓴 제품들중에 제일 아무것도 안나고 순해서 잘 쓰고 있고, 정말 안 써본분들은 꼭 써보셨음 좋겠어요","","미백"
"greyyy","복합성","쿨톤","미백","5점만점에 5점","2023.03.22","복합성에 좋아요","보습에 좋아요","자극없이 순해요","같은 브랜드의 토너를 쓰고있는데 보습이 괜찮아서 이 모이스처라이저도 구매했었어요. 아침에 바를 로션으로 쓰려고 샀눈데 발랐을 때의 느낌과 보습감이 너무 맘에 들지만 바로 다음에 바이오힐보 판테놀 선크림-에스쁘아 비벨벳 쿠션을 하니 밀리는 현상이 ㅠㅠㅠ 처음 이걸 발랐을 땐 너무너무 맘에 들고 피부에 스며드는 그 느낌이 좋아 아 역시 잘샀어… 완전 맘에들어!!  이랬는데 ㅠㅠ 아무래도 쿠션하기 전엔 이거 못쓸 것 같어요ㅠ모든 사람이 그런건지 아닌지는 모르겠으나… 일단은 아침엔 센텔리안24 에센스로션 쓰려구여. 이건 화장안하는 날이나 저녁에 바를까해요. 화장 할 때 밀린다고 해서 제품 자체가 별로인건 절대 아니에요!!! 진짜 이거 바를 때 피부 진정 효과도 있고 수분감이 그대로 전달되는 그런 느낌이 들었어서  재구매의사 있습니당!! 💛💛","","잡티"
"딩굴딩굴12","복합성","봄웜톤","각질","5점만점에 2점","2023.03.01","복합성에 좋아요","보습에 좋아요","자극없이 순해요","엄청 밀려요. 손으로 해서 그런가 디바이스로도 해봤는데 밀립니다. 밀림이 이렇게 심한제품은 처음봐요. 수분 가득 채우고 발라도 밀리고 단독으로 발라도 밀려요. 재구매의사 없습니다.같이 들어있는 세럼은 좋습니다. 구매의사 있습니다.","","미백"
"한라봉요거트","","","","5점만점에 3점","2023.02.02","지성에 좋아요","진정에 좋아요","보통이에요","기존에 레드 블레미쉬 라인을 사용하다가 조금 더 묵직하면서 진정에 집중한 것 같아서 구매했습니다. 닥터지 기초는 무난하게 트러블이 나지 않았고, 에이 클리어 라인도 그랬어요.장점1. 가을, 겨울, 환절기에 좋은 제형레드 블레미쉬가 산뜻하게 마무리된다면, 에이 클리어는 상대적으로 무거워요. 끈적이지 않고 기분 좋은 촉촉함..? 수분이 갇힌 묵직함으로 마무리 됩니다.2. 진정 효과에이 클리어 라인에 있는 토너와 세럼과 같이 사용하면 더 진정에 좋은 것 같아요. 크림보다 세럼이 더 마음에 들었답니다...^^단점굳이...?굳이 잘 사용하던 레드 블레미쉬에서 갈아탈 정도는 아니에요. 궁금해서 한 번 사용해봤는데, 나쁘지 않다~ 정도 입니다. 이 부분은 사람마다 차이가 클 것 같아요. 게다가 봄, 여름에는 블레미쉬가 시원하고 가벼워서 손이 잘 안 갈 것 같아요.","",""
"hyeppin2s","민감성","여름쿨톤","다크서클","5점만점에 2점","2022.10.24","건성에 좋아요","보습에 좋아요","자극없이 순해요","(+한달사용리뷰제 피부는 매우매우 민감해서 그런지좁쌀 여드름, 접촉성 여드름이 잘 나고홍조가 있습니다. 타입은 수부지고요초반에는 수분 유분 둘 다 느껴져서유수분 밸런스가 망가진 제 피부를 살릴 수 있는템인줄 알았습니다그런데 사용하다보니 초반에는 괜찮다가점점 기름기가 얼굴에 많아지더라구요ㅠㅠㅠ수분감 느껴지긴 했는데 이건 가벼워서금방 날아가고 유분감만 자고 일어나면 남아있어서좁쌀, 화농성 여드름이 너나할거없이 많이났었습니다ㅜㅜㅜ저같은 피부타입 보다는 건성분들이사용하시면 유수분 밸런스잡기 나쁘지 않을 것같다는 생각이 들었구요기름기가 많은 스킨케어 제품을 사용하면얼굴에 뭐가 나는 것 같다! 하시는 분들은사용 비추드립니다...","","잡티"
"솔직담백리뷰씀","지성","쿨톤","트러블","5점만점에 5점","2022.08.14","지성에 좋아요","보습에 좋아요","자극없이 순해요","저는 닥터지 제품은 웬만한 거 다 사용해봤는데, 이번에 신상 크림이 나왔길래 운 좋게 또 써보게 되었어요.💚크림 용량은 70ml로 닥터지 제품 치고는 보통 ~ 양이 많은 편이에요. 튜브형이어서 더욱 위생적이고 사용하기 편리해요. 외부 물질이나 스패츌라 등으로도 균이 들어갈 수 있기 때문에 이것들을 원천 차단하는 거죠.💚트러블과 여드름의 원인으로는 수분 부족과 유분 과다 분비가 있는데요. 에이클리어 밸런싱 크림은 수분을 촉촉하게 공급해주고 유분을 잡아줘서 최종적으로 유수분 밸런스를 좋은 상태로 유지해줘요.💚트러블, 지성 피부에 가장 추천하고요. 봄, 여름에는 건성 피부도 무난하게 사용할 수 있을 것 같아요. 저는 지성 피부여서 그런지,, 그냥 수딩 크림보다는 이 크림이 더 잘 맞았던 것 같아요.ㅎㅎ","",""
"멍뭉이랑","복합성","웜톤","민감성","5점만점에 5점","2022.08.14","복합성에 좋아요","진정에 좋아요","자극없이 순해요","✅ 트러블 유발 없음 이것만으로 합격 ~~!~!! 수부지 피부 소유자들이 사용하기에 딱 좋은 사용감입니다 촉촉하게 수분과 보습을 채워주면서도 번들거리지 않고 모공을 막는 느낌이 없어서 더운 여름에도 부담없이 사용 가능했습니다!✅ 무향이라 좋았어요✅ 튜브형이라 위생상 좋아요✅ 화장이 밀리지 않고 잘 먹어요☑️ 흡수가 어느정도는 걸려서 확실히 피부에 흡수를 시키고 다음단계 베이스를 해야 밀리지 않아요! 흡수 대충 시키고 선크림 바르면 ... 😨🫣","","트러블"
"회색고영이","건성","웜톤","민감성","5점만점에 5점","2022.08.14","복합성에 좋아요","진정에 좋아요","보통이에요","저는 매우 민감하고 건조한 피부를 가졌습니다~!!!닥터지 하면 믿고쓰는 브랜드죠}!! 좋은 기회로 체험해봤어요!! 일단 피부에 자극이 없는느낌이라 예민하거나 트러블성 피부에게 좋을 것 같아요~!! 건조한느낌도 없고 모든면에서 기본이상은 하는 제품같아요","",""
"우니10","지성","웜톤","모공","5점만점에 5점","2022.08.11","지성에 좋아요","보습에 좋아요","자극없이 순해요","일단 자극 없는 모이스쳐라이져! 저는 보통 세안후에 스킨으로 한번 더 얼굴을 닦고 그러고 발라줘요! 그때 약간 보통 로션들 보다는 두껍다!? 는 생각이 들었었어요! 엄청 가벼운 느낌의 로션은 아니였습니다! 그래서 뭔가 얼굴에 많이 바르는걸 싫어하시는 분들은 별로 안좋아할것같은 느낌! 근데 저는 저녁에는 그래도 뭔가 두툼하게 발라주는게 다음날 일어났을때 피부 화장이 잘 먹더라구요! 그래서 저녁에는 완전 듬뿍 바르고 아침에는 가볍게? 발라주는 편입니다!튜브형식으로 짜서 사용할 수 있어서 엄청 위생적이고! 간편하다는게 정말 좋은것같아요! 여행 갈때도 안전 하게 들고 갈 수 있음 그리고 여드름 전용 상품이여서 엄청 순하고 피부가 가렵거나 따갑지 않아서 데일리로 잘 사용하고 있습니다! 예민해진 피부를 위해 사용해보세용","","미백"
"hyeppin2s","민감성","여름쿨톤","다크서클","5점만점에 5점","2022.08.08","복합성에 좋아요","보습에 좋아요","자극없이 순해요","초초초민감성에 여드름성 피부인지라스킨케어 제품들을 이것저것 써보면서 유목민으로지내고 있었는데 오랜만에 닥터지가 좋았던 생각이 나서 다시 오늘드림으로 주문해봤어요ㅎㅎㅎT존은 유분이 폭발하고 U존은 푸석푸석한지라어떤 크림들을 써도 얼굴 전체를 만족하지 못했는데이 제품은 유수분 밸런스 맞춰줘서 그런지얼굴이 엄청 기름지게 되는 현상은 아직까지 없어서되게 만족스러워요!제형 자체는 엄청 가벼운건 아니고적당히 수분감 있지만 흡수는 빨라서 머리카락이달라붙지 않는다는게 너무좋네여ㅠ크림, 애멀전, 로션 할거없이 유명한 제품도이것저것 써보고 입소문 타고있는 제품들도 많이써봤는데 역시 닥터지가 인기있는 이유를알거같았습니다....ㅋㅋㅋ추천드리고싶은 분들을 꼽아보자면 민감성인분들 중에서도 약건성 분들에게 추천드려요극건성인 분들은 너무 가볍다 느끼실 거 같고지성인 분들은 기름질수도 있을거같아요복합성분들은 케바케일수도 있을거같네요ㅜ아무튼 닥터지 짱입니다♡","","민감성"
"미나리무침","","","","5점만점에 3점","2022.08.05","건성에 좋아요","보습에 좋아요","자극없이 순해요","여름에 사용할 크림을 다 써서 새로 구매했어야 하는데 올리브영 체험단으로 이 제품을 구입하게 되었습니다.우선 제 생각과는 많이 다른 제품이였습니다. 보통 트러블라인 크림들은 복합성, 지성들을 타겟으로 해서 가볍게 끝나는 제품을 많이 출시하는데 이 제품은 그렇지 않네요!금방 흡수되는 제형이 아닌 바르고 좀 시간이 지나야 흡수되는 제형이고 바르고 나면 기름막이 한겹 끼었다고 느껴지는 제형입니다.보통 이런 제형은 건성을 타겟으로 한 제품에서 볼 수 있는데 다른점이 있다면 꾸덕하진 않습니다. 묽은 보습크림 정도로 생각하시면 좋을것 같아요. 일반 복합성, 여드름용 크림을 생각하시고 구매하시면 실망하실수 있을것 같네요.아무래도 여름 지성에게는 맞지 않는 제품이라고 생각해서 저는 겨울에 쓰지 않을까 생각됩니다.","",""
"낙버들","복합성","쿨톤","각질","5점만점에 5점","2022.08.04","복합성에 좋아요","진정에 좋아요","자극없이 순해요","닥터지 에이클리어 라인이 뒤집어진 피부에 효과가 좋다길래 여름을 맞아 유분과 땀 폭발, 거기에 마스크 콜라보로 폭탄 맞은 제 피부를 위해 올영체험단으로 신청해봤습니당우선 제형은 불투명한 흰색 크림이고 흘러내리지 않는 적당한 점도를 갖고 있습니당 그렇다고 꾸덕한 제품은 아니고요 펴바르면 수분감이 짱짱하게 잘 펴발라집니다확실히 유수분 밸런스를 맞춰주기 위한 목적을 갖고 있어서 인지 수분감이 굉장히 좋았어요 속건조를 잡아주는 느낌? 거기에 유분감도 아예 없는건 아니라 적당히 피부 장벽을 만들어주는 사용감이었습니다바르고 난 뒤 흡수가 다 되면 끈적임도 없었구요다만 닥터지 에이클리어 라인은 향이 좀 독특한거 같아요 약간 인공적인 플라스틱향…? 솔직히 제가 선호하는 향은 아니라 약간 거부감이 들긴 하지만 사용감은 좋아서 꾸준히 사용해 볼 예정입니다!","","모공"
"탑리뷰어유지가내꿈","","","","5점만점에 5점","2022.08.01","복합성에 좋아요","진정에 좋아요","자극없이 순해요","💚자극 없이 순한 닥터지가 닥터지한 제품💚원래 닥터지 라인 좋아했는데 #올리브영탑리뷰어 덕분에 이렇게 좋은 기회를 갖게 되었어요!자주 바르고 제대로 된 후기를 쓰기 위해 가장 가까이에 놓고 사용하고 있어요! 🥲지금 피부 상태가 어떠신가요?🥲🥲지금 완전 여드름 밭인 상태여서 굉장히 예민한 상태입니다! 다른 제품 바르면 진짜 화장이 다 밀려서 떼가 나오기도 하는 상황이였습니다🤣 그래도 이 제품 바르니깐 그런 현상은 없었어요! 완전 산뜻한 느낌보다는 촉촉한 느낌인것 같아요!💛이 제품 특징이 뭔가요?💛피지 잡고 촉촉하게 수분 채워주는 유수분 밸런싱을 잡아주는 아이템이라고 되어있는 만큼! 수분감이 확실하게 있는 것 같아요! 믿고 쓰는 닥터지는 달팽이 크림라인과 비교했을 땜 좀 더 가벼운 느낌이였어요!","https://static.oliveyoung.co.kr/pc-static-root/image/comm/my_picture_base.jpg",""
"계란투라이","건성","웜톤","각질","5점만점에 5점","2022.08.01","복합성에 좋아요","진정에 좋아요","자극없이 순해요","좋은점♥️♥️ : 사용해보니 확실히 가볍고 부드럽게 발려서 좋았어요~!! 원래 건성피부인데 여름엔 T존이 기름기로 난리라 리치한 크림보다는 가볍게 로션처럼 바를 수 있는 제형 위주로 발라주는데 이게 딱이었어요!! 악건성이신 분들은 모르겠지만 저처럼 건성인데 여름엔 복합성이 되는 분들!께 추천드려용 추천 대상⭐️⭐️ : 닥터지에서 출시한 신규라인인 것 같은데 토너랑 같이 써보고 있는데 요즘 아주 피부 황금기에요,,ㅎㅎ 원래 생리 전후 피부 트러블이 좀 있었고 그것때문에 고생했었는데 요즘은 진짜 작은 트러블 아니고서는 잘 안올라와요 !!! 아무래도 모든 스킨케어 제품이 그렇듯 피부타입이 같다고 다르다고 맞고 안맞고 하는게 없으니까 그점 잘 생각하셔서 구매하시면 좋을 듯해용! 구매 팁😆😆 : 진짜 별거 아니라 민망하지만 저는 닥터지 신규라인이 나온다? 근데 여드름 라인이다? 써보고 싶어!!! 안맞으면 어떡하지??에서 ㅋㅋㅋ 그럼 토너 먼저 써보자 해서 토너 먼저 쓰다가 잘맞는 거 확인하고 로션도 쓰기 시작했어요!! 이 방법 추천드려용 아쉬운 점🥲🥲 : 아직까진 정말 없어요! 다만, 겨울철에는 조금 건조할 수 있겠다는 점? 근데 저는 겨울엔 건조한 만큼 로션 위에 크림도 발라주어서 이거 계속 쓸 수 있을 것 같아용!!","","민감성"
"donatt****","","","","5점만점에 5점","2025.09.13","건성에 좋아요","진정에 좋아요","자극없이 순해요","혈육의 michin 지루성+여드름에 병원약,피부과 아무것도 안듣더니 이것만 네통째임 스트라이덱스랑 이거랑 아이소이응급라인이랑 이거......ㄷ ㄷㄷㄷ","https://static.oliveyoung.co.kr/pc-static-root/image/comm/my_picture_base.jpg",""
"k202206087****","","","","5점만점에 5점","2025.09.09","복합성에 좋아요","진정에 좋아요","자극없이 순해요","발리는 느낌이 부드러워서 바를때 기분이 좋아요!피부고민을 해결해줄수있을것같아서 너무 좋아요","https://static.oliveyoung.co.kr/pc-static-root/image/comm/my_picture_base.jpg",""
"jy****","","","","5점만점에 4점","2025.09.03","건성에 좋아요","보습에 좋아요","자극없이 순해요","세럼이 여드름에 효과가 좋다 크림은 흡수가 잘 안 되는 것 같다","https://static.oliveyoung.co.kr/pc-static-root/image/comm/my_picture_base.jpg",""
"k202408189****","","","","5점만점에 3점","2025.09.02","복합성에 좋아요","진정에 좋아요","보통이에요","여드름 은근들어감 괜춘한데 다시살정도로 좋은건아님 무난템","https://static.oliveyoung.co.kr/pc-static-root/image/comm/my_picture_base.jpg",""
"musolov****","","","","5점만점에 5점","2025.09.02","건성에 좋아요","진정에 좋아요","자극없이 순해요","세안 후 토너를 바른후 닥터지 에이클리어 제품을 바르고 같이 구성품으로 오는 세럼을 여드름이 난 부분에 바르면 여드름이 하루만에 바러 진정됩니다 나중에는 따로 세럼도 구매할 예정입니다!","https://static.oliveyoung.co.kr/pc-static-root/image/comm/my_picture_base.jpg",""
"k202207091****","","","","5점만점에 4점","2025.09.02","복합성에 좋아요","진정에 좋아요","보통이에요","자극없이 부드럽게 발리고 유분감이 많지않아서 좋아요 보습도 잘되고 촉촉해요","https://static.oliveyoung.co.kr/pc-static-root/image/comm/my_picture_base.jpg",""
"hhsy","","","","5점만점에 5점","2025.08.04","복합성에 좋아요","보습에 좋아요","자극없이 순해요","자극 없이 너무 순하고 하나만 바르고 자도 여름에는 괜찮아요!","https://static.oliveyoung.co.kr/pc-static-root/image/comm/my_picture_base.jpg",""
"a2435****","트러블성","쿨톤","민감성","5점만점에 5점","2025.02.18","지성에 좋아요","진정에 좋아요","자극없이 순해요","정말 트러블이 심하게 나서 이거 구매했어요 닥터지 제품이 트러블에 좋다길래 지푸라기 잡는 심정으로 구매했어요 처음에는 너무 부담될거같은 제형이라 의아했지만 사용해보니 효과가 크더라고요 !1 정말 도움 많이 본 제품이였어요 순서대로 나아지는 순서입니다 진자 트러블 고민이시면 꼭 구매해보시는 걸 추천드려요 지성이면 이거 하나만 발라도 될거에요","https://static.oliveyoung.co.kr/pc-static-root/image/comm/my_picture_base.jpg","블랙헤드"
"LOVE119","건성","쿨톤","각질","5점만점에 5점","2023.07.11","복합성에 좋아요","진정에 좋아요","자극없이 순해요","친구랑 쇼핑하다가 친구 피부고민이 여드름성 피부여서 올리브영 들어가서 여드름성 피부용 기초제품 비교해보면서 보는데 이 제품이 유분기도 없고 딱 적당한거 같아서 구매했습니다역시나 사용해보더니 바로 효과는 모르지만 산뜻하고 유분기없어서 좋다고 하네요","https://static.oliveyoung.co.kr/pc-static-root/image/comm/my_picture_base.jpg","모공"
"아리Ari","민감성","봄웜톤","모공","5점만점에 5점","2022.08.14","지성에 좋아요","보습에 좋아요","자극없이 순해요","여름이라 피지 분비도 많이되고 트러블이 하나 둘 올라와서 산듯하면서도 트러블케어가 함께되는 제품 찾아보다가 구입하게 되었어요 닥터지는 수분크림부터 달팽이크림까지 만족하며 사용한 기억이 있어 이번에도 믿고 사용할 수 있었어요 튜브형이라 위생적으로 쓸 수 있다는 점도 좋았어요 제형은 닥터지 수분크림과 비슷했어요 반투명한 제형에 가볍게 발리고 찐득거림은 거의 없었어요 수분감은 있었지만 유분은 거의 느껴지지 않았고 수부지, 지성피부에 적합하다고 느꼈어요 피부염이 같이와서트러블이나 피지조절에 큰 효과는 못느꼈지만 여름에 산듯하게 사용할 기초제품 찾으신다면 추천드려요","","미백"
"maruuubabo","","","","5점만점에 5점","2022.07.28","건성에 좋아요","보습에 좋아요","자극없이 순해요","잡티 개선에 너무 좋아요! 세안 후 하루에 한번씩 발랐는데 너무 순하고 피부가 좋아지는 게 보였어요!!! 마스크 때문에 피부가 엄청 망가졌었는데 크림 써보고 확연히 달라졌더라구요😊 저처럼 피부에 잡티, 여드름, 건조한 부분 개선하고 싶으신 분들께 추천합니다^^ 속건조도 심한 편인데 이 크림이 겉만 적셔주는 게 아닌 속 안까지 스며들어서 속촉촉으로 만들어주는 꿀템...💜💜 다 떨어진 후에도 재구매 예정입니다ㅎㅎ 바르기도 너무 편하고 싹싹 쓸어서 바를 수 있는 타입이라 이 점도 너무 좋았고요 제 피부 타입에 꼭 들어맞는 아이템이라 건성 트러블 피부 있으신 분들은 한번쯤 꼭!! 구매하셨음 좋겠어요💜 요즘 마스크 때문에 저 뿐만 아니라 여러 분들이 트러블 겪으셨을 것 같아요ㅠㅠ 이 제품 한번 사용해보세요!! 추천합니당😀","",""
"네츄럴리에요","","","","5점만점에 4점","2022.09.21","지성에 좋아요","보습에 좋아요","자극없이 순해요","수분감 Good 흡수 good 산뜻함 good 밀림 없음.가벼움. 저녁에 바르고 일어나면 피부가 보송보송 부드러움. 화장도 잘 먹음!! 지성인데 기름도 안나옴 자극 전혀 없음. 이상 끝 (추천함)","https://static.oliveyoung.co.kr/pc-static-root/image/comm/my_picture_base.jpg",""
"eskra****","","","","5점만점에 5점","2024.12.01","건성에 좋아요","보습에 좋아요","자극없이 순해요","날씨가 조금만 추워지면 건성, 정말 더운 여름에는 복합성인 피부를 가지고 있는데 요즘 저녁 때 세안하고 쓰기엔 좋아요! 그런데 얼굴에 바르고 꽤나 무겁게 느껴져서 보습이 정말정말 필요하다 하는 게 아니면 생략해요. 하지만 그만큼 보습력은 끝내줘용","https://static.oliveyoung.co.kr/pc-static-root/image/comm/my_picture_base.jpg",""
"므잉먀앙","","","","5점만점에 4점","2024.11.11","지성에 좋아요","보습에 좋아요","자극없이 순해요","지성이라 유분감이 많은 로션은 못 써서 찾아보다가 발견한 제품이에요 !! 유분기를 조절해줘서 다른 로션보다 기름이 확실히 덜해요!! 심한 지성인분들이 쓰기 적합한 제품입니다 !! 벌써 n번째 구매중 ㅎㅎ 앞으로도 사용할 예정입니다!-!","https://static.oliveyoung.co.kr/pc-static-root/image/comm/my_picture_base.jpg",""
"heesoo****","","","","5점만점에 5점","2024.05.18","복합성에 좋아요","보습에 좋아요","자극없이 순해요","콧물제형 크림을 즐겨쓰던 저라 테스트해보고 그 점이 젤 좋아서 구매했었어요!간절기에 사용해서 그런가 다음 단계에서 피부에 착 스며들기보다 조금 밀리는 경향이 있었는데 익숙해지니 그것도 줄어들더라고요!전체적인 사용후기로는 넘 만족하고 잘 쓰고 있습니다 자고 일어나도 피부가 촉촉해여~","https://static.oliveyoung.co.kr/pc-static-root/image/comm/my_picture_base.jpg",""
"히말라야나이키","","","","5점만점에 5점","2024.05.12","지성에 좋아요","보습에 좋아요","자극없이 순해요","파우더처리해도 3시간이면 코가 번들거리는 지성피부입니다. 수분 관리가 중요하다고 해서 구매해봤는데 좋은 것 같아요. 일단 바르고 나서 자극적인 것도 없었고, 아침에 일어났을 때도 번들거림이 적었습니다. 극지성분들 추천드려요.","https://static.oliveyoung.co.kr/pc-static-root/image/comm/my_picture_base.jpg",""
"ukh****","","","","5점만점에 4점","2023.09.16","건성에 좋아요","진정에 좋아요","자극없이 순해요","복합성인데 복합성, 지성 두 피부 타입이 쓸때 기름이 다른 로션에 비해 안올라와서 좋습니다 여드름 피부에 같이 들어있는 세럼 발라도 좋습니다 가루팩에 세럼 같이 넣어서 쓰기도 좋습니다!! 예민하거나 여드름 피부가 쓰기에 좋은거 같습니다 제품 제형은 무겁지도 않고 약간 묽고 가벼운 제형입니다 흡수도 빨라서 좋아서 아침 저녁으로 세수 하고 바르기에 좋습니다!!","https://static.oliveyoung.co.kr/pc-static-root/image/comm/my_picture_base.jpg",""
"youch****","","","","5점만점에 5점","2022.09.01","복합성에 좋아요","진정에 좋아요","보통이에요","수부지&복합여름에 크림바르니 여드름나서좀더 가벼운거 찾다가  닥터지 세일하길래 손등에바르고 좀 기다렸는데 부들부들하길래 바로샀어요얼굴에 바를때도 묽다는느낌?은 전혀없는데 바르고나면 보송?부들부들?한느낌입니다  조앗! 여드름도 잘 안나요","https://static.oliveyoung.co.kr/pc-static-root/image/comm/my_picture_base.jpg",""
"윳윳윳","복합성","모공","","5점만점에 5점","2022.07.14","지성에 좋아요","진정에 좋아요","자극없이 순해요","트러블이 있고 여름에 지성인 피부 입니다닥터지선크림 구입하면서 이 제품 샘플을 받게 되어 별 기대 없이 사용해봤는 이마에 좁쌀이 싹 사라져서 바로 본품으로 구입했어요!봄에서 여름으로 넘어가면서 피지가 많아지고 유분도 뿜뿜 감당 안되는 시기였어서 이마에 좁쌀이 없어지지 않아서 너무 스트레스 였거든요 ㅠㅠ 구매 후 지금까지 트러블 없이 잘 사용하고 있습니다 아마 피지량을 잘 잡아줘서 좁쌀이 사라진거 같은 느낌이네요 평소 사용하던 스킨-닥터지모이스처라이저 이렇게만 사용해도 충분합니다!지성피부에 아주 뽀송하게 마무리되는건 아니지만 유분감 돌면서 번들거진 않아서 괜찮더라구요 소량만 펴서 바르면 딱 좋아요 제형은 크림같은 제형이라 펴바르기도 좋구요 향은 거의 없어요 무향이라도 해도 될 정도 입니다 그래서 더 좋았어요! 아마 여름에는 이 제품 꾸준히 사용할것 같아요 만족합니다^^","https://static.oliveyoung.co.kr/pc-static-root/image/comm/my_picture_base.jpg",""
"잠자는리락쿠마","","","","5점만점에 3점","2024.01.07","복합성에 좋아요","진정에 좋아요","자극없이 순해요","틱톡커 이노마님이 추천하셔서 올영가서 바로 삿어요 ṑṑṑ 근데 빨간 여드름이 없어진 건 잘 모르겠숮니다","https://static.oliveyoung.co.kr/pc-static-root/image/comm/my_picture_base.jpg",""
"잠자는리락쿠마","","","","5점만점에 5점","2023.12.07","복합성에 좋아요","진정에 좋아요","보통이에요","이거 되게 좋아요!!! 제가 피부에 트러블이 너무 나서 닥터지로 사는데 이건 너무 좋아요ㅠ 붉은기 싹 사라져요","https://static.oliveyoung.co.kr/pc-static-root/image/comm/my_picture_base.jpg",""
"콩꼬물누나","","","","5점만점에 5점","2023.11.26","복합성에 좋아요","진정에 좋아요","보통이에요","피부 뒤집어진 날 얇게 스킨케어 뒤에 얼굴에 바르고자면 붉은기 가라앉고 진정돼요 드라마틱하게 빡 사라지는 건 아니지만 슬금슬금 가라앉는 게 보여유","https://static.oliveyoung.co.kr/pc-static-root/image/comm/my_picture_base.jpg",""
"wjd80****","","","","5점만점에 5점","2024.02.09","복합성에 좋아요","진정에 좋아요","자극없이 순해요","피부가 많이 예민한데 발라도 따가움이 없어서 너무 좋았어요","https://static.oliveyoung.co.kr/pc-static-root/image/comm/my_picture_base.jpg",""
"rimrim****","","","","5점만점에 5점","2025.08.29","복합성에 좋아요","진정에 좋아요","자극없이 순해요","진짜 여러번 쓰고 가장 잘 맞는 제품인데 할인더 잘 안하구 (한걸 본적이없음) 양도 넘 적어서 여러모로 아쉬운 상품..,","https://static.oliveyoung.co.kr/pc-static-root/image/comm/my_picture_base.jpg",""
"nannaji7****","","","","5점만점에 5점","2025.08.27","지성에 좋아요","주름/미백에 좋아요","자극이 느껴져요","좋아요또 구매할께요 감사합니다 많이파세요 나 오늘 기분좋은날","https://static.oliveyoung.co.kr/pc-static-root/image/comm/my_picture_base.jpg",""
"qo****","","","","5점만점에 5점","2025.08.27","복합성에 좋아요","진정에 좋아요","보통이에요","잘쓰고 있는 제품입니다 ㅎㅎ 할인 자주했으면 좋겠어요 !!","https://static.oliveyoung.co.kr/pc-static-root/image/comm/my_picture_base.jpg",""
"sjh06****","","","","5점만점에 3점","2025.08.18","건성에 좋아요","보습에 좋아요","보통이에요","여드름성피부에 좋다고 해서 샀는데 별반 다를 게 업슴..더 나면 더 낫지.. 좋아지진 않은 듯제 피부는 지성입니데이 다들 참고하세어ㅕ","https://static.oliveyoung.co.kr/pc-static-root/image/comm/my_picture_base.jpg",""
"cdyunjee****","","","","5점만점에 5점","2025.08.18","지성에 좋아요","진정에 좋아요","자극없이 순해요","지성+민감성인데 여름에 마지막으로 딱 바르기 너무 좋음! 로션인데 번들번들 기름지지도 않고 딱 마무리하기 좋은듯","https://static.oliveyoung.co.kr/pc-static-root/image/comm/my_picture_base.jpg",""
"ashley****","","","","5점만점에 5점","2025.08.11","지성에 좋아요","진정에 좋아요","자극없이 순해요","이거는 저처럼 트러블 잘 나고 예민한 피부에 좋을것 같아여!!!","https://static.oliveyoung.co.kr/pc-static-root/image/comm/my_picture_base.jpg",""
"lex****","","","","5점만점에 3점","2025.08.10","복합성에 좋아요","진정에 좋아요","보통이에요","꽤 좋아요 근데 담번에믐 안살듯 ㅋ 근데 남이 사주면 쓸 고 같은 그런 느낌 ㅋ","https://static.oliveyoung.co.kr/pc-static-root/image/comm/my_picture_base.jpg",""
"tmzkdltl****","","","","5점만점에 5점","2025.07.19","복합성에 좋아요","진정에 좋아요","자극없이 순해요","넘 좋아요 끈적거리지 않으면서 촉촉해요  진정에 좋아서 좁쌀 트러블에 효과 좋아요","https://static.oliveyoung.co.kr/pc-static-root/image/comm/my_picture_base.jpg",""
"tmzkdltl****","","","","5점만점에 5점","2023.07.22","복합성에 좋아요","진정에 좋아요","자극없이 순해요","넘 좋아요 피부가 정말 민감한 편인데 자극없고 발림성 좋아요  이거쓰고  좁쌀 트러블 많이 없어 졌어요","https://static.oliveyoung.co.kr/pc-static-root/image/comm/my_picture_base.jpg",""
"kmg08****","지성","쿨톤","각질","5점만점에 5점","2023.03.20","지성에 좋아요","진정에 좋아요","자극없이 순해요","굿이에요 동생 이거 써서 그런지 여드름이 막 더이상 올라오지는 않는 것 같아요 !!","https://static.oliveyoung.co.kr/pc-static-root/image/comm/my_picture_base.jpg","잡티"
"rimrim****","","","","5점만점에 5점","2025.06.10","복합성에 좋아요","진정에 좋아요","자극없이 순해요","늘 쓰던녀석.장점. 여드름케어 같은것에 정말 탁월..단점. 여름엔 과해서 기름뜨고, 겨울엔 부족해서 살 틈 ㅜ 양조절 필수인 녀석. 거기에 이 에이클리어라인은 죽어도 할인안하고 비싸서 곧 갈아탈 예정..지난 몇년간 내 여드름을 책임져 줘 고마웠다. 잘가라","https://static.oliveyoung.co.kr/pc-static-root/image/comm/my_picture_base.jpg",""
"zmxm****","","","","5점만점에 5점","2024.12.05","지성에 좋아요","보습에 좋아요","보통이에요","꾸준하게 사용하던 제품이에요.여드름성 피부나 지성인 피부가 사용하기에적합해 보여요.살짝 뻣뻣하게 발리고 수분감은 그닥...피부장벽 무너져서 개기름에 여드름에 정말고생고생 할때 사용했던 제품이에요.세럼이랑 이거랑 딱 두개만 바르면 밸런스 조절이 됐는데, 지금은 다른 제품을 더해서 같이 사용해요.. (건조해서)좋은지는 크게 못느끼겠으나,이걸로 바꾸고 피부과 다니면서 정말 피부 깨끗해 졌거든요..여드름피부에서 나아지기 까지계속 이 제품과 함께여서 그런지 다른 제품으로 넘어가기가 무서워서 계속 쓰는 제품이에요 !!","https://static.oliveyoung.co.kr/pc-static-root/image/comm/my_picture_base.jpg",""
"kyoug****","","","","5점만점에 5점","2024.12.02","지성에 좋아요","보습에 좋아요","자극없이 순해요","지성인데 수부지타입이여서 유수분 밸런스 맞추지않으면 (특히 여름!)로션바르자마자 개기름 좔좔 흘러서 로션 고를때 힘들어요ㅠㅠ 그래서 매장에서 테스트 해볼거 다해보고 이제품 골랐어요 여름에 이제품덕분에 유분기가 덜했어요 그리고 자극도 없고 순해요 그래서 계속 재구매했답니다 아쉬운건 금액대비 용량이 적어서 아쉬워요","https://static.oliveyoung.co.kr/pc-static-root/image/comm/my_picture_base.jpg",""
"yhl09****","","","","5점만점에 4점","2024.08.12","지성에 좋아요","보습에 좋아요","보통이에요","세럼 진짜 별로예요 이것 때문인지는 모르겠거든요? 근데 많이많이 자극적이라고 느꼈습니다 피부도 안좋아졌고요.. 크림도 딱히 모르겠어요 바르는 순간 저는 너무 답답하다고 느꼈습니다 닥터지 다른 제품들은 너무 좋은데 이 라인 제품들은 전부 별로네요 전부 써봤는데..","https://static.oliveyoung.co.kr/pc-static-root/image/comm/my_picture_base.jpg",""
"zmxm****","","","","5점만점에 5점","2023.12.13","지성에 좋아요","보습에 좋아요","자극없이 순해요","완전 지성에 예민하기까지한 피부라아무거나 못쓰는데 이거는 잘 맞네요평소에 스킨만 쓰고 겨울에는 수분크림 코딱지 만큼 써도 기름지는데 그렇다고 스킨만 쓰기엔피부가 너무 땡기고 그래서 방법을 찾다가 운명적으로 같은 라인 앰플은써봤는데 여드름도 확실히 줄고 괜찮아서 구매해서 써봤는데 완전 대만족 !스킨대신 앰플만 썻는데 하나만 단독으로 쓰기엔 조금 건조함감이 있어서 같이 구매해서 써요확실히 여드름도 줄고 기름지는것도 덜 해서 좋아요다쓰면 재구매 계속 정착해서 사용할 거 같습니당!","https://static.oliveyoung.co.kr/pc-static-root/image/comm/my_picture_base.jpg",""
"집맛빵어붕","","","","5점만점에 5점","2023.11.25","복합성에 좋아요","진정에 좋아요","자극없이 순해요","환절기에 특히나 트러블 진정 제품을 많이 구매해서 사용하게 되는데 저한테 맞는 제품 찾기가 너무 어렵더라구요ㅠ그러던 와중에 수분크림 찾다가 발견한 제품인데 사계절 상관없이 트러블 생기거나 생길거 같거나 싶을때 바르면 좋았어요 여행가서 물 안맞아서 트러블 나는 사람이 저였는데 이번에 여행 갈때 같이 간 제품입니다ㅎㅎ 가서도 갔다와서도 트러블 안나서 너무 만족해요","https://static.oliveyoung.co.kr/pc-static-root/image/comm/my_picture_base.jpg",""
"lhe****","","","","5점만점에 5점","2023.09.25","복합성에 좋아요","진정에 좋아요","자극없이 순해요","저는 스킨케어 단계에서 마지막즈음에 발라주고 있고 기존에 쓰던 레드블레미쉬 멀티 플루이드보다 좀 더 꾸덕찐득한 느낌은 있어요 이게 여드름성 피부 타겟으로 나온 라인업이라고 해서 바꿔본건데 지금까지 일주일 발라봤을 때 효과는 아직 모르겠네요 좀 더 꾸준히 발라보고 후기 가져오겠습니닷","https://static.oliveyoung.co.kr/pc-static-root/image/comm/my_picture_base.jpg",""
"dbeh****","","","","5점만점에 4점","2023.09.05","복합성에 좋아요","진정에 좋아요","보통이에요","저는 크림인줄 알고 구매했는데 걍 로션 이더라고요..트러블이 가끔씩 자주 올라와서 구매했는데 진정이 잘 되는지는 모르겠어요. 제형이 꾸덕한 제품이 아니라서 피부에 흡수는 빨리 되는거 같아요. 용기도 투브형이라서 쓰기 편해요. 닥터지 제품 자주 쓰는데 이 제품은 제 피부랑 안 맞는거 같아요..","https://static.oliveyoung.co.kr/pc-static-root/image/comm/my_picture_base.jpg",""
"smk****","","","","5점만점에 5점","2023.08.21","복합성에 좋아요","진정에 좋아요","자극없이 순해요","자극없이 순하고 잘스며들어 좋습니다.향은 별로없어요. 사춘기 아들 얼굴에 화농성 여드름이 있어 병원다니며 로션은 올영 직원분 추천으로 구매했는데, 이제는 얼굴에 자국만 조금 남고 많이 좋아졌습니다. 앞으로도 계속 구매의사 있습니다.~^^","https://static.oliveyoung.co.kr/pc-static-root/image/comm/my_picture_base.jpg",""
"ekduddlq****","","","","5점만점에 5점","2023.08.14","복합성에 좋아요","보습에 좋아요","자극없이 순해요","저는 T존에 유분이 많고 볼은 건조한 복합성입니다제형은 가벼운 젤 크림 같아요! 촉촉한데 얼굴에 발라주면 마무리감은 약간 보송한 느낌? 좀 신기해요건조한 건 아닌데 속건조를 완전히 잡아주는 느낌은 아니었던 것 같습니다 그리고 바르고 나면 약간 보송해지면서 살짝 기름? 이라 해야 할지 유분이 도는 느낌이 들었던 것 같아요 제가 전에 바르던 크림이 너어무 가벼워서 그런 걸 수도 있지만 저한텐 그렇게 느껴졌습니다 그런 느낌이 돌았다는 거지 유분이 있다고 한 건 아니에요!! 그래도 그런 느낌이 싫으신 분들한텐 비추천할게용근데 저는 너무 맘에 들어요 ㅠㅠ 흡수도 잘 되고 마무리감이 보송해서인지 진짜 유수분 밸런스 맞춰 주는 느낌 하루밖에 안 써 봐서 더 써 봐야 알겠지만 전 좋습니다!","https://static.oliveyoung.co.kr/pc-static-root/image/comm/my_picture_base.jpg",""
"온이님","","","","5점만점에 4점","2022.06.26","지성에 좋아요","진정에 좋아요","보통이에요","닥터지 제품은 썬크림은 몇년째 5통 사용하고 있는 사람입니다 피부가 워낙 예민한 터라 아무거나 막 쓰면 뒤집어 지기 때문에 늘 검색하고 후기를 잘 알아보고 선택하는 부분이 있어요 ㅎㅎ 그만큼 닥터지는 가성비도 좋지만 진정 보습에 늘 탁월한 기능성이 있는거 같아 이번에 첨으로 크림도 구매 해보았어요 ㅎㅎ 에이클리어 밸런싱 모이스처 크림은 명칭 만큼이나 유수분 밸런스를 잘 맞춰주는거 같고 무엇보다 발랐을때 아무 트러블 없이 무난하게 잘 사용할수 있는거 같아서 좋았어요 어차피 아이크림은 따로 사용하기땨ㅐ문에 수분크림으로써응 역할은 괜찮은 편입니다 여름에 사용하기도 좋은게 번들거림이 없고 끈적임이 없어서 가볍게 사용하기 좋아요 그리고 저처럼 에민한 피부에 진정 효과를 줘서 좋구용 !! 과도한 유분은 잡아주고 피지는 조절해 주니 딱입니당 ㅎㅎ","https://static.oliveyoung.co.kr/pc-static-root/image/comm/my_picture_base.jpg",""
"0101","","","","5점만점에 5점","2024.02.28","복합성에 좋아요","진정에 좋아요","자극없이 순해요","여드름이 나기 시작한 아이가 사용하고 있어요. 같은 제품 스킨도 사서 같이 사용하고 있어요. 지성 복합성 피부라고 너무 묽은 스킨만 쓰면 나중에 성인이 되서 건성으로 고생할 수 있다는 걸 알아서 유수분 적당히 맞춰주려고 꾸덕한 크림대신 가벼운 제형인 세럼 용도로 같이 사용 중입니다. 잘 맞는 것 같아서 꾸준히 쓰게 하려 합니다.","https://static.oliveyoung.co.kr/pc-static-root/image/comm/my_picture_base.jpg",""
"xeounI","","","","5점만점에 3점","2022.10.03","복합성에 좋아요","보습에 좋아요","자극없이 순해요","평소에 유분이 진짜 많은편인데 여름이라서 한번 사봤는데 유분이 줄어들진 않더라고요. 근데 잘 바르고 다니면 여드름이 덜 나는게 속에서는 열심히 유수분 밸런스를 맞춰주는 것 같기도 해요.단점은 토너랑 이것만 바르고 생얼로 나가면 앞머리가 바로 기름져져서 신경쓰이는거....? 그래서 이마만 쿠션 하거나 크림 바르고 기름종이로 살짝 걷어냈어요. 이거는 제가 지성이라서 더 그런거릴 수도 있어요.가볍고 촉촉한 제형이고 바르고 나서도 살짝 산뜻한 느낌이에요. 바를때도 부드럽게 잘 발리고 나중에 건조하거나 그런건 없었는데 건성이 좀 심한 분들이 쓰면 건조하다고 느낄 수도 있을것 같아요.바르고 나서 유분기가 살짝 있기는 한데 그정도는 어느 제품에나 있을 것 같고요. 딱히 베이스가 밀리거나 뜨거나 하지는 않았어요","https://static.oliveyoung.co.kr/pc-static-root/image/comm/my_picture_base.jpg",""
"wjddla****","","","","5점만점에 5점","2025.06.18","복합성에 좋아요","진정에 좋아요","자극없이 순해요","사용기한 2028년 4월 기한 넉넉하고 최근제조제품입니다.사춘기 아이들 써보고 효과있이 계속사용하고 있어요진정효과 트러블 여드름 피부상태좋아져요","https://static.oliveyoung.co.kr/pc-static-root/image/comm/my_picture_base.jpg",""
"rina83****","","","","5점만점에 5점","2025.06.18","복합성에 좋아요","진정에 좋아요","보통이에요","여드름성 피부에 사용하고 있어요 향도 발림도 순해요 자주 세일해주세요","https://static.oliveyoung.co.kr/pc-static-root/image/comm/my_picture_base.jpg",""
"lylsh****","","","","5점만점에 5점","2025.06.11","복합성에 좋아요","진정에 좋아요","보통이에요","중학생 아들 여드름 심해져서 샀어요아들이 좋은지 잘 챙겨바르네요 ㅎㅎ","https://static.oliveyoung.co.kr/pc-static-root/image/comm/my_picture_base.jpg",""
"rina83****","","","","5점만점에 5점","2025.05.19","복합성에 좋아요","진정에 좋아요","보통이에요","여드름피부용으로 구매했어요 순해요 세일많이많이해주세요","https://static.oliveyoung.co.kr/pc-static-root/image/comm/my_picture_base.jpg",""
"wjddla****","","","","5점만점에 5점","2025.05.05","지성에 좋아요","진정에 좋아요","자극없이 순해요","여드름성 중딩아들 피부 많이 좋아졌어요끈적이지않고 보습효과 피부 트러블까지 잡아주는 제품 계속사용하는 이유예요","https://static.oliveyoung.co.kr/pc-static-root/image/comm/my_picture_base.jpg",""
"ashley****","","","","5점만점에 5점","2025.05.01","지성에 좋아요","진정에 좋아요","자극없이 순해요","닥더지 제품 많이 써봤는데 에이클리어 라인 제품은 이번에 처음 써봤어요! 제가 지성 피부인데 이 제품이 수분은 잡아두는 데 그렇다고 피부 위에 오바되게 미끌거리고 기름이 올라오지 않아서 너무 좋아요 여름에 한 번 더 구매할 예정입니다!","https://static.oliveyoung.co.kr/pc-static-root/image/comm/my_picture_base.jpg",""
"kyoug****","","","","5점만점에 5점","2025.04.01","지성에 좋아요","보습에 좋아요","자극없이 순해요","지성에 기름기없이 보습에 딱이예요 특히 여름에 끈적임이 없어 좋아요","https://static.oliveyoung.co.kr/pc-static-root/image/comm/my_picture_base.jpg",""
"nina****","","","","5점만점에 4점","2025.02.14","복합성에 좋아요","보습에 좋아요","보통이에요","유통기한 넉넉해요~ 용기가 사용하기 편리해요~ 구성이 좋네요~","https://static.oliveyoung.co.kr/pc-static-root/image/comm/my_picture_base.jpg",""
"yang****","","","","5점만점에 5점","2025.01.23","복합성에 좋아요","진정에 좋아요","자극없이 순해요","아이가 여드름이 나기 시작해서로션 바꿨어요사용하고나서 진정된다고 하네요","https://static.oliveyoung.co.kr/pc-static-root/image/comm/my_picture_base.jpg",""
"alfm****","","","","5점만점에 5점","2025.01.12","건성에 좋아요","보습에 좋아요","자극없이 순해요","딸이  피부가 예민해서 이제품바꿔봤어요  효과가좋으면 꾸준히 쓸려고합니다","https://static.oliveyoung.co.kr/pc-static-root/image/comm/my_picture_base.jpg",""
"silver****","","","","5점만점에 5점","2025.01.05","복합성에 좋아요","보습에 좋아요","자극없이 순해요","이거 진짜 좋아요 유분 줄어들고 수분 짱짱하게 먹여줍니당 이거 쓰면 평소에 크림바를 때보다 덜 번들거려용 강추! 같이 주는 스팟세럼?도 괜찮았어요","https://static.oliveyoung.co.kr/pc-static-root/image/comm/my_picture_base.jpg",""
"fant****","","","","5점만점에 4점","2025.01.01","복합성에 좋아요","진정에 좋아요","보통이에요","딸아이 여드름에 효과있다해서  구입했습니다 꾸준히 구입해서  발라볼께요","https://static.oliveyoung.co.kr/pc-static-root/image/comm/my_picture_base.jpg",""
"mmh****","","","","5점만점에 5점","2024.12.08","복합성에 좋아요","진정에 좋아요","보통이에요","좀 건조하네요.쓰고나서 뾰루지가 올라왔는데이것 때문인지는 모르겠어서 더 써봐야 할것 같아요.같이받은 스팟제품은 엄청 묽어서 짤때 조심하세요.","https://static.oliveyoung.co.kr/pc-static-root/image/comm/my_picture_base.jpg",""
"rimrim****","","","","5점만점에 5점","2024.12.08","복합성에 좋아요","진정에 좋아요","자극없이 순해요","맨날쓰는 거예요 굿원래 트러블 개심했는데 이 라인 클렌징폼이랑 로션 쓰고난후 엄청줄었고 도움됐습니다.","https://static.oliveyoung.co.kr/pc-static-root/image/comm/my_picture_base.jpg",""
"waffle1****","","","","5점만점에 5점","2024.09.30","복합성에 좋아요","진정에 좋아요","자극없이 순해요","여드름이 너무 많이 나서 사봤어요 저한테도 잘맞으면 좋겠습니다","https://static.oliveyoung.co.kr/pc-static-root/image/comm/my_picture_base.jpg",""
"jellyb****","","","","5점만점에 3점","2024.09.22","복합성에 좋아요","진정에 좋아요","보통이에요","진쯔 피부 너무 안좋아서 마음고생하고 있는데 순하고 촉촉해서 잘쓰고있어요","https://static.oliveyoung.co.kr/pc-static-root/image/comm/my_picture_base.jpg",""
"rina83****","","","","5점만점에 5점","2024.07.08","복합성에 좋아요","진정에 좋아요","보통이에요","여드름 피부에 적합하다고 해서 구매해서 한달이상사용했어요","https://static.oliveyoung.co.kr/pc-static-root/image/comm/my_picture_base.jpg",""
"rina83****","","","","5점만점에 5점","2024.06.06","복합성에 좋아요","진정에 좋아요","보통이에요","닥터지는 믿고 구입해요 여드름용으로 적합하다고해서 구입했어요","https://static.oliveyoung.co.kr/pc-static-root/image/comm/my_picture_base.jpg",""
"lae****","","","","5점만점에 5점","2024.04.18","지성에 좋아요","진정에 좋아요","자극없이 순해요","사춘기 딸을 위해 구입후 벌써 4개째 구입이네요. 예민한 피부에 자극이 없고 여드름이 완화 되는것 같아서 쭉 사용 중입니다.","https://static.oliveyoung.co.kr/pc-static-root/image/comm/my_picture_base.jpg",""
"db****","","","","5점만점에 4점","2024.04.01","복합성에 좋아요","진정에 좋아요","보통이에요","예민한 피부인데 안끈적거리고바르기 편한거 같아요.너무많이 발라도 괜찮은느낌?같아요.","https://static.oliveyoung.co.kr/pc-static-root/image/comm/my_picture_base.jpg",""
"db****","","","","5점만점에 4점","2024.02.16","복합성에 좋아요","진정에 좋아요","보통이에요","꾸준히 써봐야 될거같습니다. 아직은 크게 효과는 못본거같은데 잘 써볼게요.","https://static.oliveyoung.co.kr/pc-static-root/image/comm/my_picture_base.jpg",""
"yujun****","","","","5점만점에 5점","2024.02.02","복합성에 좋아요","진정에 좋아요","보통이에요","토너후에 바르는데 라이트한 제형은 아니라서 바른직후는 약간끈적한감이 잇어요~ 너무적게바르면 금방건조해지는느낌이라 이거바르고 수분크림까지 같이바르는게더좋은거같아요 트러블 진정에는 좋은거같아요~~","https://static.oliveyoung.co.kr/pc-static-root/image/comm/my_picture_base.jpg",""
"dbeh****","","","","5점만점에 5점","2023.12.10","복합성에 좋아요","진정에 좋아요","자극없이 순해요","닥터지 제품은 성분도 좋구 바르면 흡수도 빨라서 좋았어요. 용기도 투브형이라서 쓰기 편햐구요.그렇게 막 촉촉하고 그런거는 아니지만 어느정도 보습도 약간 되는거 같고 막 쓰기 좋은거 같아요.","https://static.oliveyoung.co.kr/pc-static-root/image/comm/my_picture_base.jpg",""
"bear168****","","","","5점만점에 5점","2023.11.03","복합성에 좋아요","진정에 좋아요","보통이에요","스킨과 함께 사용하니 더 효과가 좋은 듯 해요촉촉해서 넘 좋네요~~","https://static.oliveyoung.co.kr/pc-static-root/image/comm/my_picture_base.jpg",""
"smk****","","","","5점만점에 5점","2023.10.15","복합성에 좋아요","진정에 좋아요","자극없이 순해요","아들의 여드름 때문에 구매하는 제품입니다.병원도 다니지만 화장품도 중요할듯 하여 사용중인데 얼굴이 많이 깨끗해 졌습니다. 지금은 여드름이 가끔씩 생기는 정도~ 꾸준히 사용하니 좋은듯 합니다. 앞으로도 쭉~~ 구매해야겠어요.","https://static.oliveyoung.co.kr/pc-static-root/image/comm/my_picture_base.jpg",""
"alum****","","","","5점만점에 5점","2023.09.24","건성에 좋아요","보습에 좋아요","자극없이 순해요","진정되는 느낌이에요향도 좋고피부톤이 맑아집니다촉촉해지네요","https://static.oliveyoung.co.kr/pc-static-root/image/comm/my_picture_base.jpg",""
"07y****","","","","5점만점에 5점","2023.08.21","복합성에 좋아요","보습에 좋아요","자극없이 순해요","피부 진짜 예민한 저도 순하게 느껴졌고 그냥 무난무난해요! 닥터지는 믿고봅니다","https://static.oliveyoung.co.kr/pc-static-root/image/comm/my_picture_base.jpg",""
"k32****","","","","5점만점에 5점","2023.07.27","복합성에 좋아요","진정에 좋아요","자극없이 순해요","흡수되고나면 끈적임이 없어서 여름에 쓰기 좋아요여드름에 좋았으면 좋겟네여","https://static.oliveyoung.co.kr/pc-static-root/image/comm/my_picture_base.jpg",""
"shawna****","","","","5점만점에 5점","2023.07.18","복합성에 좋아요","진정에 좋아요","보통이에요","바를땐 잘흡수되요 클렌징하고 바르고 자고나서 4시간후에 기름이 져요 ㅠㅠㅠ 지복합성이라 그런건지 ㅜㅜ","https://static.oliveyoung.co.kr/pc-static-root/image/comm/my_picture_base.jpg",""
"shawna****","","","","5점만점에 5점","2023.06.14","지성에 좋아요","진정에 좋아요","보통이에요","여드름 피부에요토너만 바르엔 아무래도 건조해서 크림 샀어요아직 몇번 안발라서 한달쓰고 후기적을게요","https://static.oliveyoung.co.kr/pc-static-root/image/comm/my_picture_base.jpg",""
"soft****","","","","5점만점에 4점","2023.03.17","지성에 좋아요","진정에 좋아요","자극없이 순해요","중학생 아이 여드름 때문에 샀는데, 사용후 결과가 좋아 재구매 했습니다. 자주 사용하게 되네요","https://static.oliveyoung.co.kr/pc-static-root/image/comm/my_picture_base.jpg",""
"pphy****","","","","5점만점에 5점","2023.02.18","지성에 좋아요","진정에 좋아요","자극없이 순해요","이거 쓰고 많이 가라앉아서 재구매했습니다.자극없이 순하고 지성피부에 효과적입니다","https://static.oliveyoung.co.kr/pc-static-root/image/comm/my_picture_base.jpg",""
"tr****","","","","5점만점에 5점","2022.12.05","복합성에 좋아요","보습에 좋아요","자극없이 순해요","두 번째 닥터지와의 만남인데 매우 만족합니다.본품도 만족이지만 세럼은 매우 만족입니다.","https://static.oliveyoung.co.kr/pc-static-root/image/comm/my_picture_base.jpg",""
"io****","","","","5점만점에 5점","2022.11.13","지성에 좋아요","진정에 좋아요","자극없이 순해요","자극이 없어서 아침 저녁으로 바르기 좋구요 튜브형이라 위생적이에요 여드름이 심할때 발랐는데도 자극 없어서 좋았어요진정에 도움이 됩니다","https://static.oliveyoung.co.kr/pc-static-root/image/comm/my_picture_base.jpg",""
"gkdus****","","","","5점만점에 5점","2022.10.20","복합성에 좋아요","진정에 좋아요","자극없이 순해요","같은 제품으로 스팟세럼이랑 같이 샀는데 이것두 제 피부랑은 안맞나봐용 ㅠ 동생은 좋다고 써서 다행인구 같아옹","https://static.oliveyoung.co.kr/pc-static-root/image/comm/my_picture_base.jpg",""
"jwh****","","","","5점만점에 5점","2022.09.20","지성에 좋아요","보습에 좋아요","자극없이 순해요","1. 얼굴에 여드름이 자꾸 나서 사용하게 되었습니다.2. 잘 스며들고 피부에 자극이 거의 없습니다.3. 여드름도 덜 나오는 것 같습니다.","https://static.oliveyoung.co.kr/pc-static-root/image/comm/my_picture_base.jpg",""
"ehdhe****","","","","5점만점에 5점","2022.08.09","복합성에 좋아요","진정에 좋아요","보통이에요","그냥그랬어용!!진정효과는 잘 모르겠고,,전체적으로 효과를 못 본 제품인거 같아영! 보습감도 뛰어나지않은편인거 같아용","https://static.oliveyoung.co.kr/pc-static-root/image/comm/my_picture_base.jpg",""
"dys****","","","","5점만점에 4점","2022.06.26","복합성에 좋아요","진정에 좋아요","보통이에요","복삽성 피부인데 나쁘지 않은가 같아요 여름에 사용하기 좋네요","https://static.oliveyoung.co.kr/pc-static-root/image/comm/my_picture_base.jpg",""
"soft****","","","","5점만점에 4점","2022.06.09","복합성에 좋아요","진정에 좋아요","자극없이 순해요","흡수가 잘되고, 산듯한 느낌이여서 사용하기 좋습니다. 피부 자극도 적은편인것 같아 괜찮은것 같아요.","https://static.oliveyoung.co.kr/pc-static-root/image/comm/my_picture_base.jpg",""
"헨222","","","","5점만점에 1점","2025.01.11","건성에 좋아요","보습에 좋아요","자극이 느껴져요","다른 닥터지 제품 잘 썼던 기억이 있습니다 제 피부가 겨울만 되면 유독 건조해지기에 올영 간김에 세일하길래 구입해봤어요 근 몇년은 트러블 난적이 없는데 트러블이 열개는 생겼어요 바르기만해도 간지럽고 휴… 돈아까워요 뒤꿈치에나 발라야겠어요","https://static.oliveyoung.co.kr/pc-static-root/image/comm/my_picture_base.jpg",""
"깡꺙","","","","5점만점에 4점","2022.11.08","복합성에 좋아요","진정에 좋아요","보통이에요","학생이라 뾰루지, 여드름 상관없이 너무 많이 나서 구매했습니다. 처음 발랐을 땐 조금 화끈? 따끔?거리면서 트러블에 효과 없는 줄 알았는데 2주차때부터 효과가 나타나더니 지금은 피부가 많이 깨끗해졌어요!! 예전에 깔끔하게 처리못한 흉터들만 남아있는 정도? 재구매할 것 같아요!","https://static.oliveyoung.co.kr/pc-static-root/image/comm/my_picture_base.jpg",""
"guswlfld","","","","5점만점에 4점","2022.06.03","지성에 좋아요","진정에 좋아요","자극없이 순해요","닥터지 레드블레미쉬 클리어 수딩 크림을 사러 매장에 방문했다가 없어서 급한대로 사온 에이클리어 밸런싱 모이스처라이저!후기를 본것도 아니고 그냥 매장에서 테스터 해보고 끈적임이 없어여름에 사용목적으로 구입한 제품인데 제 피부가 건성이다 보니 아무래도 수분이 부족해서 손이 잘 안가더라구요좀 아쉽지만 트러블이 나거나 제형이 별로거나 그런건 아니예요","https://static.oliveyoung.co.kr/pc-static-root/image/comm/my_picture_base.jpg",""
"또네지","복합성","봄웜톤","탄력","5점만점에 5점","2025.07.06","복합성에 좋아요","진정에 좋아요","자극없이 순해요","믿고 쓰는 제품이라 구매해봤어요. 마음에 들고 친구 따라서 산건데 앞으로 재구매할거 같아요","","홍조"
"욤맴","트러블성","여름쿨톤","각질","5점만점에 5점","2025.05.07","복합성에 좋아요","보습에 좋아요","자극없이 순해요","유수분 밸런스 좀 맞춰지는 것 같기도? 바르고 자면 아침에 피부가 보들보들해용","","다크서클"
"우르르롹끼","트러블성","쿨톤","각질","5점만점에 5점","2025.05.06","지성에 좋아요","진정에 좋아요","자극없이 순해요","남자친구가 얼굴 트러블때매 고민하길래 사줬어요! 피부에 맞길 바라며ㅠㅠ","","미백"
"겨쿨일지도","트러블성","겨울쿨톤","민감성","5점만점에 5점","2025.03.07","지성에 좋아요","진정에 좋아요","자극없이 순해요","아는 지인, 네일 쌤 딸래미도 요거 쓰고 있는데 엄청 순해서 잘 맞는대요 !! 특히 여드름성 피부에는 !! 근데 왜 세일을 요 아이만 안 하는 걸까여 ㅠㅠ","","트러블"
"신디킴","건성","봄웜톤","다크서클","5점만점에 5점","2025.02.24","건성에 좋아요","보습에 좋아요","자극없이 순해요","외국인 친구한테 닥터지 선크림이랑 수분크림에 이어 이것도 인기가 좋네요","","모공"
"겨쿨일지도","트러블성","겨울쿨톤","민감성","5점만점에 5점","2025.02.05","복합성에 좋아요","진정에 좋아요","자극없이 순해요","군대에 가 있는 아는 동생이 쓰는 제품이라길래 선물했습니다 순해서 진정에 도움이 된다고 합니다","","트러블"
"메렁히히","","","","5점만점에 4점","2024.11.30","지성에 좋아요","진정에 좋아요","보통이에요","여드름 피부 친구한테 선물해줬는데 유수분 밸런스 맞춰진 것 같고 흔적도 들어가고 트러블도 잘 안난다고 합니다!","",""
"mmor","지성","겨울쿨톤","모공","5점만점에 5점","2024.10.08","지성에 좋아요","주름/미백에 좋아요","자극없이 순해요","케어 마지막에 수분크림대신 사용중인데 트러블없이 잘 사용중입니다","","잡티"
"mmor","지성","겨울쿨톤","모공","5점만점에 5점","2024.09.06","지성에 좋아요","보습에 좋아요","자극없이 순해요","닥터지 사계절내내 사용중이에요 지성인데도 답답함이 전혀없어서 좋네요","","잡티"
"구올영알바생임니댱","건성","겨울쿨톤","각질","5점만점에 4점","2024.07.18","지성에 좋아요","진정에 좋아요","자극없이 순해요","제형은 지성에게 적합한 것 같은데그엏다고 여드름이 안나지 않아서 잘 모르겟어용 ㅠㅠ","","홍조"
"구올영알바생임니댱","건성","겨울쿨톤","각질","5점만점에 4점","2024.05.18","지성에 좋아요","진정에 좋아요","자극없이 순해요","가벼운 제형이라 지성분들은 여드름 아니더라도이거 발라도 괜찮을거 같아요그렇다고 여드름이 진정되는 느낌까지는 못받았습니다","","홍조"
"mmor","지성","겨울쿨톤","모공","5점만점에 5점","2024.04.21","지성에 좋아요","진정에 좋아요","자극없이 순해요","닦토로 한번닦아내주고 세럼바르고 닥터지밸런싱으로 마무리하는 루틴인데 진짜 효과좋아요","","잡티"
"mmor","지성","겨울쿨톤","모공","5점만점에 5점","2024.03.13","지성에 좋아요","보습에 좋아요","자극없이 순해요","모공세럼 다음에 사용하고있는데 사계절내내 지성인은 부담없이 사용가능해요","","잡티"
"응둥","복합성","여름쿨톤","모공","5점만점에 5점","2024.03.13","복합성에 좋아요","진정에 좋아요","자극없이 순해요","정말 유수분 밸런스를 잘 맞춰주는 제품 같습니다 ! 좁쌀여드름 때문에 스트레스 받아서 로션을 따로 산 건데 진짜 좁쌀 여드름에 효과 많이 봤어요 꾸준히 재구매할 거 같습니다","","민감성"
"라이까까","지성","웜톤","미백","5점만점에 5점","2024.02.18","지성에 좋아요","진정에 좋아요","자극없이 순해요","피부 트러블이 심해진다 싶으면 손이 가는 닥터지 에이클리어 라인이에요. 아무리 좋은 제품이 시중에 많더라도 트러블 날때는 이만한게 없더라구요. 지성피부의 유수분 밸런스 잘 잡아주고 적당히 촉촉해서 데일리로 사용하기 좋아요!","","민감성"
"김크롱","건성","가을웜톤","각질","5점만점에 3점","2024.02.11","지성에 좋아요","진정에 좋아요","자극없이 순해요","진정이 막 잘 된다고 할 순 없지만 나쁘지는 않은 크림이에요 뭐가 더 나게 하지는 않아요? 그래서 막 쓰기 좋은 크림이지만 재구매는 ,,, 안할 거 같아요 뭔가 피지조절이 되는 느낌이라 지성분들이 쓰시면 좋을 거 같아요!","","모공"
"극강쿨톤","복합성","쿨톤","각질","5점만점에 5점","2024.01.24","지성에 좋아요","진정에 좋아요","보통이에요","사춘기 여드름에 사용해 보려고 구매했습니다아직 써보진 못했지만 잘 맞기를 ㅠㅠ","","모공"
"포산","복합성","쿨톤","잡티","5점만점에 5점","2024.01.09","복합성에 좋아요","진정에 좋아요","보통이에요","항상 쓰던거라 세일할때 쟁여놓으려고 또 샀어용역시나 좋습니다추천해요","",""
"mmor","지성","겨울쿨톤","모공","5점만점에 5점","2024.01.04","지성에 좋아요","보습에 좋아요","자극없이 순해요","닥터지 밸렌싱 이거 지성인데 여러가지 바르기 부담스럽고 수분필요할때 듬뿍바르고자도 뾰루지도 안나서 넘 좋아요","","잡티"
"김크롱","트러블성","가을웜톤","각질","5점만점에 5점","2024.01.02","지성에 좋아요","진정에 좋아요","자극없이 순해요","오 이 크림 생각보다 꿀템이어요 막막 바를 수 있고 근데도 진정 잘 되었어요","","트러블"
"mmor","지성","겨울쿨톤","모공","5점만점에 5점","2023.12.05","지성에 좋아요","보습에 좋아요","자극없이 순해요","지성피부인데 겨울에도 무거운 제형 바르는게 부담스러운데 닥터지는 마무리로 두껍게 발라도 부담없고 트러블없어서 너무 좋아요","","잡티"
"포산","","","","5점만점에 5점","2023.11.10","복합성에 좋아요","진정에 좋아요","보통이에요","닥터지 제품 좋습니다 다만,, 저 세럼은 잘 안쓰는데 차라리 가격을 내려줬으면 좋겠어용","",""
"mmor","지성","겨울쿨톤","모공","5점만점에 5점","2023.10.17","지성에 좋아요","보습에 좋아요","자극없이 순해요","닥터지 밸런싱 꾸준히 사용중인데 지성인한테는 계절바뀌는 시즌에 정말 필수템","","잡티"
"쥬몽","지성","쿨톤","각질","5점만점에 5점","2023.09.18","복합성에 좋아요","보습에 좋아요","자극없이 순해요","약간 묽은 크림 같은데 수분감까지 있어서 로션 대용으로 쓰기 좋았어요! 아침에 모이스처라이저 바르고 화장하면 뜨지도 않고 좋았어요","","모공"
"mmor","지성","겨울쿨톤","모공","5점만점에 5점","2023.09.14","지성에 좋아요","진정에 좋아요","자극없이 순해요","계절 바뀔때 피부도 난리나는데 이걸로 진정시키고 있어요 너무 만족합니다","","잡티"
"포산","","","","5점만점에 5점","2023.09.06","복합성에 좋아요","진정에 좋아요","보통이에요","세럼은 필요없는데 항상 딸려있는 것만 파네용로션은 괜찮아요 앞으로도 쓸 것 같아요","",""
"도도윤","","","","5점만점에 5점","2023.09.01","복합성에 좋아요","진정에 좋아요","보통이에요","끈적거리지 않아서 넘모 좋아요 흡수도 잘되구 추천드려용 ㅎㅎ","",""
"쥬몽","지성","쿨톤","각질","5점만점에 5점","2023.08.19","복합성에 좋아요","진정에 좋아요","자극없이 순해요","닥터지는 어떤 피부에도 다 찰떡이라서 이번 여름에 가볍게 로션처럼 바르려고 샀어요! 산뜻하고 사용감 좋아여","","모공"
"도도윤","","","","5점만점에 5점","2023.07.28","복합성에 좋아요","진정에 좋아요","보통이에요","피부 자극이 거의 없어서 예민한 피부도 사용하기 좋아요 추천드려요","",""
"MoooooooooO","지성","쿨톤","모공","5점만점에 5점","2023.07.23","건성에 좋아요","보습에 좋아요","자극없이 순해요","최애템 등극입니다. 인생템입니다!! 괜히 대란템이 아니네요!! 품질대비 괜찮은 가격입니다.","","미백"
"mmor","지성","겨울쿨톤","모공","5점만점에 5점","2023.06.25","지성에 좋아요","진정에 좋아요","자극없이 순해요","지성이 사용할수있는 좋은 크림이에요 자극도없고 순해서 좋아요","","잡티"
"MoooooooooO","지성","쿨톤","모공","5점만점에 5점","2023.06.22","지성에 좋아요","진정에 좋아요","보통이에요","튜브형태의 모이스처크림을 찾았는데 너무 사용하기 좋습니다. 유분감이 약간있긴한데 대체로 좋아요","","미백"
"drunkenmin","민감성","쿨톤","트러블","5점만점에 5점","2023.06.16","복합성에 좋아요","진정에 좋아요","보통이에요","와이프가 좋아해요 저렴한 가격에 구매할 수 있어 좋아요 👍","",""
"mmor","지성","겨울쿨톤","모공","5점만점에 5점","2023.05.26","지성에 좋아요","보습에 좋아요","자극없이 순해요","여름에 지성이 사용하기 부담없이 유분 수분 적절하게 균형잡아주는거같아서 좋앙ㅅ","","잡티"
"greyyy","복합성","쿨톤","미백","5점만점에 5점","2023.04.21","복합성에 좋아요","보습에 좋아요","자극없이 순해요","닥터지 에이클리어라인은 정말 다 좋은 것 같아요.  딱히 예민한 피부는 아니지만 보습에도 좋고 건조함이 안들더라구요.  사용감이 괜찮아서 재구매의사 있어요!!","","잡티"
"포산","","","","5점만점에 5점","2023.04.18","복합성에 좋아요","진정에 좋아요","보통이에요","닥터지제품으로 사봤는데 생각보다 더 괜찮은 것 같아 마음에 듭니다","",""
"mmor","지성","겨울쿨톤","모공","5점만점에 5점","2023.03.18","지성에 좋아요","진정에 좋아요","자극없이 순해요","지성피부가 쓰기 너무 좋아요 흡수도 빠르고 적당한 수분감으로 번들거리지 않는게 최고 강점","","잡티"
"네니넨","민감성","겨울쿨톤","각질","5점만점에 5점","2023.03.08","복합성에 좋아요","진정에 좋아요","보통이에요","화장품 까다로운 동생이 2번째 구매한 제품이예요.지금까지 썼던 제품들중에 가장 낫다고 하더라구요","","미백"
"네니넨","민감성","겨울쿨톤","각질","5점만점에 5점","2023.03.08","지성에 좋아요","진정에 좋아요","자극없이 순해요","진짜 순한것만 찾는 동생이 2번째 구매한 제품이예요!써본 크림중에 제일 낫다고 좋아하더라구요","","미백"
"색조만팬다","","","","5점만점에 5점","2023.03.04","건성에 좋아요","보습에 좋아요","자극없이 순해요","촉촉하고 보습에 좋고 자극도 없어서 만족하고 쓰는 제품입니다","",""
"색조만팬다","","","","5점만점에 5점","2023.03.04","복합성에 좋아요","보습에 좋아요","보통이에요","세럼도 좋고 간단하게 막 펴바르기에 좋아요! 아주 만족합니다","",""
"mmor","지성","겨울쿨톤","모공","5점만점에 5점","2023.02.16","지성에 좋아요","보습에 좋아요","자극없이 순해요","재구매템으로 적당한 수분감과 적당한 보습으로 지성인으로 아주 만족해요","","잡티"
"네니넨","민감성","겨울쿨톤","각질","5점만점에 5점","2023.02.06","건성에 좋아요","보습에 좋아요","자극없이 순해요","동생이 너무 잘쓰는 제품이라 재구매했어요.제품 쓰는데 있어서 제약이 많은 아이라 뭘써도 트러블나고 간지럽고 하는데 이건 유일하게 안나더라구요.그래서 또 재구매했어요","","미백"
"색조만팬다","","","","5점만점에 5점","2023.02.01","복합성에 좋아요","보습에 좋아요","자극없이 순해요","몇 통 째 쓴 건지 모를 정도로 많이 사용했어요!! 여전히 잘 쓰고 있고 자극 없이 좋아요","",""
"색조만팬다","","","","5점만점에 5점","2023.02.01","복합성에 좋아요","진정에 좋아요","자극없이 순해요","촉촉하고 자극없이 진정시켜주는 게 마음에 들었어요!! 붉은기도 잡아줘요","",""
"지갑텅","","","","5점만점에 5점","2023.01.20","지성에 좋아요","진정에 좋아요","자극없이 순해요","여름에 사용하기에도 끈적임 없이 사용했어요! 저같은 수부지는 겨울철에는 이제품 위에 보습크림을 발라주면 진정과 보습을 챙길 수 있어 강추하는 크림입니당 추천!ㅎㅅㅎ","",""
"mmor","지성","모공","잡티","5점만점에 5점","2022.12.21","지성에 좋아요","진정에 좋아요","자극없이 순해요","모공이 가득한데 그래도 사용하면서 아주 저만알수있는 느낌으로 피부결이 부드러워졌어요","",""
"지갑텅","","","","5점만점에 5점","2022.12.18","지성에 좋아요","진정에 좋아요","자극없이 순해요","평상시에 궁금해서 구매해보았는데 역시 닥터지! 만족하면서 사용했어요. 가벼운 수분감으로 기획으로 스팟까지 같이 사용하면 더욱 빠르게 진정되여 추천!!","",""
"중위도지방북극곰","복합성","겨울쿨톤","블랙헤드","5점만점에 5점","2022.12.09","복합성에 좋아요","보습에 좋아요","자극없이 순해요","😀 바르기 가벼운 제형이고 얼굴에 전반적으로 기름이 많은데 이거 바르고 나서 떡지는 느낌 전혀 없어서 좋았어요! 흡수도 잘 되고 좋았습니다. 다 쓰면 또 구매하고 싶어요 ^^","","트러블"
"네니넨","민감성","겨울쿨톤","각질","5점만점에 5점","2022.11.17","복합성에 좋아요","진정에 좋아요","자극없이 순해요","동생이 크림이 다떨어져서 뭘쓸까하다가 닥터지는 믿쓰템이니까샀는데 잘쓰고있어요","","미백"
"또요밍","트러블성","웜톤","각질","5점만점에 5점","2022.11.14","복합성에 좋아요","진정에 좋아요","자극없이 순해요","끈적이지 않고 여드름성 피부에게 자극없이 순하게 발려서 좋습니다","","모공"
"mmor","지성","모공","잡티","5점만점에 5점","2022.11.07","지성에 좋아요","보습에 좋아요","자극없이 순해요","닥터지는 워낙 예전부터 좋아하고 잘 써서 모공에 도움이 될까하고 구매해봤어여","",""
"또요밍","","","","5점만점에 5점","2022.09.04","지성에 좋아요","진정에 좋아요","자극없이 순해요","여드름성 피부에 순하게 수분충전 해주고 진정이 빨리 되는것 같아요","",""
"긍사알","복합성","가을웜톤","모공","5점만점에 5점","2022.08.04","복합성에 좋아요","진정에 좋아요","자극없이 순해요","발림성이 진짜 좋아요...이럴수 있나 싶을 정도로 발림성이 우수합니다. 보습이랑 유분감도 있는데 밸런스가 좋아서 답답하지 않습니다.","","미백"
"호도리얌","복합성","겨울쿨톤","모공","5점만점에 5점","2022.07.10","복합성에 좋아요","진정에 좋아요","자극없이 순해요","아침 저녁으로 발라주는데 살짝 끈적임은 있긴 하지만 피지 관리에는 도움이 되는 것 같아요. 우선 좁쌀 여드름이 잘 안 나고 모공에 끼는 피지량도 줄어든 기분이고. 화장 안 하는 날이면 무조건 발라주고 있습니다 ㅎㅎ","","블랙헤드"
"똑똑핑","","","","5점만점에 5점","2022.05.29","지성에 좋아요","보습에 좋아요","자극없이 순해요","엄청난 수부지라. 피부 속은 건조한데 위에는 개기름 좔좔… 이 제품은 아주 순하고 남새도 없어서 좋아요!! 그리고 수부지 보습에 아주 좋네요! 역시 믿고 쓰는 닥터지예요","",""
"a2435****","","","","5점만점에 5점","2025.01.06","지성에 좋아요","진정에 좋아요","자극없이 순해요","진짜 이 제품도 정말 좋아요 저는 크림과 세럼 두개 다 사서 사용중인데 둘다 무게감이 있다고 느낀편이라 피부 뒤집어진 저녁에 자주 발라요 아침되면 여드름도 많이 사라져있는거같아요 하지만 극지성분들은 무게감이 많이 느껴질거같습니다 피부톤을 균일하게 만들어줘요그리고 세럼이랑 로션 (크림) 같이 사용하시는 걸 추천해요 여드름 피부는 같은 제품에 같은 라인꺼를 사용해야 빨리 사라지는 거 같다고 느꼈습니다","https://static.oliveyoung.co.kr/pc-static-root/image/comm/my_picture_base.jpg",""
"무뚝뚝고구마","","","","5점만점에 5점","2024.12.12","복합성에 좋아요","진정에 좋아요","보통이에요","바르면 수분감이 많지는 않지만 쫀쫀해지는 편이에요 무난하게 쓰기 좋아요","",""
"무뚝뚝고구마","","","","5점만점에 5점","2024.11.15","복합성에 좋아요","보습에 좋아요","자극없이 순해요","수분크림 바르고 위에 덧바르는데 피부가 쫀쫀한 느낌이에요","",""
"무뚝뚝고구마","","","","5점만점에 5점","2024.11.12","지성에 좋아요","진정에 좋아요","자극없이 순해요","수분 크림 바르고 마무리로 이걸 바르는데 피부가 쫀쫀해지는 느낌 입니다","",""
"리미잉","","","","5점만점에 5점","2024.10.18","복합성에 좋아요","진정에 좋아요","보통이에요","동생이 트러블 잘일어나는 피부라 사줬는데 트러블 개선에 도움이 된것같아요","https://static.oliveyoung.co.kr/pc-static-root/image/comm/my_picture_base.jpg",""
"무뚝뚝고구마","","","","5점만점에 5점","2024.10.15","지성에 좋아요","진정에 좋아요","보통이에요","유수분 밸런스라는거...징짜 어려워요 여름에 바르던 그대로 바르자니 넘 건조해져서 이거저거 더했더니 얼굴 뒤집어져서 한참 고생이네요 그래서 이거 사봤는데 무난하게 좋아요 진짜 무난템","",""
"리미잉","","","","5점만점에 5점","2024.09.18","복합성에 좋아요","진정에 좋아요","보통이에요","남동생이 사용하는 로션이라 자주 구매하는데, 트러블라인이라 얼굴에 트러블 있으신 분들은 도움이 되는 제품인것같습니다.","https://static.oliveyoung.co.kr/pc-static-root/image/comm/my_picture_base.jpg",""
"김미선ㄱ","복합성","웜톤","잡티","5점만점에 5점","2024.09.16","복합성에 좋아요","진정에 좋아요","보통이에요","올영에서. 쓰는 돈이 대체 얼마인가대박이다 가격좀저렴히","",""
"리미잉","","","","5점만점에 5점","2024.08.31","복합성에 좋아요","진정에 좋아요","보통이에요","남동생이 트러블피부라 사용해보라고 구매했는데 피부에 잘 맞는것같아 재구매할 예정입니다","https://static.oliveyoung.co.kr/pc-static-root/image/comm/my_picture_base.jpg",""
"리미잉","","","","5점만점에 4점","2024.07.25","복합성에 좋아요","진정에 좋아요","보통이에요","트러블 올라온 동생한테 사용해보라고 사줬는데 효과는 꾸준히 써봐야 알것같아요","https://static.oliveyoung.co.kr/pc-static-root/image/comm/my_picture_base.jpg",""
"냥냥쯔","","","","5점만점에 3점","2023.12.25","복합성에 좋아요","보습에 좋아요","자극없이 순해요","이건 향기가...ㅠ 왜 단종되는지 알것같은.. 촉촉한것두 긴가민가하네융","",""
"제시뭉","","","","5점만점에 5점","2023.08.30","지성에 좋아요","보습에 좋아요","자극없이 순해요","산뜻한데 촉촉해서 여름에도 쓰기 좋아요 같이 들어있는 세럼이 여드름에도 좋아요","",""
"ㅇㅎㅇ","건성","여름쿨톤","다크서클","5점만점에 5점","2023.08.28","지성에 좋아요","진정에 좋아요","보통이에요","자극도 없고 진정도 잘되는것같아서 좋은것같어요 또 살게요","","미백"
"LOVE119","건성","쿨톤","각질","5점만점에 5점","2023.08.16","복합성에 좋아요","진정에 좋아요","자극없이 순해요","여드름성 피부인 친구에게 선물하려고 구매했습니다.친구가 매일 사용중인데 자극도 없고 좀 진정이 되는 느낌이라고 하더라구요 ㅎㅎ그만큼 여드름성피부며 민감성 피부한테 좋은거겠죠?","https://static.oliveyoung.co.kr/pc-static-root/image/comm/my_picture_base.jpg","모공"
"코덕5","복합성","여름쿨톤","각질","5점만점에 5점","2023.06.17","지성에 좋아요","진정에 좋아요","자극없이 순해요","보송해서 지성이 바르기 좋아요 이거 바르고 흡수 안시키고 바로 베이스 하면 들뜨니까 흡수시키고 발라야해요","","다크서클"
"ki****","","","","5점만점에 5점","2022.07.13","지성에 좋아요","보습에 좋아요","보통이에요","저는 수부지 여드름성 피부입니다!여드름으로 고민하다가 올리브영 직원분께 추천받고 이 제품을 사용했습니다. 원래는 더 가벼운 느낌의 수분크림을 사용했었는데 이 제품으로 바꾸고 며칠 사용해본 결과 아침에 피부가 촉촉한 상태인 것 같았아요! 아직 드라마틱한 효과는 보지 못했지만, 사용한 며칠 간 화농성 여드름이 또 올라오거나 개복치같은 저의 피부가 민감하게 반응하지 않는 것을 보면서 개인적으로는 만족하며 사용하고 있습니다! 여드름으로 고민하시는분들이 한번쯤 써보기 좋은 것 같아요아 그리고 이 제품이 튜브타입이라 더 마음에 듭니다..대부분 수분크림이 떠서 사용하는 방식으로 나와서 도구를 사용해도 괜히 위생에 좋지 않을까봐 걱정하곤했는데 에이클리어 밸런싱 모이스처라이저는 튜브타입이라 깔끔해서 좋아요!( 저는 아이소이 스킨, 아이소이 잡티세럼을 바른 후 이 제품을 사용하고 있습니다! )","https://static.oliveyoung.co.kr/pc-static-root/image/comm/my_picture_base.jpg",""
"chjw****","","","","5점만점에 3점","2022.06.04","건성에 좋아요","보습에 좋아요","자극없이 순해요","수분부족형 피부에 여드름도 계속 올라오는 편입니다. 그리고 환절기마다 피부 상태가 급격히 변하는데 그럴 때 사용하기 좋은 순하면서 수분도 채워주는데 너무 가볍지 않은 크림을 사고 싶어서 3가지의 다른 제품들과 테스트 후 구매했어요! 확실히 건조함을 느꼈던 5월에는 정말 좋았어요! 그런데 이제 더워져서 땀도 많이나 날씨도 습해지니까 바르고나면 다음날에 너무 기름기가 많이 올라와요. 얼굴만 아니라 목에도요...그리고 원래하던 스킨케어에서 이 페품을 추가해서 발랐는데 갑자기 트러블이 올라왔어요... 일단은 이 제품 때문인지는 모르겠어서 더 사용해보면서 뭐가 문제인지 알아볼 생각입니다.","https://static.oliveyoung.co.kr/pc-static-root/image/comm/my_picture_base.jpg",""
"듀듀가나디","","","","5점만점에 5점","2025.06.27","복합성에 좋아요","진정에 좋아요","자극없이 순해요","많이 무거울까봐 걱정했는데 생각했던 것보다 촉촉하고 가벼워서 좋았어요오전보다는 오후에 자주 사용했는데 오전에 바르고 외출하기에는 사알짝 부담 될 수도 있을 거 같네요 자기 전 세안 후 바르고 자는 거 추천합니다!","https://static.oliveyoung.co.kr/pc-static-root/image/comm/my_picture_base.jpg",""
"SxL","","","","5점만점에 5점","2025.04.12","건성에 좋아요","보습에 좋아요","자극없이 순해요","앰플도 로션도 둘 다 보습에 너무 좋고 부드럽습니다. 부담없이 쓰는 제품이에요.","",""
"보리미ㅣㅣ","약건성","여름쿨톤","각질","5점만점에 4점","2025.04.04","복합성에 좋아요","진정에 좋아요","보통이에요","하루 썼는데 좀 건조해서 아직 안 쓰고 있어요 여름에 여드름 나면 사용할게요","https://static.oliveyoung.co.kr/pc-static-root/image/comm/my_picture_base.jpg","모공"
"보리미ㅣㅣ","약건성","여름쿨톤","각질","5점만점에 4점","2025.03.02","복합성에 좋아요","보습에 좋아요","자극없이 순해요","안 맞으면 트러블이 자주 나는 피부 타입이여서 걱정했는데 좋아요!","https://static.oliveyoung.co.kr/pc-static-root/image/comm/my_picture_base.jpg","모공"
"SxL","","","","5점만점에 5점","2025.02.11","건성에 좋아요","보습에 좋아요","자극없이 순해요","제 단골 로션인데 항상 신세지고 잘 쓰고 있습니다. 이제 얘 아니면 로션 다른 거 안 씁니다.","",""
"윈터야내꺼해","","","","5점만점에 3점","2024.12.23","건성에 좋아요","보습에 좋아요","자극없이 순해요","유분감도 생각보다 없고 꾸덕해서 좋아요여드름성이라 되게 안심하고 쓸 수 있었어요진정은 잘 모르겠지만 휘뚜루 마뚜루 쓰고 있어요","https://static.oliveyoung.co.kr/pc-static-root/image/comm/my_picture_base.jpg",""
"커피콩빵쓰","건성","봄웜톤","미백","5점만점에 5점","2024.12.23","지성에 좋아요","진정에 좋아요","자극없이 순해요","동생한티 선물했는데 여드름 많이 개선됐어요 건성분들은 비추","https://static.oliveyoung.co.kr/pc-static-root/image/comm/my_picture_base.jpg","블랙헤드"
"zu0xne","지성","겨울쿨톤","트러블","5점만점에 5점","2024.11.05","지성에 좋아요","진정에 좋아요","보통이에요","냄새가 원래 이런건진 모르겠능데 냄새가 좀 이상해여…그래두 두 통 째 쓰고 있어요!! 트러블에 효과가 미세하게 나타나는것 같아용ㅇ","https://static.oliveyoung.co.kr/pc-static-root/image/comm/my_picture_base.jpg","피지과다"
"hhhw","지성","웜톤","모공","5점만점에 5점","2023.10.28","지성에 좋아요","보습에 좋아요","자극없이 순해요","수부지 피부에 좋어요! 수분감만 가득해서 추천드려요ㅎㅎ","https://static.oliveyoung.co.kr/pc-static-root/image/comm/my_picture_base.jpg",""
"기록용","복합성","민감성","","5점만점에 4점","2023.10.21","복합성에 좋아요","진정에 좋아요","자극없이 순해요","계절 바뀌면서 피부 확 뒤집어진 후 구매 해봤어용요런 트러블 걱정 없는 제품 양조절 잘 해주면서 보습만 챙기면서 진정될 때 까지 쓴답니당","",""
"상키","","","","5점만점에 5점","2023.10.17","지성에 좋아요","진정에 좋아요","자극없이 순해요","좋습니다 촉촉하긴 하지만 건성이신 분들한테는 건조할 수도 있습니당","https://static.oliveyoung.co.kr/pc-static-root/image/comm/my_picture_base.jpg",""
"뽐","","","","5점만점에 5점","2023.10.07","복합성에 좋아요","보습에 좋아요","보통이에요","여드름성 피부에도 좋다길래 사용했는데 여드름 없던 피부에 여드름이 생겼어요.. 피부가 뒤집어져서 해결하느라 너무 고생했네요 유수분 맞춰준다고 했는데 발라보면 기름진 것 처럼 전혀..잘 맞춰지는지 모르겠어요","https://static.oliveyoung.co.kr/pc-static-root/image/comm/my_picture_base.jpg",""
"노니이","","","","5점만점에 5점","2023.10.03","복합성에 좋아요","진정에 좋아요","보통이에요","좋아요잘사용했어요오촉촉하구요또살생각있답니다굿입니다","https://static.oliveyoung.co.kr/pc-static-root/image/comm/my_picture_base.jpg",""
"상키","","","","5점만점에 5점","2023.09.14","지성에 좋아요","진정에 좋아요","자극없이 순해요","좋아요 세럼 썼다가 좋아서 크림까지 써봤는데 좋아요 자극없고 촉촉합니당","https://static.oliveyoung.co.kr/pc-static-root/image/comm/my_picture_base.jpg",""
"다롱다","","","","5점만점에 4점","2023.08.24","건성에 좋아요","진정에 좋아요","자극없이 순해요","양 조절하면 괜찮지만 살짝 유분지게 느껴졌습니다지성분들은 양조절 하시면서 바르세욤((개인적으로 이거보단 세럼이 조금 더 좋았어요!))","https://static.oliveyoung.co.kr/pc-static-root/image/comm/my_picture_base.jpg",""
"Sarah","","","","5점만점에 5점","2023.07.29","지성에 좋아요","진정에 좋아요","자극없이 순해요","무향이고 제형이 엄청 가벼워요.그래서 지성인 분들한테 좋을 것 같아요.","",""
"hhhw","지성","웜톤","모공","5점만점에 5점","2023.07.20","지성에 좋아요","보습에 좋아요","자극없이 순해요","수부지라 트러블이 문제였는데 이 제품 쓴 뒤로 눈에 띄게 안나요!","https://static.oliveyoung.co.kr/pc-static-root/image/comm/my_picture_base.jpg",""
"hhhw","지성","웜톤","모공","5점만점에 5점","2023.07.16","지성에 좋아요","보습에 좋아요","자극없이 순해요","유수분 밸런스를 맞춰줘서 트러블도 안나고 잘 사용하고 있어요","https://static.oliveyoung.co.kr/pc-static-root/image/comm/my_picture_base.jpg",""
"다롱다","","","","5점만점에 5점","2023.07.05","지성에 좋아요","진정에 좋아요","자극없이 순해요","여드름 많은 부위에 편하게 발라주기에 좋아요바르고 나면 묘하게 유분기가 정리되는 느낌도 들어요","https://static.oliveyoung.co.kr/pc-static-root/image/comm/my_picture_base.jpg",""
"hhhw","지성","웜톤","모공","5점만점에 5점","2023.06.18","지성에 좋아요","보습에 좋아요","자극없이 순해요","수부지 피부에 딱이에요! 트러블 진정에도 좋아요. 재구매 의사 100프로 입니다","https://static.oliveyoung.co.kr/pc-static-root/image/comm/my_picture_base.jpg",""
"hhhw","지성","웜톤","모공","5점만점에 5점","2023.06.13","지성에 좋아요","보습에 좋아요","자극없이 순해요","이 제품 사용 후 트러블이 많이 줄어들었어요. 수분 부족형 지성피부 분들께 추천드려요","https://static.oliveyoung.co.kr/pc-static-root/image/comm/my_picture_base.jpg",""
"Sarah","","","","5점만점에 5점","2023.06.08","복합성에 좋아요","진정에 좋아요","자극없이 순해요","향 없고 끈적임 없고 되게 가벼운데 건조하지는 않아요 만족합니다","",""
"hhhw","지성","웜톤","모공","5점만점에 5점","2023.05.12","지성에 좋아요","진정에 좋아요","자극없이 순해요","수비지피부에 너무 잘맞는 제품이에요! 이 제품 쓴 뒤로 트러블이 확실히 줄었어요!","https://static.oliveyoung.co.kr/pc-static-root/image/comm/my_picture_base.jpg",""
"hhhw","지성","웜톤","모공","5점만점에 5점","2023.04.08","지성에 좋아요","진정에 좋아요","자극없이 순해요","수부지 피부라 트러블이 자주 올라오는데 이 제품 사용한 뒤로 확실히 덜 나요!","https://static.oliveyoung.co.kr/pc-static-root/image/comm/my_picture_base.jpg",""
"shshshy","건성","쿨톤","모공","5점만점에 5점","2023.04.06","건성에 좋아요","진정에 좋아요","자극없이 순해요","유수분 밸러스 잘 잡아주는 크림 중 하나인 거 같아요 피부 진정에도 좋아서 학생분들께 추천드려요","https://static.oliveyoung.co.kr/pc-static-root/image/comm/my_picture_base.jpg","블랙헤드"
"shshshy","","","","5점만점에 5점","2023.03.04","복합성에 좋아요","보습에 좋아요","자극없이 순해요","크림이 무겁지 않고 산뜻해서 아침 저녁으로 발라주기 좋아용 이거 발라도 피부화장 하나도 안 밀려용 피부 진정에 좋습니다","https://static.oliveyoung.co.kr/pc-static-root/image/comm/my_picture_base.jpg",""
"찹쌀모찌잉","지성","웜톤","각질","5점만점에 5점","2023.02.13","지성에 좋아요","진정에 좋아요","자극없이 순해요","데일리로 정말 잘쓰고있습니다 !!!!!매일매일 쓰고있어요","https://static.oliveyoung.co.kr/pc-static-root/image/comm/my_picture_base.jpg","모공"
"hhhw","지성","웜톤","모공","5점만점에 5점","2023.02.01","지성에 좋아요","보습에 좋아요","자극없이 순해요","지성피부라 구매해봤는데 유수분 밸러스가 맞춰져서 트러블이 덜 올라오는 거 같아요.","https://static.oliveyoung.co.kr/pc-static-root/image/comm/my_picture_base.jpg",""