"id","tag","tag 2","tag 3","point","date","txt","txt 2","txt 3","txt_inner","tag 4"
"연평해전","민감성","여름쿨톤","트러블","5점만점에 5점","2025.08.07","건성에 좋아요","보습에 좋아요","자극없이 순해요","올리브영 제품은 항상 냉장고에 넣고 사용중이에요 화장품냉장고 용량이 작아서 어쩔수가 없네요  일단 이번 제품은 몸에 잘 맞는것 같아요  물론 조금더 사용 해봐야겠지만  며칠 써본 것을 말씀 드리면 일단 얼굴에 과 몸에 잘 맞아요  그리고 일단 트러블이 없어요 트라블이 없다늠것은 엄청 좋은 장점이라 생각해요 요즘 세상이 참 사람들이 이상하고 이상한 제품도 많은데 올리브영은 그렇지 않은것 같아요 항상 그렇게 느껴요 두번째 끈적임이 전혀 없어요  끈적임이 있으면 얼굴에 바르던 다른곳 어디에 바르던 찝찝할텐데 올리브영 제품은 그렇지가 않아서 좋아요  가장 큰 장점인것 같아요  세번째는 그냥저냥 가격이 저렴하다는 거에요  많이6 사놓고 싶지만 그럴수 없는것이 좀 안타깝긴 하지만  제품이 좋아서 그냥 쓰는 편이에요  네번째  쉽게 변질되지 않는것 같아요 아무리 냉장고에 넣어놔도 제품이 별루면 변질 되기 쉬운데  올리브영 제품은  일방적으로 좋어요  일단 제 피부의 유연성이나 부드러움이 많이 개선 되었습니다 눈에 따는 피부 곳곳이 부드럽고 트러블이 없어 졌습니다 항상 잘 사용 하고 있어서 기분이 좋습니다",""
"령소리","트러블성","쿨톤","미백","5점만점에 5점","2025.09.18","건성에 좋아요","주름/미백에 좋아요","자극없이 순해요","이거대박인듯 ㅋㅋ 약국에서 팔아야하는 거 아닌지? 미백 효과 지림 흉터에 바르면 진짜 싹 서서히 본 피부색으로 돌아오고 흉터 사라짐 이거 쓰고 노스카나겔 다 갖다 버림 그건 바르면 다음날 좁쌀 올라오고 이랄 때도 있는데 얘는 트러블도 안남. Gleasy하기에 저녁에만 바르셈 다들","잡티"
"rhy1118","건성","웜톤","잡티","5점만점에 5점","2025.08.13","건성에 좋아요","주름/미백에 좋아요","보통이에요","얼굴에 뾰루지가 나고나서 거뭇거뭇 흔적이 오랫동안 없어지지 않았는데 이 제품을 쓰고나면 흔적들이 조금 빨리 사라진 느낌이 들어요.. 전체적으로 얼굴억 발라보니 보습도 짱 좋아요..","주름"
"oyn****","","","","5점만점에 4점","2025.09.28","지성에 좋아요","주름/미백에 좋아요","자극없이 순해요","피부에 얇게 부드럽게 바를 수 있는 제형이에요좀 가벼운 느낌이라서 건성이신 분들은 여러 번 레이어드하셔야될 거 같구요이 제품 바르고 쿠션 올리면 자연스럽고 예쁜 광이 표현되더라구요!그래서 자주 사용하기는 하는데, 개인적으로 트러블에 적합한 제품인지는 모르겠어요ㅠ",""
"jhkim****","","","","5점만점에 4점","2025.09.15","복합성에 좋아요","보습에 좋아요","자극없이 순해요","겔타입이라 바르기 편하고.가볍고 산뜻 해서 수분 크림 처럼 발릅니다.오일리 하거나 무겁지 않아서 데일리 케어로 좋아요.",""
"검은장미","복합성","여름쿨톤","민감성","5점만점에 5점","2024.07.25","복합성에 좋아요","진정에 좋아요","자극없이 순해요","🛍 구매동기 : 대용량 사고싶었는데 품절이라 이걸로 삽니다..ㅠ🙋‍♀️ 피부타입 : 트러블성, 수부지🧅 쫀쫀한 제형의 겔크림- 트러블 라인의 크림은 보통 수딩크림이 많은데 겔크림이라 앰플없이 조금 건조함을 느꼈던 분들께 좋을거같아요.- 밀착력이 높아 많이 발라도 들뜨거나 그러지 않습니다.🧅 빠른 흡수력- 수분감이 많은 애들보다 흡수력이 빨라서 편해요.- 펴 바르면서 흡수되는게 느껴집니다.🧅 다소 아쉬운 가성비- 예전에 이걸 처음 썼을때는 가격대비 용량이 적어서 세일할때 아님 안샀는데 대용량이 지금은 나오긴 했네요ㅋㅋ- 겨울엔 여러번 레이어링 해야하는데 건조해서 금방 써버립니다.👉 트러블 흔적 꿀팁 하나- 화장품은 의료용이 아니기 때문에 흉터 연고를 함께 바르셔야 효과가 빠릅니다.- 똑같이 어니언 성분 들어간 연고도 있어욥.","트러블"
"UJ28","트러블성","웜톤","트러블","5점만점에 4점","2022.10.06","복합성에 좋아요","주름/미백에 좋아요","자극없이 순해요","👩피부타입✅ 수부지피지+유분 뿜뿜 근데 속건조&각질.작은염증좁쌀은 달고살고 관리 게을리하면 화농성 됨.✅ 모공개잘막힘모공 조금만 막혀도 몇시간후에 바로 좁쌀 올라오고 대처안해주면 바로 염증성으로 전환.✅ 열감지존피부가 얇거나 약한건 아님. 그냥 잘 더워서 붉어지는 홍조.열감 올라올시 여드름 악화 가속.✅ 호르몬성 & 내부외부환경 반응 극강월경주기에 따라 피부컨디션 천지차이.몸 피곤함 등 내부 환경과 온도 차이 등 외부 환경 변화에 민감.✅ 상처회복더딤트러블은 생기기만해도 흉짐. 흉 한번 생기면 엄청 오래감.👩 사용후기처음 써보고 흔적과 트러블 완화 효과를 많이 봐서 계속 재구매하여 세통째 사용중인데 현재 만족도 살짝 떨어져서 별 4개.한통째 쓸때는 여드름 흔적들이 옅어지고 트러블 염증 완화 효과를 받고 좋았는데 보습감이 잘 맞지 않아서 4번째 재구매는 보류하는중.👩 제형처음 펴바를때는 촉촉 쫀쫀하게 발리고 보습감 좋은 젤크림 느낌인데 시간이 조금 지나면 알로에젤 처럼 겉이 살짝 마른 느낌이 나고 건조하다고 느껴지는 제형👩 좋았던 점🌟 순함자극이 없음. 민감할때써도 따갑지 않고 순함.🌟 흔적완화사용하고부터 트러블 흔적들이 옅어짐을 느낌👩 아쉬운 점🤢​ 진정좁쌀 및 장벽 무너짐 및 붉음 진정에는 효과가 없었다.🤢 보습감여름부터 사용했었는데 지성피부인 내가 여름에 사용했고 자기전에 엄청 푹푹짜서 듬뿍발라놓았음에도 다음날 아침까지 보습이 유지되진 않았다. 아침에 세수하면 엄청 두껍게 발려있는게 느껴지는데 겉이 메말라서인지 땡김이 느껴져서 체감상 건조함.👩그 외 올영리뷰질문- 제형은 어떠셨나요? 가벼운 제형인가요? 혹은 꾸덕한제형인가요?젤크림 제형으로 꾸덕하고 쫀쫀하게 발린 후 가볍게 마무리 됨.- 흡수가 잘 되나요? 이후 단계에 밀리지는 않나요?밀림있음. 메이크업 전 사용하기엔 불편함.- 수분감 혹은 산뜻함은 어떠셨나요? 바를때는 촉촉하고 산뜻해서 좋은데 시간이 지나면 건조하고 땡김.",""
"영이02","지성","쿨톤","민감성","5점만점에 5점","2022.10.05","지성에 좋아요","진정에 좋아요","자극없이 순해요","👍🏻내돈내산 한 5통은 사용한 것 같고 여드름 진정에 너무 좋아서 계속 재구매하고 있습니다! 주변에도 엄청 추천하고 있어요!!✔️피부타입 : 지성 + 민감성 + 여드름 피부✔️안맞는성분 : 스테아릭애시드, 병풀추출물✔️제형 : 보라빛이 나는 겔타입 수분크림입니다✔️수분감 : 수분감이 많은 수분크림은 아닌데 지성인 제가 바르고 흡수했을때 딱 좋은 수분감이에요. 지성, 수부지 분들은 만족하실 듯! 건성분들은 많이 부족하다고 느끼실 것 같아요.✔️흡수력 : 손으로 바르고 흡수시켜도 아주 잘 흡수됩니다!✔️향 : 정말 아무 향도 안나요!!✔️효과 : 위에도 적었지만 이거 사용하고 피부상태(피부결), 여드름 진정에 엄청나게 효과를 봐서 계속 재구매해서 쓰고있는 제품이에요. 여드름 짜고나서 흉터 옅어지는게 확실하게 빨라요!!아직 이것보다 좋은 수분크림을 못찾았기때문에 계속 사용할거에요!!","블랙헤드"
"UJ28","","","","5점만점에 4점","2022.08.05","복합성에 좋아요","진정에 좋아요","자극없이 순해요","✅피부타입* 수부지, 유분과 피지 많고 수분 부족함* 좁쌀, 붉은 트러블 잦고 한번씩 큰 화농성 여드름 돋음* 생리전에 여드름 돋음* 피부 붉어짐, 열감 많음✅사용후기평소 트러블이 많이 올라오는 피부인데 트러블 흉터로 인한 착색때문에 고민이 되서 찾아보던중에 양파추출물이 트러블 진정에도 도움을 주면서 흉터착색 해소에도 도움을 줄 수 있다는 정보를 보고 구입해서 사용해봄. 여태 사용한 크림 중에 가장 만족도가 높아서 재구매함.🔶장점🔸트러블이거 바르는 동안 트러블이 올라오지 않았고 올라오더라도 평소에 비해 빨리 가라앉는 느낌이 들었음.🔸착색개선새로 생긴 흉터들이 예전에 비해 빨리 옅어짐을 느낌. 🔸자극없음굉장히 순하고 편한안 사용감이었음.🔷단점🔹보습력보습력이 조금 부족하다고 느낌. 크림보다는 젤에 가까운 느낌이라 알로에젤 처럼 바르고 나서 조금 지나면 당기는 느낌이 있음. 근데 피부 만져보면 건조하진 않은데 그냥 겉에가 말라서 땡기는 느낌이 드는 것 같음. 여름에 사용했고 약지성피부임에도 이거로 보습해결이 되지 않아서 다른 크림이나 보습앰플을 보충해서 사용함.🔹가격 & 양비싼편인데 양도 적은편이라 가격부담이 좀 되긴함. 평소 크림을 팍팍 쓰는편인데 크림하나로 한달 정도 쓰는것 같음.",""
"크롱s","복합성","웜톤","민감성","5점만점에 5점","2022.05.05","건성에 좋아요","진정에 좋아요","자극없이 순해요","5개째 재구매중인 크림이에요!😖🌿 제형유분감이 느껴지는 조금 무거운 겔 제형이고 바르면 쿨링감이 느껴져서 피부온도를 낮출 수 있어요!🌿 계절지성, 수부지는 여름에 바르기 무겁고 건성은 겨울에 바르기엔 조금 가벼울 것 같아요!🌿 여드름 흔적 완화5개월간 매일 사용중인데 피부를 진정시켜주면서 여드름도 거의 나지않았고 이제 막 생긴 흉터는 빠르게 없애주더라구요! 오래된 흉터를 없애주진 못하는 것 같아요🥺 그래서 어니언크림을 발라준 후에 스팟제품을 함께 사용하고 있어요!🌿 밀림 현상크림을 바른 후 시간차를 두고 파운데이션을 바르는데 밀리는 현상은 느끼지 못했어요!🌿 용량 & 가격다른 크림들과 비슷하게 50ml이지만 쓰는 속도는 다른 크림보다 빠르게 느껴졌어요! 세일하면 정가보다 40%정도 저렴하게 구매할 수 있어서 세일할때 쟁여두고 았어요!","탄력"
"올영알바생도비","민감성","쿨톤","트러블","5점만점에 5점","2022.04.13","건성에 좋아요","진정에 좋아요","자극없이 순해요","무안의 적양파 추출물과 3중 히알루론산이 함유되어 피부의 흔적을 케어하고, 겹겹이 촉촉하고 매끄러운 피부로 가꾸어 주는 겔 크림, 이즈앤트리 어니언 겔 크림!💜 구매이유 💜저는 양뺨에 여드름 흉터가 울긋불긋 있어요. 요게 제 고민이었어요. 근데 마침 매장에 행사로 잠시 들어온 제품인데, 진정은 물론 잡티 흔적케어도 해준다고 해서 구매를 해봤어요. 근데 대박! 효과가 있어요!!! 그래서 재구매를 했어요~💜 제형 💜끈적이지 않고 수분 가득 담겨 있는 가벼운 연고 겔 제형이에요. 유분기가 별로 없어 지성분들도 사용가능해요! 가볍다보니 피부에 잘 펴바를 수 있어요.💜 자극 💜저는 극 건조한 민감성 피부 타입으로 트러블이 자주 많이 나는 편이에요. 이 제품 사용 후 트러블이 잘 나지 않고, 자극도 못 느꼈어요.💜 타겟 고객 💜- 모든 피부 타입 고객(극 건조한 저에게도 맞아 잘 사용 중입니다.)- 여드름, 트러블이 고민인 분- 피부 톤이 칙칙해서 고민인 분- 수분/보습이 부족하여 트러블이 나는 분- 눈으로 확인되는 잡티흔적케어가 필요한 분- 데일리로 사용 가능한 진정 수분크림이 필요한 분💜 특징 💜- 미백•주름개선 2중 기능성 화장품- 피부자극,여드름피부 사용 적합 테스트 완료-피부 흔적 케어: 무안 적양파추출물 71%(719,000ppm) 함유로 겹겹이 채우는양파의 진한 영양이 피부의 흔적을 케어- 진정 케어: '소듐헤파린 + 3 콤플렉스' (=소듐헤파린, 알란토인, 판테놀, 약모밀 황금배합) 6만ppm 함유로 피부를 진정 케어■ 소듐헤파린: 매끄럽고 유연한 피부결 선사, 흉터 생성 억제 및 완화■ 알란토인: 수분 공급 및 진정, 피부 재생 효과■ 판테놀: 피부 보호, 피부 장벽 개선■ 약모밀 (어성초): 피부 진정- 톤 케어: 나이아신 아마이드 함유로 미백 기능성 성분이 칙칙해진 피부를 맑게 케어■ 나이아신 아마이드: 비타민B3의 일종. 미백효과, 피부톤 개선, 피부 장벽 개선, 잡티 흉터 진해지는것을 방지하는 효과- 수분 케어: 분자량 차이가 있는 3중 히알루론산으로 촉촉한 수분 효과💜 효과 💜효과 있어요! 사용한지 일주일도 안되었는데 저는 얼굴 전체적인 미백 효과와 뺨과 턱의 여드름 흉터가 옅어지는 걸 봤습니다.밑에 사진 참고 하세요.💜 꿀팁 💜저는 에스트라 에이시카 흔적세럼도 같이 사용 중인데 같은 성분, 효과가 있어 시너지를 받아 더 효과를 받나봐요. 그리고 극건성분들은 크림바르고 마지막에 요 크림을 발라주세요! 그럼 건조하지 않아요. 제가 그렇거든요~ㅎㅎㅎ 그러고 나면 아침에 피부가 확실히 쫀쫀해요! 건조하지도 않구요.제 리뷰가 도움이 되었다면 좋아요 부탁드려요🥰",""
"검은장미","복합성","민감성","트러블","5점만점에 5점","2022.03.30","복합성에 좋아요","진정에 좋아요","자극없이 순해요","🙋‍♀️ 피부타입 : 트러블성, 복합성 수부지, 홍조 피부두 번째 재구매구요! 공병 벌써 하나 만들어서 2개 더 사서 지금 2개째 쓰고 있어요! 맘에 듭니당ㅎ✅ 트러블 흔적 케어(특히 붉은기 개선) good!!- 그동안 트러블만 신경쓰고 흉터를 신경쓰지 못했는데 여드름 흉터가 하나 심하게 남은 뒤로 흔적케어도 고민하게 되었어요. 그때 딱 이제품을 알게 되었네요ㅎ- 트러블이 나아갈 때 사용하는게 제일 최적의 타이밍같아요.💡 저는 여드름이 심할 때 쓰는 크림 따로, 흔적케어 따로, 고보습용 크림이 따로 있어요! 피부 상태에 따라 골라 바르는 편이에요.✅ 밀림없이 쫀쫀하게 마무리됨.- 듬뿍 말라도 겉돌고 들뜨는 거 없이 잘 흡수됩니다. 진짜 좋아요. 건조하신분들은 레이어링하면서 바르기 좋아요.✅ 수부지에겐 적당한 수분 보습. 나이트용으론 사알짝 건조- 저한테는 딱 좋은 보습감인데, 건성분들이나 겨울엔 건조할 수도 있어요. 얇게 여러번 덧바르면 괜찮은 편이에요.⭐ 추천👉 여드름 색소침착 관리하고 싶으신 분!👉 자잘한 트러블케어를 어느정도 하면서 흔적케어를 동시에 하고 싶은 분!👉 가볍지만 보습력 나쁘지 않은 겔타입 크림 찾는 분!👉 수부지 추천",""
"크롱s","복합성","웜톤","민감성","5점만점에 5점","2022.03.14","복합성에 좋아요","진정에 좋아요","자극없이 순해요","4개째 재구매중인 크림이에요! 여드름 피부가 바르기 좋은 크림입니다! 🙆🏻‍♀️ 🌿 제형 가볍지도 무겁지도 않은 중간정도의 겔 제형이고 수분감이 많은 제형이며 약간의 유분감이 있어요! 쉽게 날라가는 제형은 아니지만 여름에 사용하기 무겁지도 않은 크림이에요! 바르면 쿨링감💦도 느껴져서 피부 온도를 낮출 수 있어요! 🌿 유수분 조절제 피부는 볼은 건성쪽에 가까운 수부지이며 턱에만 여드름이 나고 있어요! 겨울에 보습크림을 발라주면 턱에만 계속 여드름이 나더라구요ㅠ 그 후로 이즈앤트리 어니언크림을 턱에만 발라주고 있는데 유수분 밸런스가 맞춰져서 3개월동안 여드름이 난게 손꼽을 정도로 줄었어요! 🔥🌿 여드름 흔적 완화12월부터 매일 사용중인데 3개월동안 눈에 띄게 줄었어요‼️ 이제 막 생긴 흉터는 빠르게 효과가 나타났고 오래된 흉터는 연해지고 있지만 아예 없어지기까지는 시간이 조금 더 걸릴 것 같아요🥺 어느정도 어니언크림만 발라준 후에 너무 오래됐거나 진한 흉터에는 크게 진전이 없어서 스팟연고도 같이 발라주고있어요! 앞으로도 두 조합으로 꾸준히 사용해보려고 합니다!🌿 계절지성,수부지에게는 사계절 내내 사용해도 좋을 것 같은 제형이고건성에게는 겨울에 사용하기 유분이 부족할 듯 싶어요!건성이지만 여드름이 있는 피부는 겨울에도 유분이 있는 크림을 바르면 여드름이 나서 어니언 크림을 듬뿍 바르는 것을 추천해요!🌿 밀림 현상흡수가 잘 돼서 화장할 때 밀리는 현상은 없었어요! 혹시 밀린다고 느껴지는 분들은 크림을 바르고 시간이 조금 지난 후에 파운데이션을 바르면 됩니다!🌿 사용팁화농성 여드름이 생기려고 할때 두툼하게 올려두고 자면 다음날에 없어져있거나 크기가 작아져서 빨리 없어지더라구요! 전체적으로 펴발라준 후 여드름 부위에만 한 번 더 도톰하게 올려줘서 사용하는 것을 추천합니다!🌿 용량다른 크림들과 비슷하게 50ml이지만 쓰는 속도는 다른 크림보다 빠르게 느껴지더라구요! 세일하면 정가보다 훨씬 저렴하게 살 수 있어서 세일할때 쟁여두고있어요!🌿 총평어니언크림을 바르면 최근에 생긴 흉터는 빠르게 없애주면서 여드름 나는 횟수도 줄여줘서 끊을 수 없는 크림이에요!  🙌🏻 앞으로도 계속 재구매 할 예정입니다!!","탄력"
"계란투라이","건성","웜톤","각질","5점만점에 3점","2022.03.13","복합성에 좋아요","보습에 좋아요","보통이에요","기대가 커서 조금 실망이었어용 ㅠㅠ한통 거의 다 써가는데 효과를 잘 모르겠고,, 무엇보다 트러블이 나는 시기에 사용할 경우 피부가 민감한 저에게는 너무 오일리하다는 느낌이 들었어용 ㅠㅠ 개인적으로 양파가 들어갔다고 해서 잉? 냄새나진 않겠지 했는데 써보니까 양파가 들어간 줄도 모르겠구요 오히려 색깔이 그 보라색 적양파색이라 예뻤어요♥️ 이런 색 크림 처음이네요 ㅎㅎ구매한 이유✨ : 얼굴에 남은 트러블 자국이 신경쓰여서 매장 둘러보다가 이 크림 발견하고 바로 구매했어요! 딱 제가 원하는 기능이 든 크림이라 기대를 엄청 했습니당 아쉬운 점🥲🥲 : 한통 거의 다 써가는데 제가 느끼기엔 별로 효과가 없어서 아쉬워요 좋았던 점💖💖 : 그냥 보습 크림으로 쓰기엔 나쁘지 않습니다 그리고 좀 더 꾸준히 사용하면 또 효과가 있을 수도 있을니까! 일단 저는 한통은 다 비워볼 생각이에요!","민감성"
"영이02","지성","쿨톤","민감성","5점만점에 5점","2022.03.13","지성에 좋아요","진정에 좋아요","자극없이 순해요","피부타입 : 지성(겨울엔 복합성 + 여드름 + 민감성피부안맞는 성분 : 병풀추출물, 어성초추출물, 스테아릭애씨드❤️한통 다 사용하고 쓰는 후기입니다❤️✔️향 : 정말 아무 항도 안나는 무향 그 자체입니다✔️겔 형태이지만 가볍지도 무겁지도 않은 수분감✔️수분감 : 지성, 복합성, 수부지에게 모두 추천하는 수분감 입니다. 흡수도 너무 잘되고 너무 가볍지도 너무 무겁지도 않은 딱 좋은 수분감입니다! 유분기는 없다고 느꼈어요. 그래서 건성은 추천드리지 않습니다. 아마 부족하다고 느끼실거에요.✔️자국개선에 효과가 있다고해서 산거였는데 ❤️‍🔥여드름 자국개선에 완전 효과 봤습니다❤️‍🔥 여드름 짜고 흉지잖아요. 이 크림으로 바꾸고 나서 확실히 빨리 옅어지는걸 느끼고 피부 상태도 많이 좋아졌습니다. 여드름을 달고사는 동생에게도 너무 좋다고 써보라고 선물했는데 동생도 정말 효과봤다고 했습니다!!✔️재구매의사 100% 여름 오기 전까지 계속 사용할거에요","블랙헤드"
"검은장미","트러블성","민감성","트러블","5점만점에 4점","2022.03.02","복합성에 좋아요","주름/미백에 좋아요","자극없이 순해요","✔피부타입 : 트러블성, 복합성 수부지, 홍조 피부✔구매동기 : 여드름 색소침착을 잡아준다고 제가 챙겨보는 뷰티 유튜버 두명이 추천하였고, 1월에 45% 할인해서 구매해봤어요.👉 겔 크림 치고 보습감 좋음- 연보라색 겔크림 제형에 가볍게 발리고, 여러번 덧발라도 밀림 없이 잘 흡수되어요!- 겔 크림 치고는 꾸덕한 제형이라 한번에 많이 바르면 연고처럼 발리는 느낌이었어요. 수부지인 저한테는 적절한 보습감!- 건성분들은 여러번 덧발라서 흡수시키면 괜찮을 것 같아요.👉 생긴지 얼마 안된 색소침착 개선에 효과적- 오래된 색소침착에는 큰 효과를 못느꼈어요.- 트러블이 나면 스팟케어를 먼저 하고, 트러블이 어느정도 진정 되고 나서 겔크림을 바르며 케어하는게 제일 좋은 것 같아요.👉 트러블 개선에는 미미한 효과.- 여드름 완화에도 어느정도 효과가 있다고 적혀있지만 실제로 사용해봤을 때는 트러블을 진정시키기엔 부족했어요.👉 세일 안하면 다소 부담스러운 가격- 세일할때 2개 살걸 그랬어요ㅠ 1월 중순에 구매해서 사용했는데 3월 초에 다 사용해버림ㅠ 다들 세일할때 막 쟁여놓으세요.",""
"배고팡","지성","가을웜톤","모공","5점만점에 5점","2022.02.08","지성에 좋아요","진정에 좋아요","자극없이 순해요","이즈앤트리는 토너로 유명한 브랜드죠‼️그리고 순하기로도 유명한 ‼️🧅 엄청 순해요!역시 이즈앤트리는 ! 성분이 다 순한것같아요! 저는 엄청 예민한 편인데도 아무렇지 않았어요 ㅎㅎ🧅 화장 잘먹어요..왠걸 ,, 저는 흉터땨문에 산거였는데 .. 화장이 이렇게 잘먹을줄.. 화장 너무 잘먹어서 엄청 좋아요 ㅎㅎㅎ 🧅무향(?)처음에는 양파 성분이 들어가서 아? 양파 냄새나는거 아니야? 했는데 거의 향은 안나요!! 걱정 없이 쓸 수 있슴당 ㅎㅎ 💗🧅지성분들에게 좋아요!겔크림이여서 아무래도 건성은 건조하실거에요 ㅠㅜ지성분들도 이 크림 하나만 바르면은 안되고!! 기초 탄탄하게 하고 마무리로 발라주세요 ㅎㅎ🧅 피부결도 좋아지구 진정효과 있어요!🧏🏻‍♀️밤에 잘때 발랐는데 아침에 세수할때 얼마나 보들보들한지 ,,,💓💓 그리고 진정효과도있었어요!!🧅붉은기 완화!!확실히 바른지 며칠안돼서!! 흉터들은 모르겠는데!그 붉은 흉터(?) 자국들은 진짜 금방 옅어졌어요!!흉터 연고들보다 저는 차라리 화장품이 나은것갘아요🥰🧅제형은 보이시는것과같이 겔! 색상은 연보라!🧅얼굴에 바르고나면 피부가 쫀쫀해지고 보들보들해져요 ㅎㅎ","민감성"
"펭펭뷰티","","","","5점만점에 5점","2025.08.25","지성에 좋아요","진정에 좋아요","자극없이 순해요","nn 번째 재구매 중인 제품입니다 사용 후 눈에 보이게 여드름에 효과적이여서 그 뒤로 찬양하며 재구매 중인 제품입니다.",""
"qwer5729","","","","5점만점에 5점","2025.09.25","건성에 좋아요","보습에 좋아요","자극없이 순해요","이 제품쓰고 요즘 피부가 많이 좋아졌어요재구매 의사 100프로",""
"혬상","복합성","봄웜톤","다크서클","5점만점에 5점","2025.08.28","복합성에 좋아요","진정에 좋아요","자극없이 순해요","진짜 갸좋음 첨엔 흔적 안 없어지네 구라 ㄴ 이랬는데 갑자기 사람들이 피부 좋다고 말해줌 세통째 쓰는중이에요 피부톤이 균일해지고 피부장벽 개선효과?도 있어서 약간 피부 망필 느껴질때 마니 발라줘용","모공"
"떼구르르","약건성","쿨톤","다크서클","5점만점에 5점","2025.08.26","지성에 좋아요","진정에 좋아요","자극없이 순해요","산뜻하고 보습력도 좋아서 피부가 편안했어요, 트러블 피부에도 잘 맞았어요.","모공"
"연평해전","민감성","여름쿨톤","트러블","5점만점에 5점","2025.07.08","건성에 좋아요","보습에 좋아요","자극없이 순해요","올리브영 제품은 항상 냉장고에 넣고 사용중이에요 화장품냉장고 용량이 작아서 어쩔수가 없네요  일단 이번 제품은 몸에 잘 맞는것 같아요  물론 조금더 사용 해봐야겠지만  며칠 써본 것을 말씀 드리면 일단 얼굴에 과 몸에 잘 맞아요  그리고 일단 트러블이 없어요 트라블이 없다늠것은 엄청 좋은 장점이라 생각해요 요즘 세상이 참 사람들이 이상하고 이상한 제품도 많은데 올리브영은 그렇지 않은것 같아요 항상 그렇게 느껴요 두번째 끈적임이 전혀 없어요  끈적임이 있으면 얼굴에 바르던 다른곳 어디에 바르던 찝찝할텐데 올리브영 제품은 그렇지가 않아서 좋아요  가장 큰 장점인것 같아요  세번째는 그냥저냥 가격이 저렴하다는 거에요  많이6 사놓고 싶지만 그럴수 없는것이 좀 안타깝긴 하지만  제품이 좋아서 그냥 쓰는 편이에요  네번째  쉽게 변질되지 않는것 같아요 아무리 냉장고에 넣어놔도 제품이 별루면 변질 되기 쉬운데  올리브영 제품은  일방적으로 좋어요  일단 제 피부의 유연성이나 부드러움이 많이 개선 되었습니다 눈에 따는 피부 곳곳이 부드럽고 트러블이 없어 졌습니다 항상 잘 사용 하고 있어서 기분이 좋습니다",""
"고단백","복합성","겨울쿨톤","각질","5점만점에 5점","2022.07.08","지성에 좋아요","주름/미백에 좋아요","자극없이 순해요","🐶좋음패드랑 에센스도 미백제품을 쓰고있는진 몰라두진짜 좋아요. 토너패드랑 앰플을 미백에 좋은걸 써서좀 시너지효과가 일어난진 몰라두요거 사용 후 피부가 꽤 많이 깨끗해졌어요.(얼굴이 하얘졌다거나 기미주근깨가 옅어진건 아님)그리고 크림 사용 후 다 흡수되고 마르잖아요?피부결이 바로 부들부들 해집니다...꼭 필링하고 난 뒤 피부결같음... 시간지나도 유분기 돌아 번들거림이란 절대없슴다.수부지나 건성이신분들은한번만 바를 시 건조할수있을것같네욥.가격도 저에겐 저렴하다고 없어요..용량이 너무 적거든요 ㅠㅠㅠ몇번 안쓴거같은데.. 튜브가 벌써 반쪽이되가요..세일 좀 기가막히게 때려줬음 좋겠다..","모공"
"찰떡모찌랑","건성","웜톤","모공","5점만점에 5점","2022.05.13","복합성에 좋아요","진정에 좋아요","자극없이 순해요","지금 두통째 다 썼습니다 ! 남자친구랑 같이 쓰다보니 금방씀ㅠㅎ 처음 이걸 접하기 전에는 뾰루지가 나는 곳에만 나다가 사라졌다가를 반복했어서 뾰루지 흔적이 장난아니였습니다ㅠ 그래서 그때 심정으로는 속는 셈치고 다 써보자해서 사서 썼었는데 웬걸? 나한테 엄청 잘 맞잖아유ㅠㅠ 앞서 말한 것처럼 뾰루지가 반복하다보니 그 자리에 흔적들로 붉어짐이나 색소침착이 항상 있었어요..물론 화농성이나 여드름이 엄청 심하게 나는 피부는 아닙니다, 뾰루지도 많이 나는 건 아니고 한쪽만 자잘하게 나는 피부입니다 ! 어쨌든 이걸 사용하면서 뾰루지로 인한 붉어짐과 색소침착된 곳이 확실히 옅어졌습니다 ! 빠르게 개선되는게 제 눈으로 보이고 체감상으로도 확 느껴졌어용..진짜 제 피부에 찰떡이에욥 !!! 옅어지고 사라져도 남은 걸 계속해서 사용했는데 피부결도 많이 개선되고 지금 피부가 굉장히 좋아졌습니당ㅎ 물론 뾰루지가 아에 안나는 건 아니에요, 뾰루지가 나는 빈도횟수가 줄어들어용 ! 그리고 어니언 크림을 사용하면서 세럼과 에센스는 진정타입과 비타민씨타입을 번갈아가면서 같이 사용했어요 ! 요 어니언 크림은 젤 제형인 수분크림인데 수분만 치우친 건 아니고 유분도 살짝 느껴졌습니다, 그래도 제가 건성이다보니 겨울에는 한겹으로 보습이 부족해 두겹은 필수로 발랐습니다, 지금은 날이 풀려 한겹으로만 마무리하고 한겹이나 두겹 발랐을때 화장을 해도 밀리거나 하진 않았습니다ㅎ","미백"
"승니SEUNGNI","건성","여름쿨톤","홍조","5점만점에 5점","2022.05.08","건성에 좋아요","보습에 좋아요","자극없이 순해요","매장에서 테스터 해보고 너무 촉촉해서 구매했어요!❤️‍🔥제형+수분감너무 꾸덕하지도 너무 촐랑찰싹거리지도 않는 촉촉수분제형입니다! 극악의 건성 분들은 이 제품 하나로 보습력 채우기엔 부족하실 수 있어요! 하지만 저도 웬만한 그냥 건성인데 촉촉함 가득이라 저는 수분감이 부족하다고 느껴지진 않았어요!❤️‍🔥꿀조합저는 따로 토너나 로션을 사용하지 않고 평소에 나인⭐️시스 앰플을 사용하고 바로 이 제품을 발랐는데요 완전 촉촉 쫀득 피부 돼서 다음날 일어나서 물세수만 하고 화장하면 메이크업이 완전 쫀득히 잘먹어서 좋았어요!! ❤️‍🔥총평촉촉한 크림 찾으시는 분 사용해보세요! 용량 대비 가격이 사악한편이지만 ㅠㅠ 5월은 세일이 들어가서 구매해보시기에 나쁘지 않다고 생각합니다!",""
"들숨날숨","건성","쿨톤","각질","5점만점에 4점","2022.04.16","복합성에 좋아요","진정에 좋아요","자극없이 순해요","제품 출시당시 매장에서 트러블 흉터 완화 크림이라고 하길래 혹해서 구매해보았습니다! 양파 추출물로 어니언 크림이라고도 하는데 효과가 있길 바라면서 열심히 매일 아침저녁으로 써보았습니다!# 텍스처약간 꾸덕한 제형이구 반투명 제형인데 건성분이 단독으로 바르시기엔 보습효과같은건 좀 덜해서 저는 어니언크림이랑 보습크림 같이 썼습니다!# 트러블 흉터 완화 효과?진짜 이게 되나 싶었는데 크림을 꾸준히 쓰니까 그냥 방치했을 때와 달리 좀더 빨리 흉이 완화되는 것 같았습니다! ㅎ.ㅎ 염증성 트러블 났을때 흉터 때문에 진짜 맨날 고생했는데 다행히도 완화시기를 당길수 있어서 좋았어요!# 같이 쓰면 좋은 제품트러블 흉터나 잡티가 고민이시라면 잡티 세럼이랑 같이 쓰시면 그 효과를 더 빨리 보실수 있을 것같습니다. 저는 구* 청귤세럼이랑 같이 썼더니 흉터 빨리 없어져서 좋았습니당!","모공"
"올영짠돌","복합성","웜톤","모공","5점만점에 4점","2022.04.16","복합성에 좋아요","진정에 좋아요","자극없이 순해요","이즈앤트리 히알루로도 너무너무 잘 사용하고 있었던 일인 입니다 ! 최근에 나온 신상인데 리페어 효능 있는 제품이라 단 번에 구매했고 이번이 벌써 두 통째!! 입니다!!✔️가장 마음에 드는 점은 바로 제형입니다. 수분이 많은 것 같은 젤크림 타입인데 바르고 끈적이거나 남는 느낌 없이 밀림도 없고 바른 후 흡수 시킨 다음에 메이크업에도 밀리지 않고 찰떡같이 발려서 너무너무 좋습니당ㅎㅎ ✔️저는 토너 사용 후 양파크림 사용하는데요 두 조합이 정말 찰떡 궁합입니다. 둘 다 흡수력이 빨라서 아침 저녁으로 이 두 조합으로만 사용 중입니다✔️확실히 진정의 느낌은 있어요 ! 아직 흉터나 잡티부분이 개선되는 점은 없는데 꾸준히 바르니깐 피부결이 매끈해지는 효과는 있어요ㅎㅎ 먹는 것 조심하고 이 루틴으로 관리하니깐 요즘 꿀피부되어가는 걸 확실히 느낌니다ㅠㅜ✔️행사하면 몇개 더 사 놓으려고요ㅠㅠ 막 바르기도 좋은 제품이에요! 복합성 지성 분들께 적극 추천드립니당ㅎ✔️","미백"
"올영알바생도비","민감성","쿨톤","트러블","5점만점에 5점","2022.04.14","복합성에 좋아요","진정에 좋아요","자극없이 순해요","무안의 적양파 추출물과 3중 히알루론산이 함유되어 피부의 흔적을 케어하고, 겹겹이 촉촉하고 매끄러운 피부로 가꾸어 주는 겔 크림, 이즈앤트리 어니언 겔 크림!💜 구매이유 💜저는 양뺨에 여드름 흉터가 울긋불긋 있어요. 요게 제 고민이었어요. 근데 마침 매장에 행사로 잠시 들어온 제품인데, 진정은 물론 잡티 흔적케어도 해준다고 해서 구매를 해봤어요.💜 제형 💜끈적이지 않고 수분 가득 담겨 있는 가벼운 연고 겔 제형이에요. 유분기가 별로 없어 지성분들도 사용가능해요! 가볍다보니 피부에 잘 펴바를 수 있어요.💜 자극 💜저는 극 건조한 민감성 피부 타입으로 트러블이 자주 많이 나는 편이에요. 이 제품 사용 후 트러블이 잘 나지 않고, 자극도 못 느꼈어요.💜 타겟 고객 💜- 모든 피부 타입 고객(극 건조한 저에게도 맞아 잘 사용 중입니다.)- 여드름, 트러블이 고민인 분- 피부 톤이 칙칙해서 고민인 분- 수분/보습이 부족하여 트러블이 나는 분- 눈으로 확인되는 잡티흔적케어가 필요한 분- 데일리로 사용 가능한 진정 수분크림이 필요한 분💜 특징 💜- 미백•주름개선 2중 기능성 화장품- 피부자극,여드름피부 사용 적합 테스트 완료-피부 흔적 케어: 무안 적양파추출물 71%(719,000ppm) 함유로 겹겹이 채우는양파의 진한 영양이 피부의 흔적을 케어- 진정 케어: '소듐헤파린 + 3 콤플렉스' (=소듐헤파린, 알란토인, 판테놀, 약모밀 황금배합) 6만ppm 함유로 피부를 진정 케어■ 소듐헤파린: 매끄럽고 유연한 피부결 선사, 흉터 생성 억제 및 완화■ 알란토인: 수분 공급 및 진정, 피부 재생 효과■ 판테놀: 피부 보호, 피부 장벽 개선■ 약모밀 (어성초): 피부 진정- 톤 케어: 나이아신 아마이드 함유로 미백 기능성 성분이 칙칙해진 피부를 맑게 케어■ 나이아신 아마이드: 비타민B3의 일종. 미백효과, 피부톤 개선, 피부 장벽 개선, 잡티 흉터 진해지는것을 방지하는 효과- 수분 케어: 분자량 차이가 있는 3중 히알루론산으로 촉촉한 수분 효과💜 효과 💜효과 있어요! 사진은 못찍었지만..흉터가 옅어지는 효과가 있어요. 미백, 진정 효과도 있어요.💜 꿀팁 💜그리고 극건성분들은 크림바르고 마지막에 요 크림을 발라주세요! 그럼 건조하지 않아요. 제가 그렇거든요~ㅎㅎㅎ 그러고 나면 아침에 피부가 확실히 쫀쫀해요! 건조하지도 않구요.💜재구매💜할겁니다!!제 리뷰가 도움이 되었다면 좋아요 부탁드려요🥰",""
"찰떡모찌랑","건성","웜톤","모공","5점만점에 5점","2022.04.13","복합성에 좋아요","진정에 좋아요","자극없이 순해요","처음엔 반신반의로 샀었는데 한 통다쓰고보니 저한텐 진짜 인생템으로 자리 잡았습니다 ! 우선 사용할 당시에 좁쌀이 계속해서 났다가 다시 올라오는 걸 반복하는 피부 상태였습니다ㅠ 좁쌀이 반복되다보니 뾰루지 흔적으로 피부톤이 울긋불긋하니 이만저만도 아니였죠ㅠ 근데 우연히 신상으로 나오고 뭐라도 도전하고싶은 맘이였던지라 바로 사자마자 매일 꾸준히 사용했습니다,,근데 웬걸,,제 피부에 완전 찰떡이에옹 !!! 좁쌀이야 원래 금방 사라지거니 했지만 사라진 자리에 그 붉은 흔적들이..확실히 빠르게 옅어졌어욥 ! 진심 흔적들이 옅어지는게 체감상으로도 바로 느낄정도로 개선이 빨랐습니다, 흔적이 개선되고도 계속 바르니 피부상태가 매우 좋아졌습니다, 제 피부에는 정말 잘 맞아서 너무 기쁩니다아ㅠㅠ 좁쌀이 지금 아에 안올라오는 건 아니지만 빈도횟수가 확실히 줄어들었고 언제 또 피부컨디션이 안좋아질지 몰라서 하나 더 구비해두었어요 ! 요 어니언크림 제형은 일반 젤타입에 수분크림이라 사용감또한 가볍지도 않고 무겁지도 않은 수분감이였습니다, 근데 건성이라 그런지 겨울에 사용하기에는 건조함이 느껴져서 두겹으로 마무리했어용..! 지금은 날이 풀려서 한겹으로도 충분했고 한겹이나 두겹으로 발랐을때 화장이 밀리거나 하진 않았습니다, 화장 전에도 충분히 사용하기 좋은 크림이였어요 ! 저한테는 진짜 찰떡인 크림ㅎ","미백"
"yepicture","민감성","웜톤","모공","5점만점에 4점","2022.03.13","복합성에 좋아요","진정에 좋아요","자극없이 순해요","여드름 흉터 때문에 제품을 구매해보게 되었는데요! 일단 가장 좋았던 점은 겔크림이라는 점이죠!! 보통은 흉터 치료한다고 할 때 크림들이 대부분 꾸덕하고 스팟에만 사용하는 국소부위용 크림들이었어요 학창시절에 피부 트러블들이 좀 올라왔어서 흉터들이 남아있는 저로서는 흉터만 얼른 제거하고 싶어서 이런 저런 크림들을 알음알음 사용해왔거든요! 제가 지금껏 접해본 크림들은 대부분 꾸덕한 제형이라 바를 때 좀 신경을 써서 발라주어야 하고 흡수가 어려웠던 기억이 있습니다😢하지만 이 제품 받아보고 가장 좋았던 점은 흉 제거에 도움을 주는 크림치고 겔크림이라 어느정도 수분감도 들어가있고 피부에 흡수도 빠르다는 점이었어요❤︎ 발림성이나 사용감이 편해야 아무래도 오래 꾸준히 사용할 수 있으니깐요 이런 제품은 꾸준히 사용하는 게 무척 중요하거든요! 저 역시 꾸준히 사용한 지는 얼마 안되어서 효과를 엄청나게 보고 있진 않지만 자극 없고, 수분감 어느 정도 느껴지는 크림으로 피부에 남아있는 흉을 관리해주고 싶은 분들께 추천드릴게요:)","민감성"
"긍사알","복합성","가을웜톤","모공","5점만점에 5점","2022.01.31","복합성에 좋아요","주름/미백에 좋아요","보통이에요","이 제품 인스타 광고를 많이 봐서 익숙하고, 올리브영에서 세일하길래 구매했습니다. 여드름성 피부라 여드름 흔적이 볼이랑 입술 주변에 많아서 구매하게 되었어요. 근데 2주 사용하면 효과를 볼 수 있다는데, 저는 2주가 지났지만 음 아무 효과를 보지 못 했습니다. 이마랑 코 턱 부분은 괜찮았는데 볼 부분에는 뾰루지가 올라와서 너무 당황했어요. 여드름 흔적을 지워주는 제품이 여드름을 생성해서 사용을 중단했어요. 근데 날 때가 있고 안 날 때가 있어서 더 헷갈려요ㅠㅠ 그래서 요즘은 얼굴 상태 좋을 때 얇게 처바르고 피부 컨디션 안 좋으면 안 바르고 있어요. 색은 자색양파 성분이 있어서 그런지 진짜 예쁜 연보라색입니다. 이즈앤트리 제품 좋아하시는 분, 여드름 흔적 많으신 분들 추천드려요! 예민하신 분들은 매장에서 테스트 해보시기 추천드려요!","미백"
"올영짠돌","복합성","웜톤","모공","5점만점에 5점","2022.01.31","복합성에 좋아요","진정에 좋아요","자극없이 순해요","그동안 전혀 보지 못한 뉴페어겔크림이라서 구매했습니당!🥰복합성이고 설탕 많이 들어간 제품 먹으면 얼굴에 트러블 나는 피부타입입니다ㅠㅠ수부지 복합성 피부 타입에 사용하기 적합한 것 같아요! 건조하다고 하시는 분들이 계시는뎅 저는 당기거나 하는 건 없었어요~! 🥰저녁에는 도톰하게 발라주고 아침에는 세안 후 메이크업 전에 꼼꼼하게 발라줍니당ㅎㅎ🥰흔적이 완화되는 건 잇는 것 같아요! 드라마틱하게 상처가 사라지는 연고 같은 건 아니에용ㅎㅎ 꾸준히 발라주면 어느정도 케어는 되는 느낌입니다. 🥰당김도 없고 건조한 느낌도 없고 저에게는 딱 적당한 타입의 제품입니당 ! 마무리감도 보송하고 끈적임 없이 빠르게 흡수되어서 좋습니당! 🥰결국에는 한 통 더 구매햇어용ㅎㅎ 계속 사용 할 것 같습니당ㅎㅎ","미백"
"서캔두잇","복합성","겨울쿨톤","모공","5점만점에 5점","2022.01.30","복합성에 좋아요","진정에 좋아요","자극없이 순해요","수부지복합에 현재 여드름흉터를 위해 피코토닝을꾸준히 받고 있으며 시너지효과를 위해 어니언 토너,젤크림을 같이 병행해봤습니다.발림성.좋아요. 부드럽고 얇게 혹은 두텁게원하는대로 바를 수 있습니다.흡수력.아침 메이크업 전에도 바를 수 있을 정도로흡수도 적당히 되면서 메이크업도 날아가지 않게잘 잡아줍니다. 메이크업전 사용은 밑에 다시 쓸께용😍보습력.보습력은 젤크림답게 가볍다는 느낌이예요.지복합이지만 딱 적당하다? 할 정도로!기존 앰플 에센스단계에 보습력을 중시해서케어해주기에 크림단계에서 어떤걸 쓰느냐에 따라다음날 기름이 송골송골 맺히기도하고크림이 가벼워도 건조함은 덜 느끼는 편인데 적당한 정도였습니다. 건성분들은 추가로 크림 또는전단계 탄탄히 해주셔야할듯합니다😍흉터완화.당연히 하루이틀만에 효과 못봤습니다만사용감이 좋아서 꾸준히 사용할듯해서이건 재구매시에나 효과부분을 리뷰할 수 있을듯해요.⭐제일 좋았던건 메이크업전 사용했을때예요!요새 피부컨디션이 안좋아서 아침 스킨케어를다 흡수시키면서 신경쓰는데 바르는게 많아지면파운데이션이 얹혀지는 느낌으로 발리는 경우가 있어요ㅜ.ㅠ 근데 요 젤크림 쓰고 파운데이션 발랐더니파운데이션을 꽉 잡아주는 느낌으로 밀착력이 훨씬좋아졌답니다. 아침저녁으로 사용하기 좋은 크림을 찾아서좋았어요~ 한겨울만 아니면 잘쓸듯 합니다^^","미백"
"밍쮸","지성","웜톤","블랙헤드","5점만점에 5점","2022.01.27","지성에 좋아요","진정에 좋아요","자극없이 순해요","아징짜 소름끼ㅕㅅ어요이거 그냥 아무생각없이 산건데서고보니가 일시품절이네용ㅋㅋ이럴때 왠지 나만아는 짜릿함ㅋㅋ이게 지금 막 나온건가리뷰도 없고정보도 막 잘 ㅏㄴㅎ이없길래그냥 머 함 써봐야지허고쓴거엿ㄴ데나쁘지않은데큰기대는 안해요피부과레이저시술은 받고잇는데그래두 같이쓰먄 진정도되고효과도 더 잇을까바그냥 머그리구 항상 용량 적은거를썻엇어요팍팍바르니가한달에한번 사고한달도 못가서 다쓰고그러더라구요근데이건ㄴ 용량 먾은거 이게너무 좋네용ㅋㅋ머 효과는 더 써보고 나서 알겟지만ㄱ리구 레이저도 받고잇으니까머 이렇다저ㅓㅎㄷ확실히 얘기는 멋하겟디만그리구 지성인데밤에 엄청 듬뿍바르고 그러거든요어떤거는 오히려 트러블 더 나고 그런것두잇어요근데 이거는 그런거는엇럿어욬ㅋ",""
"크롱s","복합성","웜톤","민감성","5점만점에 5점","2022.01.04","복합성에 좋아요","진정에 좋아요","자극없이 순해요","이즈앤트리에서 어니언라인 샘플을 받았는데 너무 만족해서 지금 3개 쟁여놨어요! 🙆🏻‍♀️🌿 제형유분감보단 수분감이 많은 겔 제형이지만 일반 겔 제형보단 조금 무거워요! 바르면 쿨링감💦이 느껴져서 피부온도를 낮출 수 있어요!🌿 계절지성, 수부지는 여름에 바르기 무겁고 건성은 겨울에 바르기엔 조금 가벼울 것 같아요!🌿 여드름 흔적 완화제품을 사용하기 전 몇 개월 간 여드름이 계속 올라오고 사라지진 않았는데 어니언 겔크림을 바르고 진정이 되면서 여드름 올라오는 횟수도 줄어들고 흉터가 점점 사라지더라구요‼️이제 막 생긴 흉터는 빠르게 없애주지만 오래된 흉터를 없애주진 못하는 것 같아요ㅠ🥺 그래서 어니언 크림을 발라준 후에 스팟제품을 함께 사용하고 있어요!🌿 사용팁화농성 여드름이 생가려고 할때 그 부위에 두툼하게 올려두고 자면 다음날에 없어져있거나 크기가 작아져서 빨리 없어지더라구요! 전체적으로 펴발라준 후 여드름부위에만 한 번 더 도톰하게 얹어주는 것을 추천합니다!🌿 밀림 현상크림을 바른 후 시간차를 두고 파운데이션을 바르는데 밀리는 현상은 느끼지 못했어요!🌿 용량 & 가격다른 크림들과 비슷하게 50ml이지만 쓰는 속도는 다른 크림보다 빠르게 느껴졌어요! 세일하면 정가보다 40%정도 저렴하게 구매할 수 있어서 세일할때 쟁여두고 있어요!🌿 사진두 사진 모두 기본카메라로 찍은 한 달 지난 후 모습이에요! 동일한 곳에서 찍었는데 조명때문인지 피부색이 살짝 다르지만 육안으로 봤을때도 사진처럼 확실히 흉터가 사라졌어요!!","탄력"
"규아아","","","","5점만점에 5점","2025.09.02","건성에 좋아요","보습에 좋아요","자극없이 순해요","뭔가 자국들이 조금 옅어진거만 같아요 건성에겐 제형이 가볍워서 무거운 크림을 같이 사용해요",""
"밍혜","복합성","여름쿨톤","모공","5점만점에 4점","2025.08.04","지성에 좋아요","주름/미백에 좋아요","보통이에요","밤에 가볍게 바르기 좋고 쫀쫀해져요 흔적이 사라진다?는 모르겠는데 나쁘지 않아서 발라요","미백"
"느루","","","","5점만점에 5점","2022.06.06","복합성에 좋아요","진정에 좋아요","자극없이 순해요","두번째로 구매해서 다 써가는데  첫번째 구매해서 사용했을 때는 피부가 색소침착된 상처로 가득해서 효과를 조금 봤다고 느꼈는데 지금은 아주 큰 효과는 보이지 않아요. 확실히 색소침착이 있는 상처를 가지고 계신분들이 사용하면 효과를 조금 느끼실 수 있을 거라고 봅니다. 그렇지만 저는 벌써 재주문을 했어요.. 없으면 허전한 크림이 돼버렸나봐요.. ㅎ",""
"느루","","","","5점만점에 5점","2022.04.05","복합성에 좋아요","주름/미백에 좋아요","자극없이 순해요","복합성 피부에 겨울엔 많이 건조한 피부이고 여름이 다가오면 피지가 많이 올라오는 피부입니다. 이리저리 색소침착에 효과 있는 피부에 효과 있는 화장품을 찾아다니다 평소에 이즈앤트리 스킨을 잘 쓰고 있어서 믿고 구매해 사용해 보고 있습니다.피부 상태 : 피지는 짜면 안 된다지만 안짜면 안되는 병이 있어요.. 그래서 사소한거 다 짜다가 얼굴에 상처와 흉터가 많은 최악의 상태입니다.이미 한 팩을 다 사용하고 난 후기로는 확실히 2주동안 사용하면서 살짝 옅어진 것 같다는 느낌을 받았습니다.원래  피부가 재생하면서 옅어지기는 하지만 빠르게 옅어지지 않아서 이 제품을 구매해본 것이라 더 잘 느껴졌어요.완벽히 사라지기에는 무리가 있는 것 같지만 파운데이션으로 가려질 정도로 색소침착이 옅어져서 재구매하여 사용하고 있습니다.아쉬운 점과 단점이 있다면 용량이 작지만 가격이 조금 나간다는 점이고.. 단점은 복합성이 사용하기에는 좀 건조합니다. 그래서 저는 이 크림을 바르고 위에 다른 제품을 더 발라줘요.그리고 최대 단점은.. 때처럼 밀려나는 점이요.. 다른 제품을 위에 올려서 그런 줄 알았는데 이 제품이 그런 것 같아요.. 도움이 될지는 모르겠지만 사진에 크기를 비교해 보시고 구매하시길 바랍니다..ㅎ",""
"H26","","","","5점만점에 5점","2022.02.19","복합성에 좋아요","진정에 좋아요","자극없이 순해요","효과 크게 없을 줄 알고 첫 사용시기 사진을 안찍었지만3주동안 사용해봤는데(낮밤 둘다 스킨케어 마지막인 수분크림까지 다 바르고 난 후 흉터 가 많았던 볼과 턱 위주로 발랐음)색소침착으로 인한 여드름 흉터 크기가 매우 줄었고 자잘한것은 거의 없어짐 2주 이상은 꾸준히 사용해야 효과있는것 같음",""
"율둥율둥","건성","여름쿨톤","민감성","5점만점에 5점","2022.02.15","건성에 좋아요","진정에 좋아요","보통이에요","재구매 의사: 100%👍🏻좋은 점👍🏻1. 순한 성분민감성 피부라서 스킨케어를 구매할 때 성분을 보고 구매하는데요 민감성 피부도 부담없이 사용할 수 있는 순한 성분이라서 좋았습니다!2. 눈에 보이는 효과피부에 뭐가 안나는 편인데 고등학생때 났던 여드름이 흉터가 되어서 약 3년째 안사라져서 피부과 시술을 고민하던 찰나 사용해본 제품인데요 일주일 동안 아침 저녁으로 발랐더니 여드름 흉터가 확실히 옅어진 것을 느낄 수 있었습니다!! 반신반의 하며 구매핬던 제품이었는데 진짜 너무 좋았어요!!😭아쉬운 점😭1. 건성피부에겐 건조피부타입에 따라 다르겠지만 건성인 저에게는 이 크림만 바르기에 건조했어요! 위에 보습력 좋은 크림 발라주면 좋더라구요!! ☺️총평☺️여드름 흉터로 스트레스 받으시는 분들께 추천드려요!!첫 번째는 화장한 사진인데도 흉터가 잘 보였는데 두 번째 사진은 민낯에 형광등 바로 아래에서 찍은 사진인데 옅어진게 보이는 것 같아용!","아토피"
"0331","트러블성","쿨톤","민감성","5점만점에 5점","2022.02.11","복합성에 좋아요","진정에 좋아요","자극없이 순해요","진짜 ,, 사세요 ,, ㅠㅠ ,, 올영 알바하다가 이게 새로 매장에 입점됐길래 자세히 봤더니 개선 효과 홍보용 사진 너무 제 피부 고민이랑 유사한 것 같아서 구매하려는데 후기가 없어서 이틀 동안 고민하다 한 번 써보자 싶어서 써봤어요 !저는 민감성 수부지인데 최근들어 지성이 된 것 같고 여드름 자국이 고민이었어서 구매하게 되었습니다.제형: 부드럽고 여러 번 덧발라도 부담없어요 이걸 단독으로 써도 괜찮았어요 겔크림치고는 부드러운 편이고 일반 크림에 비해서는 조금 단단한 느낌? 화장 전에 발라도 괜찮긴 한데 조금 기다렸다 발라야 해용 피부 타입 상관없이 사용하셔도 될 듯 합니다 !!효과: 많이 봤어요 정말 ,, 저는 사실 진정 위주의 스킨케어를 하기 때문에 다른 제품과 같이 써서 이 제품이 정확히 진정에 도움이 되는진 사실 잘 모르겠어요 근데 여드름 자국에 너무 큰 효과를 봐서 추천드리고자 리뷰 남겨요 🥺 얘 왜 안 유명해요 아직? 유튜브에도 그냥 다 광고밖에 안 뜨고 리뷰도 별로 없고 ㅠㅠㅠㅠ 내가 담당자였으면 맨날 이거 껴안고 울었어 진짜 ... 아니 얘 진짜 요물이라니까요? 저는 방에 있으면서 보일 때 수시로 그냥 고민 부위 위주로 발라줬어요 아 진짜 좋은데 어떻게 설명하지 ,,, 일단 사진도 열심히 예전 사진 찾아서 첨부했어요 !!  첫 번째 사진이 사용 전이고 오른쪽 사진이 사용 후 !! 이렇게 빨리 효과 볼 줄 몰랐네요재구매의사 완전 있습니다 !! 앞으로 얼마나 더 개선될지 궁금할 정도로 효과를 많이 봤어요 감사합니다 만들어주셔서 ㅠㅠ","잡티"
"아롱이사랑","복합성","쿨톤","모공","5점만점에 5점","2022.01.14","복합성에 좋아요","주름/미백에 좋아요","자극없이 순해요","이즈앤트리 어니언 뉴페어 겔크림 너무 잘 쓰고 있는크림이라서 세일하길래 미리 쟁여놨어요.정가는 가격이 있는 편이라서 지금 사두시면 좋을 것 같아요.크림 색상은 연한 보라색이에요. 촉촉하게 발리지만가볍지 않아서 겨울에도 잘 쓰고 있어요.밤에 트러블흉터 부위에 도톰하게 바르고 자면흉터가 연해지는게 눈에 보여요. 점 빼고 흉터 남을까봐바르고 있는데 연해져서 꾸준히 쓰고 있어요.트러블을 잠재우는것도 중요하지만 흉터가 점처럼 남으면속상하잖아요. 트러블흉터 고민이신분들은 꼭 써보세요.트러블흉터연고는 끈적하고 흡수도 더뎌서 데일리로쓰기 불편했는데요. 이즈앤트리 어니언크림은 데일리로사용하기 좋고 흡수도 잘 되어서 좋아요.강력추천드릴게요. 꼭꼭 사용해보세요. 너무 좋아요.","민감성"
"unaunauna","지성","쿨톤","","5점만점에 5점","2022.02.12","지성에 좋아요","주름/미백에 좋아요","보통이에요","흔적에 좋다고 해서 구매했어용 기름지지도 않고 만족해요 효과는 장기간 써봐야 알듯ㅋ",""
"죠니져니","","","","5점만점에 5점","2022.02.04","복합성에 좋아요","진정에 좋아요","자극없이 순해요","젤 제형이라 되게 물같은 발림성에 꾸덕하진 않아요 그래두 가볍게 바르기 좋아요",""
"도던이","","","","5점만점에 5점","2025.08.03","복합성에 좋아요","진정에 좋아요","자극없이 순해요","색소침착 흉터가 워낙 개선하기 힘들다보니.. 이 제품도 큰 효과는 없었지만 그래도 다른 제품들 보다는 좋아요. 듬뿍 바르고 자면 진정 효과도 있구요",""
"둥둥지","","","","5점만점에 4점","2022.02.08","지성에 좋아요","진정에 좋아요","자극없이 순해요","유튜버 슨생님의 추천으로 한 번 구매해봤습니다. 여드름 난 후에 흔적 케어용 수분크림이라서 진정과 미백 기능을 엄청 기대했는데 아직 효과를 크게 많이 보지는 못했습니다! 일단 전 파워 지성이라서 오히려 적당한 수분감을 선호하는데 딱 처음 발랐을땐 촉촉한데 속건조를 잡아주지는 못하는 것 같아요..! 그래서 전 얇게 여러겹 발라줬습니다! 아마 건성분들은 이거 하나로는 부족할듯싶어요ㅠㅠ 조금 더 꾸덕한 앰플이랑 같이 발라주거나 해야할듯해요ㅠㅠ젤크림 제형이라서 흡수는 엄청 빠른 부분은 만족스러웠습니다. 약간 촉촉하면서 실키한 제형이라서 끈적이는거 싫어하시는 분들은 만족할 것 같아요! 향은 거의 무향에 가깝습니다!그래도 바르고 난 직후에 건조함은 못느꼈고, 흔적 개선은 아직 잘 모르겠어요...ㅎ 그래도 무난하게 쓰기 좋은 수분크림입니당!ㅎㅎ",""
"ㅊㅇ123","","","","5점만점에 5점","2022.01.04","복합성에 좋아요","주름/미백에 좋아요","자극없이 순해요","샘플로 받아서 써봤는데 넘넘 좋아서 구매해요!!사실 샘플 받아봤을때 어니언이라고 해서 냄새 걱정했는데 쓰자마자 고민 끝!! 역시 믿고 쓰는 이즈앤트리👍🏻👍🏻요즘 망할놈의 코로나 때문에 마스크를 쓰고 다녀서 트러블 고민 많았는데ㅜ 넘넘 좋아요ㅜㅜ 트러블 피부에 아무거나 바르면 트러블 더 올라오던데 하나도 없고 기미 잡티까지 케어에 주는 제품이라니ㅜ  이 시국에 특화된 아이템 아닌가여?ㅠㅠ",""
"겨우리야","민감성","웜톤","모공","5점만점에 5점","2021.12.31","복합성에 좋아요","주름/미백에 좋아요","보통이에요","‼️ 저는 모공도 심하고 여드름흉터,붉은기 심한 총체적 난국 피부입니다. 제품 설명을 보고 저에게 딱 맞는 거 같아서 구매해봤어요. 잘맞을거 같아서 2개 구매했습니다.특히 레티놀이나 이런건 효과도 못보고 피부에 자극이 너무 심하게 가서 오히려 안좋아졌더라구요.. 😥📝저는 전체적으로 바르고 고민부위에 더 집중적으로 레이어링 해줬어요. 그정도로 젤크림이 가볍게 올라가더라구요.🔸️제형 : 완전 가벼운 젤타입🔸️흡수 : 가벼워서 흡수가 잘되는 것 같아요! 🔸️마무리감 : 끈적임은 아주 약간 있지만, 수부지 인데 거슬리지 않아요. 지성도 이정도면 괜찮을 듯 합니다!🔸️수분감 : 솔직히 수분감 높지 않아요. 건성분들은 다른거 덧바르셔야할정도..🔸️효과 : 붉은기는 가라앉았습니다만 드라마틱한 느낌 아직 없어요 ㅠ 더 써봐야 알겠지만 약간 흉터연고 바르는 것 처럼 오래오래 발라야할듯..바르고 화장해도 딱히 밀리지는 않았어요. 단 흡수는 해주고 발랐을 때 입니다..⭐흉터연고에 양파추출물 같은게 들어간다는 걸 아시나요..?관련 분야에 일을 하면서 알게된건데 비슷한 성분으로 함량이 높아서 구매했습니다.⭐ 다만 약국에서 파는 흉터연고는 저에게 큰 효과 없었어요.하지만 최고의 장점인 흡수력과 끈적임이 덜한 제품이라 두고두고 쓸 듯 합니다. 효과가 더 나타난다면 재구매 의사 있습니다! 튜브타입이라 간편한것도 장점이고 디파님을 거쳐간 제품이다보니 믿음도 갑니다..!","트러블"
"은요미","","","","5점만점에 3점","2024.12.28","건성에 좋아요","보습에 좋아요","자극없이 순해요","전 그냥 그랬어요… 진정? 흔적케어? 그런 거 없이 그냥.. 보습만 효과 봤어요 그런 쪽에서는 답답하고 끈적이지 않게 보습이 돼요!",""
"Ivorycotton","","","","5점만점에 5점","2025.09.13","복합성에 좋아요","진정에 좋아요","보통이에요","너무너무 좋아요 다들 언능 사세요 ~~😊🤍💕❤️‍🔥",""
"JYH","","","","5점만점에 4점","2022.04.10","건성에 좋아요","보습에 좋아요","보통이에요","마스크를 하루 종일 쓰고 있다보니, 새로운 마스크를 사용한 날 갑자기 트러블이 많이 났습니다. 트러블이 가라앉아도 흉터가 지저분하게 남을 것이 걱정되어서, 올리브영 앱에서 흉터 관련해서 검색을 하다가 이즈앤트리의 어니언 뉴페어 겔크림을 알게 되었습니다. 구경을 하다보니 엄청난 기대감이 생겨서 바로 구입했습니다.그러나 결론부터 말하자면, 제 피부에는 맞지 않았습니다. 피부가 좋아질 것이라는 엄청난 기대를 갖고 많은 양을 아낌없이 바르고 잤는데, 오히려 제 피부에는 트러블이 더 나더군요. 워낙 피부가 트러블이 잘 나는 예민한 스타일이라서, 미백과 주름을 개선해주는 성분들이 오히려 자극이 된 것 같습니다. 트러블 자국과 흉터를 없애려다가 더 많아진 트러블 때문에 고생하게 생겼네요, 그래도 써봐야 알 수 있는 결과였으니, 후회는 없습니다.",""
"ygs****","복합성","쿨톤","모공","5점만점에 5점","2022.01.06","지성에 좋아요","주름/미백에 좋아요","자극없이 순해요","트러블 흔적에 좋다해서 크림은 여기서 사고 클렌징폼이랑 토너은 공식몰에서 사서 같이 사용해봤어요. 크림 발림성은 다른 수분크림보다 아주 살짝 되직함?이 있지만 잘 펴잘라지고 금방 흡수가 되요. 근데 전 수부지 피부인데도 이 라인만으로는 금방 건조함이 느껴지네요ㅜ 크림을 자꾸 덧바르게 된다는….ㅎ 흔적 효과는 얼마 안써서 모르겠지만 다 쓸때쯤엔 효과가 있기를 기대해 봅니다.","민감성"
"감쟈용사","","","","5점만점에 5점","2025.01.21","지성에 좋아요","진정에 좋아요","자극없이 순해요","우아 이거 진짜 너무 좋아요 추천받아서 사서 몇 번 발랐는데 피부가 그냥 말랑쫀득 그 자체로 변해요 그냥 피부가 전 보다 좋아진다는 소리입니다!! 여드름 착색도 조금씩 사라지는 느낌도 들어요! 좋아요!!!",""
"ekdpr****","","","","5점만점에 4점","2022.02.25","복합성에 좋아요","진정에 좋아요","보통이에요","두통 써봤는데도 효과가 없어서요;;후기도 보고 성분도 봐서 믿고 구매했는데 별로에요",""
"극복","지성","여름쿨톤","모공","5점만점에 5점","2022.02.14","복합성에 좋아요","진정에 좋아요","자극없이 순해요","흔적크림이라기에 사봤습니다. 여드름 흔적에 발라볼까 하고 발라보니 좋은 거같아요. 자극없이 순하고 발림성이 좋습니다. 끈적임없이 잘 흡수되는 것 같아요.","주름"
"황윤딕이","","","","5점만점에 5점","2025.08.15","건성에 좋아요","보습에 좋아요","자극없이 순해요","가볍고 순해서 자극없이 잘 바르고 있는 공병템입니다 ! 너무 좋아요",""
"피부좋아지는중","","","","5점만점에 5점","2025.08.12","복합성에 좋아요","보습에 좋아요","자극없이 순해요","이건 진짜 계속 추천에 떠서 구매해 봤는데 진짜 좋아요 일단 끈적님이 없어서 너무 좋고 매일 사용하기에도 좋아서 다음에도 떠 구매할 생각입니다!",""
"yejin****","트러블성","가을웜톤","각질","5점만점에 5점","2024.07.21","복합성에 좋아요","보습에 좋아요","자극없이 순해요","여태 정착한 크림이 없었는데 가벼운 제형으로 재구매 2번째입니다 인생크림으로 로션대신 쓰고 있는데 바르는 순간 바로 촉촉함이 느껴집니다 너무 유분이 많은 크림은 선호하지않는데 적당하게 촉촉하면서 딱 좋아요!!!! 최고","모공"
"qkrrkgus****","트러블성","웜톤","트러블","5점만점에 5점","2022.10.01","복합성에 좋아요","진정에 좋아요","보통이에요","무거운 제형이 아닌 수분크림+보습크림 느낌이라 겉돌지않구 잘 흡수됩니다! 여드름 흔적을 지워주는지는 잘 모르겠어요😢",""
"1234dlw****","","","","5점만점에 4점","2022.08.08","복합성에 좋아요","진정에 좋아요","보통이에요","이번에 세개째산건데 여드름에 너무너무좋고 피부진정도 되고 착밀착되서 흡수도잘되공 너무만족만족이에영",""
"깨룡이","","","","5점만점에 3점","2022.05.02","지성에 좋아요","진정에 좋아요","자극없이 순해요","참 자극없는 거는 좋은데 제가 원하는 수분감이 있는 제형은 아니에요😭 저는 복합성이라 수분감이 있길 원했는데 아쉽네오",""
"habitua****","","","","5점만점에 5점","2022.04.12","복합성에 좋아요","진정에 좋아요","자극없이 순해요","샘플 써봤는데 자극없어서 본품을 구매해 보았습니다. 나쁘지 않은것같아서 이즈앤트리라는 브랜드 자체를 믿고 구매하게 되었어요^^  좋은듯!!!",""
"jyj****","","","","5점만점에 5점","2022.01.12","지성에 좋아요","주름/미백에 좋아요","자극없이 순해요","매장에서 사진보고 반신반의하며 사봤는데, 저녁에는 당분간 이것만 써보려고요. 얼굴에 있는 여드름흔적이 다 지워졌으면 좋겠어요!!! 매장에서 발라보니 겔타입이지만 젤타입같이 잘발려요! 연고바르는 느낌은 아니어서 좋아요!",""
"비둘기기기기","트러블성","가을웜톤","트러블","5점만점에 5점","2022.09.26","복합성에 좋아요","진정에 좋아요","보통이에요","복합성 피부에 좋은것 같아요티존은 유분기있고 유존은 약간 건성인데이런 피부에도 좋고 건성인 피부에도 맞을 것같아요다만 지성 피부는 조금 추천하기가 조심스럽네요해당 겔 크림 유분이 어느정도 있어서여름보다는 건조해지는 날씨인가을~겨울에 쓰기 좋은것 같고실제로 현재 사용중인데 진짜 좋아요대신 기름이 질수도 있으니 아침보다는자기전에 바르는것을 추천드려요이게 흔적크림이라고 하는데 음 흔적이 좋다는거는 잘 모르겠고 부드럽게 발려서 되게 영양크림 처럼 발려서 좋은것 같아요이 제품하고 같은 라인인 흔적패드와 같이 사용해 줬는데요시너지 효과가 있는지는 의문이에요솔직하 같이 안써도 무방합니다흔적 라인 쓰실려면 흔적패드보다는 흔적크림을 차라리 구매해서 사용하시는게 좋을것같아요좀 비싼감이 없지 않아있지만 추천드립니다",""
"WLDO","","","","5점만점에 4점","2022.06.05","복합성에 좋아요","주름/미백에 좋아요","자극없이 순해요","저는 지성 여드름성 피부이고, 예전에 한 번 피부가 뒤집어져서 아직도 여드름 흔적이 많이 남아있는 상태에요. 흔적 케어를 위해 유분감이 과한 크림을 사용하면 다시 여드름이 올라오는 민감성 피부이기도 해요. 이즈앤트리 어니언 뉴페어 겔크림이 양파추출물 덕분에 흔적 완화에 좋다고 해서 구매해 사용해 봤어요.겔크림치고 너무 가벼운 느낌은 아니고, 보습감이 어느정도 있는 느낌이에요. 다만, 바르고 흡수시켜도 끈적임이 꽤 남아있어, 얼굴 전체에 바르기는 조금 적합하지 않은 것 같아요. 국소적으로 여드름 흔적이 고민인 부위에만 사용하고, 얼굴 전체적으로는 일반 수분크림을 사용하시는 걸 추천드립니다.흔적 완화 효과는 솔직히 체감하긴 어려워요. 한 달만에 흔적이 옅어졌다고 할 수는 없고, 붉은 자국 주변의 붉은기가 많이 사라졌다는 점에서 오래 사용하면 더 효과적일 것 같아요.",""
"태양이누나","지성","쿨톤","블랙헤드","5점만점에 5점","2022.05.10","복합성에 좋아요","진정에 좋아요","자극없이 순해요","제이미포유 언니가 추천해줘서 샀었는데 산거 후회 절대 안해요,, 붉은 자국 있는 분들 다들 어서 오시고 이거 사가세요! 여름에 쓰기에 절대 무겁지 않아요 발릴때 쓱쓱 매끈매끈하게 발리면서 수분감이 탁월한데 마무리는 쫀쫀? 이때 쫀쫀은 끈적이는 쫀쫀이 아니라 피부 만졌을때 느껴지는 속수분 느낌입니당!! 이 느낌 너무 좋아서라도 바르고 싶어져요♥️","트러블"
"푸르던","복합성","웜톤","모공","5점만점에 2점","2022.04.24","건성에 좋아요","보습에 좋아요","보통이에요","Q. 사용하면서 개선된 부분이 있으셨나요?A. 아니오. 후기가 좋아서 구매했는데 실망했습니다. 후기에는 다들 이 제품 좋다, 효과가 좋다라는 평들이 많았습니다. 하지만!!! 직접 한달동안 사용해 본 결과 트러블 흔적의 옅어짐을 잘 못 느꼈습니다.제품 크기에 놀라고, 가격에 놀라고, 효과에 놀랐습니다. 우리가 매번 보던 제품 용기가 아니라서 그런지 제품 크기가 작게 느껴졌고, 할인 전 가격은 비싸게 느껴집니다. 지성피부가 사용해 본 결과 효과는 잘 못 느꼈습니다.Q. 어떤 피주타입에 적합한가요? 사용하기에 좋은 피부 타입을 추천해주세요.A. 지성피부는 비추천합니다.지성피부가 사용하기에는 기름졌습니다. 제품을 바른 뒤 시간이 지나면 지날수록 번들거림이 느꼈습니다. 이게 안경이 미끄러져 내려 갈 정도의 기름짐을 느꼈습니다.","블랙헤드"
"짱짱한쿵잔치","복합성","웜톤","","5점만점에 5점","2022.04.21","복합성에 좋아요","진정에 좋아요","자극없이 순해요","이즈앤트리 어니언 뉴페어 겔 크림은 이즈앤트리 어니언 토너와 같이 구매했던 상품이에요!출시 당시 아무 생각 없이 웃으면서 봤던 도믿걸 광고를 보다가 ‘여드름 흉터가 고민인, 칙칙한, 수분부족지성형’을 위한 제품이란 걸 보고 마치 저를 위해 만들어진 제품인 것 같아 홀린 듯 구매했습니다…!결론적으로는 가장 기대했던 여드름 흉터 완화엔 드라마틱한 변화는 없었지만🥲 수분부족형 지성이 사용하기에 적당한 자극 없는 겔 타입의 크림이에요! 저 같은 경우 밤에만 발랐는데 어니언 토너-크림으로는 아무래도 좀 보습감이 부족한 것 같아서 수분/보습 앰플을 중간에 같이 사용해 줬었습니다! 겔 타입이다 보니 보습감이 덜하긴 해서 건성이신 분들은 여름 빼고는 조금 건조하실 것 같아요! 무안양파추출물을 사용했다기에 참신했었는데 여드름 완 화 기능은 좀 아쉽지만 나름 만족하고 사용하고 있습니다❤️",""
"꾸안꾸아니고안꾸","","","","5점만점에 5점","2022.04.15","복합성에 좋아요","진정에 좋아요","자극없이 순해요","남자친구 얼굴에 여드름 흉터가 너무 많아서 세일기간에 냉큼 구매해서 선물 해줬어요!! 정말 효과가 있을까 싶었는데 최근에 남자친구 얼굴이 뭔가 깨끗해지고 있는 걸 느꼈어요. 워낙 흉이 심해서 다이나믹하게 사라졌다 그런건 없는데 트러블흔적이 조금씩 없어지는 것 같아서 선물해준 입장에서 뿌듯하더라구요~~ 흔적책임제 여러분은 바르기만 하세여ㅕㅕ 트러블이 지나간 자리는 어니언니 책임진대요~~~ 미백 기능성, 주름개선 기능성도 같이 있으니까 더 좋은 것 같아요! 세일하면 이제 제가 사야겠어요 ㅋㅋㅋㅋ 여드름피부,붉은피부에게 추천드려요!! 무안 적양파추출물이 71% 들어간 어 니 언 크 림~ 미네랄과 게르마늄이 풍부한 황토에서 자란 무안산 적양파의 진한 영양이 트러블이 남기고 간 자리의 잡티케어에도 도움을 준다내요 ㅎㅎ",""
"완아125","복합성","겨울쿨톤","다크서클","5점만점에 5점","2022.04.14","지성에 좋아요","보습에 좋아요","자극없이 순해요","제가 갑자기 여드름이 한번씩 자잘하게 많이 올라올때가 있어요그때마다 제가 무의식중에 건들여서 색소침착이 되는 상황이 발생하더라고요....😅😅이 제품이 흉터나 색소침착 제거에 효과가 있다고 그래서 구매를 해봤습니다👉🏻 발림성? 묽기? 부드럽게 잘 발리며 가벼운 크림 타입이에요!! 👉🏻 효과? 저는 꾸준히 안쓰고 생각 날 때마다 쓰는 편이라 효과가 솔직히 없을 줄 알았는데 확실히 사용하긴 하니까 흉터나 색소침착이 더 심해지지 않고 미약하게 옅어지는게 느껴져요!!👉🏻 추천하는 꿀조합? 저는 아ㅇ프ㄹ의 배 패드와 함께 써봤는데요ㅎㅎ 자기 전 배 패드를 얼굴에 팩을 하듯이 여러장 올려주고 10 ~ 15분 정도 기다린 다음 이 제품을 얇게 바르고 잤는데 좁쌀과 자잘한 여드름이 많이 진정되는 동시에 색소침착도 옅어진걸 볼.수 있었습니다!! 거기다 화장도 잘 먹어서 급하신 분들께 이 조합 추천해드려용","잡티"
"집중모드","복합성","쿨톤","각질","5점만점에 4점","2022.04.06","복합성에 좋아요","진정에 좋아요","보통이에요","요즘 트러블이 많이 나서 여러 스킨케어 알아보던 중에 강유미님이랑 콜라보해서 흔적케어제품으로 나왔길래 구매했어요!#보습감겔크림이기 때문에 보습감은 대단히 탄탄한 편은 아닙니다!건성에게는 어쩌면 부족할 보습력이지만 복합성인 제가 썼던 겔,젤 크림중에서 제일 촉촉하고 그 촉촉함의 지속력이 오래가는 것 같아요👍🏻👍🏻#발림성이름에서 알 수 있듯이 겔크림이기 때문에아주 부드럽고 시원하고 촉촉하고 가볍게 발려요!너무 기분좋게 발리기 때문에 아주 만족스러워요!!그리고 겔크림 중에 보습감이 날라가거나 너무 얇게만 발리는 크림들이 있는데이 크림은 도톰하게도 발리고 날라가지 않아서 좋습니다!!#향향은 이 라인의 특유의 향이 있는 데 강하지 않아요!저에겐 좋았고 호불호 갈릴만한 향은 아닌 것 같아요!향긋합니다#흔적케어글쎄 사실 여드름 흔적완화를 기대하면서 사용하긴 하지만 이게 시간이 흘러서 없어지는 건지 화장품의 효과인건지.. ㅋㅋ 알아내기는 힘들 것 같아요다만 없어지길 바라며 사용하는 거죠!!효과가 없더래도 겔크림으로써 사용감, 보습력 다 만족스러워서 좋아용!!","모공"
"zizizeze","","","","5점만점에 5점","2022.04.05","복합성에 좋아요","진정에 좋아요","자극없이 순해요","순한 수분크림,겔 제형의 크림을 찾는 분들에게 정말 추천해요!처음에 이 크림에 관심을 갖게된 계기는 올리브영 매장에서 흔적케어효과 전 후 사진의 광고?를 보게 되었는데 혹!해서 ㅋㅋㅋ 구매하게되었어요! 매장에서 테스터해봤는데 제형도 겔,수분크림인데도 쫀쫀해서 제가 평소에 좋아하는 제형이였어요! 마침 크림유목민이라서 무엇을 쓸지 고민하던중에 이거다! 싶어서 구매하게되었어요!한통 다 비워서 사용한결과는 주변사람들에게도 추천하고 싶은 크림이에요!우선 쫀쫀한 제형의 겔크림이고, 피부에 발랐을때 발림성이 정말좋았어요! 그리고 흡수가 빨라서 메이크업전에 사용해도 밀리지가 않아서 좋았습니다! 피부 잡티가 드라마틱하게 사라지거나 하지는 않았지만 피부톤이랑 결이 많이 개선되어서 재구매의사 있습니다!",""
"o8o","","","","5점만점에 4점","2022.03.14","복합성에 좋아요","진정에 좋아요","자극이 느껴져요","할인할 때 어니언 뉴페어 토너랑 같이 사서 써봤는데 제 피부 기준으로는 자극이 있었습니다ㅠ 다행히도 제 동생은 민감성 트러블 아토피 피부인데 잘 맞고 효과를 보이고 있어서 잘 쓰고 있습니다! 붉은기가 좀 가라앉고 흉터도 살짝 옅어진 것 같대요. 일리윤 아토 로션이 이 크림의 부족한 보습력을 채워줘서 같이 바르면 좋다고 했습니다~! 저는 민감성 트러블 수부지 피부인데 요즘 트러블이 좀 줄어서 흉터나 흔적 케어를 해보려고 샀거든요. 효과를 보고 싶어서 적응시킨 이후 매일 저녁에 발라줬는데 피부가 연약해졌는지 입술 부분부터 빨갛고 따갑게 일어나더니 피부 전체적으로 퍼져서 사용을 중단했습니다. 이 제품을 안 바른 날부터 바로 가라앉은 걸 보면 이 제품 때문에 일어난 게 맞는 것 같고 미백 성분에 자극이 있었던 것 같아요ㅠㅠ",""
"ㅅi골핢미","건성","여름쿨톤","민감성","5점만점에 3점","2022.03.12","건성에 좋아요","진정에 좋아요","자극없이 순해요","🧐 피부과에서 여드름 레이저 치료를 받기 전에 집에서 홈케어 하려구 사게 되었어요 여드름 치료를 받고 난 후에 피부 재생 기능이 있는 크림을 발라주면 좋다고 해서 일석이조~ ❤️ 케이스와 똑같은 보라색 크림인데 바르고나서 얼굴에서 미끌거리거나 끈적거리지 않아요! 바르고 난 직후에 건조한 감이 없지않아 있어서 저는 아침에 바릅니당 이거 바르고 나서 선크림 바르면 미끌거리지 않아서 그른가 선크림이 잘 펴발라지더라구요 잘쓰구 있습니다 또한 자극이 없어서 제품 사용 후 트러블 유발도 없었기 때문에 이 점에서 별점 2.5개는 먹고 들어가는듯한~💔😡 별다른 기능이 없어요... ㅎㅎ 꾸준히 발라주고 있었지만 제 여드름 흉터가 없어지는 이유는 피부과 치료라규 생각하게 되었어욥 왜냐하면 홈케어 했을 땐 흉터가 옅어지거나 하는 게 하나도 없었거든요",""
"나는야하늘","","","","5점만점에 4점","2022.03.04","복합성에 좋아요","진정에 좋아요","보통이에요","스킨케어 중에서 아직 특별하게 정착한 아이는 없습니다그나마 토너는 노멀노모어 스킨 쓰고 있구요앰플이나 에센스 로션은 딱히 정착한게 없어서 올리브영 베스트 상품에 올라오는건다 써볼려고 해서 베스트 상품 할인 할때 마다 다 써볼려고 하는데 딱히 좋아서 정착 한건 없습니다그렇게 이즈앤트리 도 베스트 상품에서 접하게 되어서 구매를 했습니다제가 딱 정착한 상품은 없지만 상품을 구매 할때 나름 저만의 절칙이 있다는 저는 여드름 피부 진정에 좋은 성품이들어가면서 화해에서 후기가 좋은 상품을 구매 해는 철직이 있습니다 그래서 이즈앤트리도 구매를 하게 되었고근데 막상 받아 보니깐 생각했던것 보다 좀 작아서 조금은 실망지만 이걸 쓴다고 해서 여드름 착색이 눈에 보이게  좋아 지진 않았지만 이걸 쓰고 트러블이 더 나거나 그러지는 않앗습니다",""
"따따비","복합성","여름쿨톤","모공","5점만점에 5점","2022.03.02","복합성에 좋아요","진정에 좋아요","자극없이 순해요","뉴페어 겔크림은 1.쿨링감이 있어 무거운느낌이 들지않고2흡수가 빨라서 끈적한 느낌이 없고3.튜브타입이라 바르기 편해서 손이 잘 갑니다 향에 민감하신분들도 무리없이 쓰실수있을거같은데요복합성이라 이 크림만 단독으로 발라도 보습감이 떨어진다는 느낌은 못받았고, 리뷰 중에 보습력 떨어진다는 리뷰가 있어서 뉴페어 겔크림 위에 다른 수분크림을 발라보았는데 겔크림이 워낙 흡수가 빨리 되서 뭉침이나 밀림없이 발렸어요 착색된 여드름흉터도 완화될까 해서 구매했는데 워낙 짙게 착색되었고 😭 생긴지 오래되서 그런지 착색된흉터에는 한계가 있네요 다만 붉은기와 홍조엔 효과가 꽤 있어요🌟특히 피부열감으로 인한 홍조 갖고계신분들 뉴페어 겔크림은 냉장고에 넣지않아도 쿨링감이 있어서 즉각적인 효과 보실 수 있으실거에요. 사용해보시면 좋을 것 같습니다","민감성"
"2땅콩2","","","","5점만점에 5점","2022.02.22","복합성에 좋아요","진정에 좋아요","보통이에요","피부에 붉은 여드름자국이 많아서 사게 되었어요. 디렉터파이님 영상보고 믿음이 가서 샀는데 결론적으로 효과는 좋았어요. 붉은 자국에도 효과가 좋았지만 무엇보다도 유수분 밸런스가 깨져서 난 면포성 여드름에 효과가 좋았어요. 유분에 비해 수분이 부족해서 면포성 여드름이 났었는데 이 크림 사용하니 점차 진정되는게 느껴졌어요. 만족해서 잘 사용하고 있었는데 아무래도 제 피부가 건성이다 보니 겨울철에 단독으로 사용하기에는 건조한것 같아요. 이 크림을 바르고 보습력있는 제품을 덧발라주는 것을 추천드립니다. 성분도 나쁘지 않구요. 붉은 자국 개선도 잘 되는 것 같아요. 왼쪽볼 부분에 자국이 심했었는데 지금은 많이 괜찮아졌어요. 봄에서 여름철에는 이거 하나만 바르고 수분크림을 위에 덧발라주면 될것 같아요. 유수분 밸런스 깨진 피부나 진정이 필요한 피부에 강추하는 크림입니다.",""
"빵떵어리","복합성","쿨톤","각질","5점만점에 4점","2022.02.14","복합성에 좋아요","진정에 좋아요","보통이에요","피부에 붉은 흔적이 요즘 오래 남아있어서 하나의 고민거리가 더 추가된 상태였습니다 ㅠㅡㅠ 턱에 여드름들이 막 올라와서 아프고 따가웠을 때는 약간 자극이 될까봐 일부러 진정크림을 사용했다가 요즘 거의 가라앉은 상태여서 사용하는 중이에요! 2주 동안 열심히 사용해봐야 효과가 어떤지 느껴지겠지만 지금 당장 약 4일째 사용하는 중 인데도 붉은 자국이 희미하게 옅어지고 있다는 게 보여요~ 다만, 아직 덜 회복되었던 여드름은 급속도로 다시 올라오는 기분이 들었습니다? 가격에 비해 크기가 많이 작아서 처음엔 세일하기를 기다렸는데 얼른 사용해보고 싶어서 온탑쿠폰으로 구매해봤어요! 크림만 단독사용해봐서 나머지 토너,클렌징폼?도 나중에 꼭 세트로 사용해보고 싶습니다 ㅎㅎ 효과를 보려면 세트로 사용해보는 게 더 효과 좋지 않을까 싶어요","모공"
"카라멜토피넛","","","","5점만점에 5점","2022.02.06","복합성에 좋아요","주름/미백에 좋아요","자극없이 순해요","이즈앤트리 어니언 뉴페어 겔크림은 이번에 처음 구매해보았는데요 처음에는 후기도 많지 않고 나온지 얼마안된 제품이라서 어떨지 걱정하면서도 흔적케어에 효과가 있을거란 기대로 구입하게되었습니다. 그전까지 이즈앤트리 제품은 사용해본적도 없어서 궁금했는데 일단 흔적 케어를 위주로하는 크림임에도 자극이 없고 순해서 마음에 들었고 보라빛의 투명한겔이라서 부담없이 발라지는 느낌이 좋았습니다. 하지만 개인적으로 이 제품을 바르고 화장을 하면 안발랐을때보다 화장이 뜨는거같아서 화장전에는 많이 안바르고 있습니다.흔적 케어 효과는 아직 오래 사용하지 않아서 정확히는 모르겠지만 약간 효과가 있는거 같아서 꾸준히 사용해볼예정입니다. 이 제품 사용하고 이즈앤트리 제품이 순하다는 생각이 들어서 다른것도 구입해볼까합니다.",""
"오늘의올리브영","","","","5점만점에 5점","2022.02.03","복합성에 좋아요","진정에 좋아요","자극없이 순해요","꾸준히 사용하고 있습니다.여드름을 없애는 상품이 아니라 그 자국을 없애는데 도움이 된다고해서 구매했습니다.여드름이 지나가고 흉터처럼 보기 싫은 자국이 있어 꾸준히 발라보고 있습니다.붉은기? 같은게 조금 줄어든거 같습니다꾸준히 쓰면 효과가 나올것같아 믿고 한통 다 써보려구요대용량으로도 좀 나왔으면 좋겠습니다ㅜㅜ!!끈적임이 없어 복합성이신분들도 쓰기 좋을듯해여",""
"manggaecloud","","","","5점만점에 5점","2022.02.03","복합성에 좋아요","진정에 좋아요","자극없이 순해요","후기가 너무 좋아서 사용해보았어요. 보습력이 오래가진 않지만 촉촉하고 막 펴바르기에 좋아요. 용량대비 비싼편이라 세일할때만 구매해서 쟁여두려구요. 사용한지 일주일정도 되었는데 드라마틱한 효과는 아직 모르겠어요 더 꾸준히 써보려구요",""
"빤쮸토끼이","건성","","","5점만점에 5점","2022.02.02","건성에 좋아요","진정에 좋아요","자극없이 순해요","진짜 최근에 여행갔다오고 피부가 완전 뒤집어지고 마스크 때문인지 피부에 뾰루지랑 뭐가 막 나사 스트레스를 많이 받고 있었는데 어쩌다 궁금해서 이 크림을 접하게 되었고 생얼자신감? 이라는 문구랑 설명들 보고 궁금해져서 한 번 속눈셈 치고 구매해보자 하고 구매했는데 진짜 이거 사용한 다음날부터 피부결이 뭔가 매끈해져보이고 좀 피부가 부들부들해보이고 피부가 좀 진정되고 깔끔해지는 느낌을 받았어요 정말 요즘 만족하면서 꼭 빼먹지 않고 바르고 있는 크림입니다저는 악건성이라 이 크림 하나만으로는 좀 부족해서 이 크림을 바르고 다른 보습력 좋은 크림을 발라주고 있는데 건조하지않고 피부진정에도 좋고 요즘 아주 만족하면서 사용하고 있습니다너무 만족스러워서 계속 효과가 눈에 보이면 다 사용하고 재구매할 것 같아용",""
"골드올영","","","","5점만점에 3점","2022.02.02","지성에 좋아요","주름/미백에 좋아요","자극이 느껴져요","저한테는 입주위 트러블을 유발해서 잘 맞지 않았던 상품입니다. 그런데 사용감은 나쁘지 않고 다른분들은 괜찮은듯 해서 동생 선물해주려고 세일 끝나기전에 재구매했어요. 여드름 흉터 많으신분들은 효과 볼것같아요 그래서 남동생이 얼굴에 여드름자국이 많아서 좀 옅어지라고 선물 투척해줌요. 지금 계절엔 건조한감이 있어요. 아니면 토너나 세럼 아주 촉촉하게 발라주고 마무리로 이 크림 발라주면 괜찮을듯 싶네요. 색은 제품 튜브용기처럼 연보라색이에요. 색상 신기ㅋㅋ 노스카나겔 최근에 약국에서 비싸게 샀었는데 연고 대신 이 크림 바르는게 더 나을듯합니다. 사용감 겔크림이라 독특해요. 유분기 거의없어서 산뜻해요. 하지만 그래서 건조함이 느껴진다는거에요. 레이저자국이 안없어져서 없어지라고 구매해서 사용하지만 가끔 씁니다. 자극이 느껴져요ㅜㅜ 케바케이니 참고만하세요.",""
"골드올영","","","","5점만점에 2점","2022.02.02","지성에 좋아요","주름/미백에 좋아요","자극이 느껴져요","유튜브에 홍보광고도 하고 올영어플에도 뜨고.. 할인률이 높길래 구매해봤네요. 흔적크림이라고 해서 미백에 도움이될까하고 구매했어요. 일단 처음 사용했을때는 화한 느낌이 들어서 뒤집어질까봐 고민했는데 다행히 그러진 않았지만 자극이 조금 있어요. 유분기는 거의 없는것같아서 지성분들 쓰면 좋겠지만 수부지 타입인 저에겐 살짝 볼쪽 건조함을 느꼈어요. 크림 살짝 덧발라줘야하더라구요. 그래도 사용감이 나쁘진않아서 몇일 썼는데 미백은 오래 안써서 모르겠지만 이거 사용할때마다 세안하고 나면 입주변에 알러지나 빨갛게 자극이 올라오더라구요. 트러블이 올라와요. 이상해요 다른데는 안그러는데 왜 입술 주위에.. 그래서 이건 입주변 피해서 사용해야할듯싶네요ㅠ 이것때문에 손이 잘 안가게되더라구요.. 세일때 쟁이려고 재고있는 매장까지 이동해서 또 샀었는데 반품했어요... 개인차있을거에요. 저는 잘 안맞았어요ㅠ",""
"김연둥","복합성","웜톤","모공","5점만점에 3점","2022.01.31","복합성에 좋아요","보습에 좋아요","자극없이 순해요","향은 없어요. 연고제형이긴 하지만 전 연고보다는 좀 더 묽은것같다고 느꼈어요. 손등에 테스트 했는데 수분감이 엄청나고 광이 살짝 돌더라고여. 그래서 샀어요. 트러블 자국이 안없어지는게 고민이라ㅠ  일단은 스팟에 조금 짜서 발라보진 않았어요. 나이아신 성분이 있어서 전체사용하면 좋대서 쪼금짜서 얼굴전체에 펴발랐어요. 바를땐 촉촉해서 좋았는데 흡수되진 않는 촉촉함이예요. 그냥 솔직히 말하면 막을 씌운 느낌? 촉촉한데 끈적임도 심했어요. 머리카락 엄청 달라붙고 ㅋㅋ..  지금 며칠째 아침저녁으로 사용했는데 저녁엔 얇게 두번발랐어요. 크게 어 밝아졌다, 자국이 옅어졌다 이런건 아직없어요.  이거 바르기전에 수분크림을 얇게 발라볼까 했는데 그러기엔 너무 무거워질것같아요..  저한테는 좀 애매한 크림입니다.. 유분기가 적은점은 좋았습니다.","잡티"
"햄찌마요","트러블성","가을웜톤","다크서클","5점만점에 4점","2022.01.26","복합성에 좋아요","진정에 좋아요","자극없이 순해요","이 제품 출시 전부터 정말 궁금했습니다... 제가 예민하고 트러블 피부긴 하지만 트러블 흉터도 너무너무 심해서 흔적 케어할 수 있는 크림을 찾고 있었거든요... 더모 제품 재생 크림도 꾸준하게 쓰면 흔적 케어가 되긴 하는데 먼가 데일리로 쓰기에는,,, 너무 꾸덕한 제품들도 많고 무거운 제품들도 많고,,, 근데 약간 이 제품은 가벼우면서 데일리로 흔적 케어하기 좋은 느낌인 거예요! 제가 피부에 크림 이것저것 레이어링하는걸 좋아하는데 너무 무거울 것 같지도 않고 해서... 구매해 봤는데 생각보다 보습감이 있는 느낌이었어요! 저는 젤크림이라고 해서 약간 시원한 수딩크림 느낌? 이라고 생각했는데 젤크림이긴 한데 보습력도 있고 어느정도 마무리감이 쫀쫀한 느낌? 그래서 지성분들은 이거 하나만 발라도 될 것 같은 느낌...? 꾸준히 쓰진 않아서 아직 흔적 케어 효과는 못 봤찌만 기대하고 잇숩니당 ㅎ.ㅎ 제발 효과가 좋기를!","잡티"
"러브러브러브","","","","5점만점에 5점","2022.01.21","복합성에 좋아요","진정에 좋아요","자극없이 순해요","오늘 오늘 오늘 오자마자 써 봤음 근데 이렇게 작을 줄은 ,,,,,,, 진짜 ㅋㅋ 엄청 작음 근데 피부에 바로 흡수 되고 순한 거 같음 따갑지도 않고 ~~ 효과는 오래 써 봐야 알겠지만 좋길 바라면서 매일 바를 듯 요즘 피부 뒤집어져서 피부에 좋다는 건 다 샀는데 ㅜㅜ 제발 효과가 있기를 빌면서 사용할 것임 ,,, ~~ 아 그리고 제형은 구냥 딱 크림임 꾸덕??하지도 않고 그렇다고 또 묽지도 않고 진짜 그냥 딱 크림,, ㅋㅋㅋㅋ 제형은 너무너무 좋은 거 같음 !!!!!!!! 이렇게 작을 줄 알았으면 두개 살 걸 금방 쓸 거 같은데 ㅜ ㅜ 뭐 효과만 나온다면 계속 살 의향이 있음 !!! 사려고 하는 사람들은 실 사용 한달 후기 많이 많이 보고 사길 바람,, 후기 보고 사기는 했는데 피부에 안 맞을까 걱정 , 나는 속 건성 겉 지성 여드름 잘 나는 피부임 ,",""
"뚠빵이ddbangs","지성","웜톤","모공","5점만점에 5점","2022.01.17","복합성에 좋아요","진정에 좋아요","자극없이 순해요","🛒겨울이 되면서 수부지인 제 피부가 유수분 밸런스가 안맞기 시작하고 그것 때문에 피부에 뾰루지나 트러블이 많이 생기기 시작했어요😥 엄청 붉은 트러블이 볼이나 턱 이마에 생기면서 짜고 트러블 패치를 붙여놔도 그 흔적이 사라지지 않더라구요ㅠㅠ 그래서 처음에 재생크림을 발라볼까 생각했는데, 재생크림은 지성이 쓰기에는 유분감이 너무 많아서 피부에 바르면 너무 기름지더라구요! 그런데 이번에 이즈앤트리에서 흔적크림이 나와서 한번 구매해봤어요👍🧅제형🧅일단 제형은 일반 젤크림이랑 비슷한 제형이에요! 연보라색의 젤타입이에요!  재생크림보다는 묽지만 젤크림보다는 되직한 느낌이에요! 젤크림보다는 흡수력이 좋은편은 아니에요! 약간 연고같은 느낌? 그래도 시간이 지나면 흡수가 되니까 크게 신경쓰지 않아도 될 것같아요! 🧅자극🧅저는 피부가 예민한 편이 아니라서 그런지 자극을 느끼지 못했어요! 트러블이 있는 부분에 발랐을 때도 따갑거나 그런 느낌이 전혀 안나서 자극은 적은것 같아요! 사실 어니언 크림이라 혹시 향이 안좋지 않을까 생각했는데 향기는 거의 무향이에요! 눈시림이나 이런것도 없었어요🧅마무리감🧅발르고 흡수가 끝날 때 쯤이면 피부가 되게 탱글탱글한 느낌이 들었고 유분감이 아주 약간 있는데 수부지가 쓰기에는 적당한 수분감과 유분감이었어요! 건성이신 분들은 약간 라이트 할 수도 있어서 조금더 보습감 있는 크림이랑 같이 사용하는 것도 좋을 것같아요!🧅흔적개선🧅저는 이제까지 썼던 흔적개선 크림중에 가장 효과가 좋았어요! 피부에 있던 트러블 붉은 흔적과 약간 갈색으로 변한 트러블 흔적까지 연해지는게 보였어요! 정말 꾸준히 바르면 피부가 맑아질 것같은 느낌이 들어요!","블랙헤드"
"땅콩년","지성","웜톤","모공","5점만점에 4점","2022.01.09","건성에 좋아요","보습에 좋아요","자극없이 순해요","유튜브 시청하다 우연하게 강유미님이 적색양파교 광고하시는거 보고 바로 주문했답니다 ㅎㅎ양파라구 하길래 뭔가 역한 냄새가 날까 살짝 걱정했는데 그런거 전혀 없구요, 나름 가볍게 발리며 촉촉 그 자체더라구요마지막 단계에 발라주고, 광고한 것 처럼 피부가 더 안좋은 부분엔 스팟식으로 좀 더 발라주고 합니다건성분들은 정말 좋아하실거 같은데전 원체 지성인지라ㅜㅠ 그래도 피부 색소침착을 없애보기 위해 그냥 바르는 중입니다지성이더라도, 비교적 적은 내용을 넓게 펴발라주고 톡톡톡- 흡수 잘 시켜주면 괜찮더라구요~흡수력이 나쁘지 않은 편이라 번들거림 현상도 그닥 없었어요! 바르고 나면 뭔가 막은 있는데 밀리는 두꺼운 막 같은건 아니구요 산뜻하게 보습형으로 있는거라 나쁘지 않았어요! 일단은 꾸준하게 써보고 광고 한 것 처럼 피부 트러블 색소침착이나 기미 주근깨 등이 옅어지는지 두고 보려구요ㅎㅎ 효과 있으면 좋겠습니다","블랙헤드"
"빈쨩피부","","","","5점만점에 5점","2022.01.07","지성에 좋아요","진정에 좋아요","자극없이 순해요","피부타입: 여드름 민감성 지성 피부제형:수분크림 제형으로 아침에 발라도 밀리지 않았어요.메이크업 전에 바르기도 좋아서 요즘에 아침에도 사용 중효과: 피부과를 꾸준히 다닐정도로 피부 상태가 안 좋은 편인데특히 관리 받고 나면 색소 + 홍조가 더 심해져서 재생성분 위주로 화장품을 찾아요. 겔크림은 주요 성분이 양파인에 다행히도 자극적이지 않았고 아주 잘 맞았습니다. 이미 제품 출시 하고서 한통을 다 비운 상태라 올리브영에서 세일한다길래 더 쟁여놓으려고 두 개 미리 구매해놨어요. 저녁에 두 번정도 레이어링해서 바르고 전, 후 차이는 전 확실히 좋아서 앞으로도 계속 사용할 예정입니다.단, 2주만에 효과를 얻기란 좀 어려운 것 같고 한 달정도 꾸준히 사용해야 그 효과가 나타나요! 건성피부이신 분들은 좀 속당김이 있을 수 있어서 수분크림으로 마무리 해야할 듯 싶네요.향도 무향이고 양파냄새 하나도 안 나서 냄새에 민감한 저도 이 제품은 잘 사용하고 있습니다. 오랜만에 인생크림 만났어요! 친구들한테도 전파중 ㅋㅋ",""
"올영수집가","","","","5점만점에 5점","2022.01.03","복합성에 좋아요","진정에 좋아요","보통이에요","이즈앤트리 흔적크림 진짜 작년에 유투버 유명템 되었을때부터 너무너무 써보고 싶었었던 크림이에용 ㅠㅠ 이름이 양파크림이어서 제품 받자마자 혹시 양파냄새 나는지 계속 냄새 맡아봣ㅇㅓ여.,.ㅠㅎㅎ 다행히도 아무 냄새 안나고 화장품의 기분좋은 향만 나더라고요..! 이 크림은 가장 큰 기능이 잡티흔적이랑 피부 진정하고 수분을 공급해주는 역할 인 것 같아용! 아직 1일차라서 좀 더 써봐야 알 것 같지만 이름이 2주 흔적인 만큼 효능도 입증되었다고 하니 기대되용 ! 용기는 튜브용기라서 50미리 들어있엇고용 발림성은 되게 시원한 여름 수분크림? 같다고나 할까.. 생각보다 기능성이라서 끈적거리지 않을 까 걱정했었는데 그렇진 않은 것 같아용  성분은 주요성분이 무안 적양파추출물이 71프로로 되게 많은 편이에용!",""
"댕청망청","","","","5점만점에 5점","2022.01.03","복합성에 좋아요","진정에 좋아요","자극없이 순해요","요즘 마스크 때문인지 피부에 트러블이 너무 올라왔는데마침 세일하길래 한번 구매해봤어요!금요일에 사서 지금 사실 3일정도 지났는데진짜 거짓말 안하고 너무 좋아서 후기남겨요3일됬는데 트러블이 가라앉고있어요,,, 정말이에요,,,(우연일수도 있음)뭔가 오일리함이 없는데 촉촉함 가득한 그런 젤 제형인데촉촉하지만 번들거리지 않아서 딱 수부지가 사용하기에 좋을 것 같아요!",""
"jjy****","","","","5점만점에 4점","2025.09.15","건성에 좋아요","주름/미백에 좋아요","자극없이 순해요","한 겹 막이 씌이는 것처럼 코팅돼요 겔크림이라서 그런거 같아요 흔적케어은 잘 모르겟어요",""
"suan****","","","","5점만점에 5점","2025.09.13","지성에 좋아요","진정에 좋아요","보통이에요","이 제품 좋다는 얘기는 많이 들었다가 이번에 구매했는데 진짜 좋아요 재구매의향 100퍼",""
"jejujdh****","","","","5점만점에 5점","2025.09.03","지성에 좋아요","보습에 좋아요","자극없이 순해요","좋아요!!! 여드름 흔적에 좋다고 해서 샀는데 순하고 자극 없어서 좋아요",""
"pdjd****","","","","5점만점에 5점","2025.09.01","지성에 좋아요","진정에 좋아요","자극없이 순해요","성분이 너무 순해서 자극도 없고 남자친구가 극 지성인데 유분기가 많이 안 올라와서 좋다고 하네요",""
"냠남","","","","5점만점에 5점","2025.08.31","복합성에 좋아요","진정에 좋아요","보통이에요","진정도 잘 되는 것 같고 수분감도 너무 좋습니더!!ㅠㅠㅠㅠ",""
"지르징","","","","5점만점에 5점","2025.08.03","지성에 좋아요","보습에 좋아요","자극없이 순해요","몇통 쟁여두고 썻던 크림 트러블 흔적도 꾸준히 쓰다보니까 많이 옅어지고 좋아졌어용",""
"꾸잉쀼잉","지성","각질","다크서클","5점만점에 5점","2024.11.03","지성에 좋아요","주름/미백에 좋아요","자극없이 순해요","처음엔 딱히 효과가 없어서 그냥 딱히 단점도 없고 돈 아까우니 계속 쓰자 이러면서 썼는데 어느날 아빠가 보더니 여드름 자국이 많이 옅어졌다 하더라구요? 저는 계속 보니까 잘 몰랐는데 오랜만에 번 아빠 눈에는 그게 보였나봐요. 왼쪽 볼 외곽에 자국이 크게 있어서 스트레스 였는데 집 가서 확인해 보니 확실히 옅어진 것 같더라구요. 그리고 생각해 보니 이거 쓰고 나서 피부도 보들보들해진 느낌을 받은 것 같아서 너무 좋았어요. 다 쓰면 재구매 의사 있어요",""
"쿵쿵쿵보니","복합성","쿨톤","모공","5점만점에 5점","2022.05.13","복합성에 좋아요","진정에 좋아요","자극없이 순해요","트러블자국없앤다는데 옅어진거같지만 아직완벽하진않아서 더써봐야알듯 약국에서 파는 연고보다 가격대비 용량도많고 효능도 더 좋아요 거의 무색무취고 촉촉하게 발려요  안끈적 기초마지막에 마무리하는데 빨리없어졌으면졸겠어요 자국들","민감성"
"쑤방","복합성","웜톤","각질","5점만점에 5점","2022.04.25","지성에 좋아요","주름/미백에 좋아요","자극없이 순해요","정말 정말 순한제품이에요!화장품 바꿀때마다 피부가 뒤집어지거나 좁쌀이 올라오는데 이제품 사용했을딴 오히려 피부 트러블이나 붉은가가 가라앉았어요!!!개다가 피부가 맑아집니다ㅠㅠ!!하루만 사용했을때도 느껴져서 꾸준하게 사용해요여름엔 이 크림 하나로도 충분한데 가을, 겨울엔 건조해서 얇게 보습크림 덧 발라줬어요","모공"
"알콩달콩님","","","","5점만점에 4점","2022.04.06","복합성에 좋아요","진정에 좋아요","자극없이 순해요","여드름피부에 흉터 색소침착 다 가진 피부인데요 이지앤트리 어니언 크림이 색소침착에 좋다고해서 구입햇서요 구입한지 1개월 넘게 사용햇는데요 생각보다 효과가 좋아요 여드름 지나간 자리가 옅어지고 잇는게 눈에 보이고 사용뒤 피부톤개선도 되는 것 같아요 여드름피부도 사용할 수 잇어서 순하고여 또 사용할 예정입니다",""
"냐냥냐옹","민감성","겨울쿨톤","모공","5점만점에 4점","2022.03.21","건성에 좋아요","보습에 좋아요","보통이에요","🌀바른지 한::3주 정도 되가는거 같아요!! 후기 보니까 흉터랑 이것저것에 좋다고 그러더라고여 저희 지역 매장에서도 품절 된적이 있어 온라인으로 구매해봤고.!! 그 후로 일단..지금까지도  계속 사용중입니다^.^♥️제일 중요한 흉터!, 자극 ,트러블저는 일단 바르고 하루 이틀정도? 뒤에 피부에 뭐가 하나씩 계속 나더라고요ㅠㅠ  이것때문인지는 모르겠지만..혹시 몰라 그냥 쭉 발라봤는데 그 후로 뭐 안나요! 하지만 흉터가 연해지는진 모르겠고 최근 생긴것도 아무변화 없는거 같아요! 일단 더 발라볼게요! 하지만 피부는 좋아지는거 같아요🌀제형꾸덕 하지도 않고 그렇다고 묽지도 않은 딱 좋은 제형인가 같아요!.🌀흡수력겉에 맴도는 기분은 없었습니다!🌀보습력..?수분감저는 보통 기초 다 하고 나중에 발라줬는데 촉촉해서 좋았어요.!!","블랙헤드"
"핸눼","","","","5점만점에 5점","2022.02.15","복합성에 좋아요","진정에 좋아요","자극없이 순해요","흔적 제거된다고 하면 혹하지않니 .. 나 혹해서 샀잖아 ~매일매일 꾸준히 쓰고있는데 흉터가 옅어지는거같기도하고 ... 기분탓인거같기도하고 .. 그래도 보습도 잘 되는거같고 좋더라고 난 복합성이라 복합성에 좋다고 표시햇어 건성한테는 이거하나만으론 부족하지않을까 싶다나한테는 사용감도 부드럽고 촉촉하고 바르고나면 착 밀착되는거같은게 좋았어 근데 이거  혹시라도 메이크업 전에 쓰면.. 밀린다 자기전이나 메이크업전이라면 부분적으로 살짝씩만 쓰는걸 추천해 ㅋㅋ 나는 마법의 날만 오면 턱주변에 뾰루지 크게 하나씩 올라오고 .. 흉터도 남고 .. 그게 없어질랑 하면 또 올라오고~  또 없어질랑하면 마법의날이오고 ~ .. 후 악순환의반복이라서 턱에 흉이 없어질 일이 없엇다... 피부과 계속다니면 효과는 좋겟지만 그만큼 비용도 시간도 많이들고 힘들어서 .. 집에서 이 가격에 노력해보려고하는거.. 근데 효과 조금 잇는거같기도해 매일 보는얼굴이라그런지 잘모르겟지만말이야",""
"Oliveme","복합성","쿨톤","블랙헤드","5점만점에 5점","2022.01.20","복합성에 좋아요","진정에 좋아요","자극없이 순해요","와 진짜... 저 이거 쓰고 완전 좋아졌어요전 요즘 마스크 때문에 턱이나 볼 옆과 구렛나루 쪽에 트러블이 번져버려서 고생한 사람입니다ㅠㅠ근데 이거 쓰고 주변에서 피부좋아졌다고도 많이 듣고ㅠㅠㅠ이걸로 성공했습니당아직 아예 사라지진 않았지만 이제 다 사라질 것같아요!수분감이 있지만 산뜻하고 가벼운 제형때문에 얼굴 전체에 바르기도 부담스럽지않고 흡수도 잘되서 효과가 확실합니당ㅎㅎ크림 색도 옅은 보라색인게 뭔가 예쁘기도하고..처음엔 이게 맞나? 싶었는데 4분의 1정도 쓴 지금... 확실히 효과가 보이고 있습니다..!!사람마다 차이는 있겠지만 저는 4일째부터 좋아지기 시작했고 10일차인 지금 트러블 격파중입니당크림을 바르는 것 말고도 생활 속에서 간간히 노력해서 이 크림이 플러스가 된 것같아요!","트러블"
"천재고앵이","건성","쿨톤","모공","5점만점에 5점","2022.01.19","건성에 좋아요","진정에 좋아요","자극없이 순해요","평소 큰 여드름 흉터는 없는데 자잘한 색소참착들 때문에 맨얼굴이 깨끗해 보이지 않아서 고민이었습니다. 근데 어니언크림이라는 이름부터 뭔가 흉터에 좋을 것 같아서 구매하게 되었습니다. 시중에 나와있는 흉터연고도 많이 써봤는데 그런 흉터 연고들은 여드름이 다 낫지 않은 상태에서 바르면 오히려 더 여드름이 생긴다고 하더라구요. 그래서 그런지 트러블이 더 올라오는 느낌이어서 중단했고, 기초 이후에 또 연고를 발라줘야한다는 귀찮음이 컸습니다. 근데 이 제품은 그냥 크림단계에 바르는 기초라서 훨씬 편리했고 효과도 괜찮았어요. 크게 눈에띄는 색소침착은 빨리 없어지진 않았지만 피부톤이 점점 균일해지더라구요. 그리고 제 피부에는 트러블을 유발하지 않아서 좋았습니다. 보습력이 엄청 강하진 않지만 세럼이랑 같이 쓰니까 딱 좋더라구요","트러블"
"write****","","","","5점만점에 5점","2025.08.21","지성에 좋아요","보습에 좋아요","자극없이 순해요","바르면 피부 맨들맨들해지고 쫀쫀해지는 느낌이 납니다자극도 없어요가볍게 바르기 좋습니다",""
"슈쓔쓔","건성","봄웜톤","트러블","5점만점에 5점","2022.06.07","건성에 좋아요","진정에 좋아요","자극없이 순해요","효과는 조금 있는거 같아요! 다른 흔적 크림과 같이 사용해서 그런지는 모르지만 효과가 있어요!그리고 자극도 없어서 잡티 부위에만 사용하는디 여드름같은 것도 올라오지도 않고 좋아요! 그냥 보다가 한번 사본곤게 생각보다 괜찮은거 같아요! 한 두달정도 써가는데 아직도 양이 많아요처음에는 적어보였는데 쓰다보니 아직 많이 남아 있네요!노스카나도 써봤눈데 비슷비슷한거 같아요!",""
"솨라락","","","","5점만점에 5점","2022.01.12","건성에 좋아요","진정에 좋아요","자극없이 순해요","꾸준히... 쓸게요... 제발 내 흉터 홈케어 성공하게 해 주세요 ㅠㅠ 지금 난 트러블만 가라앉으면 피부 상태가 더 객관화될 것 같은데 전체적으로 흉터가 좀... 다듬어진 정도는 된 것 같은데 트러블엔 크게 효과 없으니까 얘로 트러블 관리까지는 좀 무리일 듯요",""
"겨우리야","민감성","웜톤","모공","5점만점에 5점","2022.01.03","복합성에 좋아요","진정에 좋아요","자극없이 순해요","이전에도 리뷰 남겼지만 효과가 나타나서 ""재구매"" 했습니다!!제가 본 효과는1.전체적으로 여드름 짜고 난 후 진정된 듯한 느낌좁쌀은없고 화농성이 있는데 화농성에는 괜찮았어요. 마스크로 인한 트러블에도 좋았습니다. 이점은 굿굿 ㅠ 턱드름 개 아팠는데 바르고 나아졌어요!!2.날씨도 날씨인지라 찬바람맞고 히터 직격으로 맞아서 수시로 홍조가 심해졌는데 조금씩 옅어지는 느낌입니다. 계속 바르면 더 나아질거 같습니다.2가지 정도 효과를 봤고 딱히 트러블이 더 심해지지도 않아서계속 계속 바를 예정입니다.젤타입에 가벼운 느낌이라 메이크업 전에 사용해도 밀리지 않았습니다.아쉬운점 딱 1가지는 수분감이 높지 않았어요. 이 점은 다른걸로 보충해야겠죵..","트러블"
"오에어에","","","","5점만점에 5점","2022.01.02","지성에 좋아요","진정에 좋아요","자극없이 순해요","피부고민 ; 장기간 마스크 착용때문에 턱주변 여드름 및 흔적사용후기1️⃣ 제형 : 발림성 촉촉한 겔제형!! 지복합성이라 오전에는 한겹만 바르고 저녁에는 한겹+잡트흔적부위에 또 한겹 더 바르니 딱 좋아요! 거기가 화장품 궁합까지 좋음💕2️⃣ 수분감 : 유트보니까 유명한 흔적연고 노스*나에 들어가는 유효성분들보다 더 함유량이 많이 들어갔다고 해서 꾸덕할 줄 알았는데 수분수분하더라구요? 유분감보다는 수분감이 더 많아요! 3️⃣ 흔적개선 : 인스타그램 리뷰보니까 흔적효과가 너무 좋아서 기대하고 샀는데 갓생긴 흔적들은 벌써 효과 보는 중이에요!오래된 흔적들은 좀 더 써보면 더 효과 있을 듯! 그리고 흔적 뿐만 아니라 홍조에도 효과 있는 듯마음에 들어서 재구매하려구요😀",""
"카이저로","","","","5점만점에 5점","2022.03.19","건성에 좋아요","보습에 좋아요","자극없이 순해요","확연히 달라진다는건못느꼈고바르니 자극이 적고 촉촉하네요꾸준히 발라봐야 알듯요",""
"oyn****","","","","5점만점에 4점","2025.06.05","복합성에 좋아요","진정에 좋아요","자극없이 순해요","sns에서 트러블 피부에 효과 봤다는 글을 많이 봐서 구입해봤습니다진짜 민감하고 화농성 트러블, 모낭염을 달고 사는데이 제품 사용하고는 트러블때문에 스트레스 받은 적이.. 많이 줄어든 거 같아요엄청 드라마틱하게 트러블이 사라진다! 는 절대 아니지만이 제품만큼 순하고, 다음날 트러블 덜 올라오고번들번들 기름지지 않는 제품은 없었던 거 같아요색은 연보라빛이고, 은은하게 어릴적 풍선껌 냄새도 나는 거 같아서 바를 때마다 기분이 좋아요! 다만 제형이 가벼워서 보습에는 큰 효과가 있는지 잘 모르겠어요한번 바르고 좀 건조해서 가려운 거 같다.. 싶으면 두세번 더 발라주고 있습니다",""
"si****","","","","5점만점에 5점","2022.01.06","복합성에 좋아요","진정에 좋아요","자극없이 순해요","어니언 뉴페어 겔크림 이즈앤트리에서 출시된 이후로한달 넘게 꾸준히 사용하는 애정템인데,이번에 올리브영에서 세일하길래 반갑게 얼른 구매했어요!*피부타입저는 수분부족형 지성 피부 혹은 건조한 복합성 피부에요.평소 피부가 민감하고 건조해서 트러블도 간간히 나긴 하지만 기미, 잡티가 더 고민이고, 자극받으면 붉은기도 좀 올라와서 평소 진정과 보습 케어에 신경을 많이 쓰는 편이예요.*발림성, 향우선 튜브 타입이라 얼굴에 그대로 짜서 바를 수 있는 점이 너무 편해요! 연보라색 패키지도 예쁜데 제형도 보라보라하고 살짝 투명감 있는 수분젤 느낌이 나서 더욱 취향저격..! 저는 뻑뻑한 크림은 밀리고 번들거려서 좋아하지 않는데 딱 좋은 산뜻하면서도 마무리감이 촉촉한 수분감이라 마음에 들었어요. 자색양파추출물이 들어갔다고 하지만 양파향은 전혀 나지 않고, 사용감이 가벼워 덧발라도 부담이 없더라구요. *효과 한달이 넘도록 꾸준히 사용 중인데, 우선 피부톤이 많이 매끄러워지고 살짝 환해졌어요! 미백크림은 아니지만 색소침착 개선에 도움을 주는 크림이라 그런지 피부톤업효과도 꽤 있는 것 같아요. 저는 수부지이지만 극건성피부는 아니라서 유수분밸런스를 잘 잡아주어 다른 크림을 덧바르지 않아도 건조함을 느끼지 못했고, 꾸준히 사용할수록 안색이 맑아지는 느낌이라 피부톤이 가장 고민인 저에겐 상당히 만족스럽습니다.*총평2주흔적크림이라는 별명답게 2주가 넘게 사용하면서 잡티나 흔적개선, 톤개선에 효과를 많이 보았고 전반적인 사용감도 가벼우면서 촉촉해서 꾸준히 바르게 되네요. 가격 대비 상당히 만족스러운 제품이라 이번에 구매한 제품 사용하면 재구매 의사 있습니다! 행사할 때마다 하나씩 구매하고 지인들에게도 자신있게 추천할 수 있을 것 같아요 :)",""
"gosil****","","","","5점만점에 5점","2024.12.16","건성에 좋아요","주름/미백에 좋아요","자극없이 순해요","이거 바르고 하루도 안지났는데 벌써 색소침착이 없어지는게 느껴졌어요..색소침착때문에 엄청 큰 고민이었는데 2주동안 사용하면 색소침착 없어질수도 있을것 같아용ㅋ 마무리가 약간 좀 끈적이는편..? 이거 살까말까 고민중이라면 걍 사세요 너무좋아서 인스타 부계에 광고를 해버렸당 걍 내 인생템💋💋😘😘",""
"dbf****","","","","5점만점에 4점","2022.03.13","복합성에 좋아요","주름/미백에 좋아요","보통이에요","약 이주정도 사용했는데 아직 큰 변화는 느끼지 못했습니다 아무래도 꾸준히 사용을 해보야야 변화를 알 수 있을것 같아요 여드름 흉터가 많은데 아직 사라졌다던가 연해진 부분은 없는것 같아요 한통은 다 사용을 해봐야 할것같아요 향은 무난무난 합니다 로션 색은 연보라인데 뭔가 모르게 기분이 좋아요 ㅎㅎㅎ 바를 때 느낌은 꾸덕하거나 흐르지않은 보통이에요 저는 스킨바른후에 어니언크림 사용하고 수분크림을 바르고 있어요 뭔가 어니언크림을 사용하니 피부가 더 촉촉해진 느낌은 받을 수 있었습니다 저는 여드름이 좀 있는데 사용한후에 여드름이나 뾰루지가 더 난부분은 없습니다. 양은 얼굴에 얇게 펴바를 수 있는 정도만 바르고 있어요 여드름피부에도 좋고 민감한 피부에도 사용하기 좋은 크림인것 같아요 건성이 쓰기에도 좋은것같아요",""
"싱기방기뿡뿡방기","","","","5점만점에 3점","2022.01.13","건성에 좋아요","보습에 좋아요","자극없이 순해요","피부 타입 : 지성피부 문제 : 트러블요즘 여드름이 좀 올라오는 거 같아서 사용해봤는데솔직히 아직 ... 잘 모르겠어요 한 일주일 썼나홍보문구에 2주 쓰면 효과 있다고 하니까한번 2주는 채워볼테지만 많은 기대는 하지 않습니다.아침에 바르면 너무 무겁고요저녁에 나이트크림으로 바르면 좋아요할인할 때 샀지만 정가로 이 용량의 크림을 사라..고 하면한 3분정도 쓰읍... 할만한 그런 제품이예요",""
"선은정","","","","5점만점에 5점","2025.01.25","복합성에 좋아요","진정에 좋아요","자극없이 순해요","전에 쓰다가 별 효과 없어서 다른거 쓰다 다시 이거 쓰는데 갑자기 효과 짱인거 있죠?!?!? 이제 이 크림ㅁ만 쓸까봐요 ㅎㅎ",""
"룰루몰","복합성","쿨톤","모공","5점만점에 5점","2022.01.15","복합성에 좋아요","진정에 좋아요","자극없이 순해요","자극은 매우 순하게 느껴집니다보습정도는 적당? 다른 걸로 보습을 추가해줘야할 것 같아요","미백"
"gracejim****","","","","5점만점에 5점","2025.08.31","지성에 좋아요","보습에 좋아요","자극없이 순해요","저는 번들거리는 유분가득 그런 크림 싫어해서 찾아보다가이거 써봤는데 너무 만족해요겔크림이라 너무 무겁지도 않고 다른 제품들에 비해서 산뜻한 느낌이에요재구매한거고 이번에도 다쓰면 재구매할 생각입니다:))",""
"sora1****","","","","5점만점에 1점","2025.08.27","복합성에 좋아요","보습에 좋아요","자극없이 순해요","달라진점 진짜 모르겠어요32000원으로 샀는데 20900원 된 거 에바",""
"moondo****","","","","5점만점에 5점","2025.08.20","지성에 좋아요","진정에 좋아요","자극없이 순해요","정말 기대없이 사용했는데 진짜 흉터 많으신 분 제발 사세요. 이거에요. 이거 흉터 연고 바르기 귀찮아서 이것만 꾸준히 발랐는데 뭔밍 흉터가 아예 사라진 것도 있고 연해졌어요!! 너무 아까어ㅓ서 조금씩 발라도 효과 지림",""
"k202403170****","","","","5점만점에 5점","2025.08.20","복합성에 좋아요","보습에 좋아요","자극없이 순해요","하루언니도 쓰고 주위 친구들도 쓰고 여기저기서 추천 하길래 사봤는데 여드름 피부인데도 순하게 발리고 좋음 그리고 이거 바르고 파데 썻는데 진짜 화잘먹템..효자녀석임😍",""
"hgj****","","","","5점만점에 5점","2025.08.18","지성에 좋아요","진정에 좋아요","자극없이 순해요","아 진짜 한달 사용 후기 와 아니 이거 진짜 찐 추천템 입니다 일단 한번 사용했을때 드라마틱 한 효과는 없습니다 그치만 진정되고 다음날 그 다음날 꾸준히 사용하면 진짜 대박이에요 다 가라앉아있고 피부결도 정말 좋아집니다 개추천!!‘",""
"dlatmd****","","","","5점만점에 5점","2025.08.16","복합성에 좋아요","진정에 좋아요","보통이에요","상품너무 좋아요 다쓰면 재구매하겠습니다 감사합니다 잘쓰겠습니다",""
"sss****","","","","5점만점에 5점","2025.08.14","복합성에 좋아요","진정에 좋아요","보통이에요","한달밖에 안지났나요 벌서 다 써가는뎈ㅋㅋㅋ 또 사야겠어요 재그매",""
"jjy****","","","","5점만점에 5점","2025.08.03","건성에 좋아요","보습에 좋아요","자극없이 순해요","텍스처가 부드럽고 피부 위에 한 겹 막이 생기는 듯한 느낌이어서 좋아요",""
"rin7****","","","","5점만점에 5점","2024.08.26","복합성에 좋아요","보습에 좋아요","자극없이 순해요","여름엔 역시 이즈앤트리 겔크림이 제일 좋은 것 같아여 민감한 편인데 걱정없이 쓰는편이고 화장도 안 밀리고 좋아용",""
"rin7****","","","","5점만점에 5점","2024.07.26","복합성에 좋아요","진정에 좋아요","자극없이 순해요","겔크림이 작은 것도 있는줄 몰랐는데 행사까지 해서 너무 좋아요! 효과도 있고 여름에 쓰기좋아요",""
"ljs****","","","","5점만점에 3점","2022.04.18","복합성에 좋아요","주름/미백에 좋아요","자극없이 순해요","여드름 흉터에 좋다고해서 구매해봅니다. 보습력이 월등히 좋지는 않은듯합니다.",""
"w3070t****","","","","5점만점에 5점","2025.02.06","지성에 좋아요","진정에 좋아요","자극없이 순해요","✅ 한 통 다 쓰고 두번째 구매템.✅ 처음 쓸 땐 진정효과 잘 봤는데 두번째 사서 쓰니까 잘 모르겠음.. 피부가 익숙해진건가..ㅠ✅ 매일 말고 가끔씩 너무 뒤집어질 때만 발라주는 중임✅ 여드름 진정 화장품 찾고 있다면 한번쯤은 추천.✅ 자기 전에 바르고 낮에는 선크림이 살짝 밀리는 기분이길래 안 바름",""
"wldud7****","","","","5점만점에 5점","2025.01.13","복합성에 좋아요","진정에 좋아요","자극없이 순해요","친구 추천받아서 사봤는데, 되게ㅜ신기한 제형인데 잘맞는거같아요 ! 일단 처음 바를때는 와 촉촉하다 싶은데 시간이 조금만 지나면 보송해져요 건조한느낌이 아니라서 좋ㄱ은덧가 아요… 제가 완전 건성인데 극건성 분들은 이거 위에 하나 더 바르는거 추천드려용 🖤",""
"yeun****","","","","5점만점에 5점","2024.08.24","지성에 좋아요","진정에 좋아요","자극없이 순해요","2통째 쓰고 있어요. 여드름 붉은 자국이 고민이라 3월 올영때 사봤는데 진짜 붉은 자극이 조금씩 사라지면서 피부 좋아졌다는 소리를 많이 들었어요. 가격이 약간 부담 있는 편인데도 대체할 만한 아이가 없어서 결국 다시 한 달 만에 구매했습니다~~",""
"mirror","","","","5점만점에 5점","2022.10.05","지성에 좋아요","진정에 좋아요","보통이에요","동기한테 추천받아서 썼었는데 진짜 2주 쓰고 색소 침착 연해지는 게 느껴져서 재구매 2번째!!! 먼저 제 피부는 여드름 자국이 좀 있는 지성피부 입니다,, 처음 썼을 때가 7월쯤이어서 여름이라 보습이 딱히 필요없어 스킨케어 마지막에 이 크림 하나로도 건조하진 않았어요~ 쓰면서 느낀건 지속적으로 2주 정도 쓰면 자국이 옅어지지만 한달 넘어가니까 효과가 미미해지더라구요.. 그래서 몇주쓰고 다른 크림 쓰다가 다시 쓰고 이런 식으로 발라줬는데 개인적으론 이렇게 쓰는게 더 자국 관리에 효과적이었습니다! 이제 가을 겨울이라 슬슬 건조하고 얼굴이 당기기 시작해서 보습크림바르고 자국이 있는 부위에만 소량으로 발라주고 있어요! 건성인데 여드름 자국때문에 고민이시라면 이 크림만으로는 보습을 챙기긴 어려워서 따로 보습 크림을 발라주시는 걸 추천드려요!",""
"mirror","","","","5점만점에 5점","2022.10.05","지성에 좋아요","진정에 좋아요","보통이에요","동기한테 추천받아서 썼었는데 진짜 2주 쓰고 색소 침착 연해지는 게 느껴져서 재구매 2번째!!! 먼저 제 피부는 여드름 자국이 좀 있는 지성피부 입니다,, 처음 썼을 때가 7월쯤이어서 여름이라 보습이 딱히 필요없어 스킨케어 마지막에 이 크림 하나로도 건조하진 않았어요~ 쓰면서 느낀건 지속적으로 2주 정도 쓰면 자국이 옅어지지만 한달 넘어가니까 효과가 미미해지더라구요.. 그래서 몇주쓰고 다른 크림 쓰다가 다시 쓰고 이런 식으로 발라줬는데 개인적으론 이렇게 쓰는게 더 자국 관리에 효과적이었습니다! 이제 가을 겨울이라 슬슬 건조하고 얼굴이 당기기 시작해서 보습크림바르고 자국이 있는 부위에만 소량으로 발라주고 있어요! 건성인데 여드름 자국때문에 고민이시라면 이 크림만으로는 보습을 챙기긴 어려워서 따로 보습 크림을 발라주시는 걸 추천드려요!",""
"올영올영올영해요","","","","5점만점에 4점","2022.04.08","복합성에 좋아요","보습에 좋아요","자극없이 순해요","학생 때도 안나던 여드름이 갑자기 나고ㅜㅜ 그래서 여드름 흉이 여기저기 생겨서 흉터 관련 제품 이것저것 찾아보다가 알게된 제품입니당 ㅋㅋ 성분도 정말 좋았고, 후기도 좋은편이라서 써보게됐어요~아무래도 흉터전용으로 나온건 성분도 좀 별로고.. 따로 발라야되다보니 귀찮기도 했는데 이제품은 로션단계에서 그냥 쓰면되니까 그게 엄청 장점으로 느껴지더라구요 ㅋㅋ ㅋ지금거의한통 다 써가는데 흉이 옅어진거는 잘 모르겠어요 ㅜㅜ 아무래도 로션제품이다보니까 전용 흉 제품보다 효과가 덜한거겠죠?ㅜㅜ 더 사서 한통 더 써봐야하나.. 싶기도하고 아직 효과가 없어서 좀 속상하긴해요..ㅜ 그래도 로션자체의 역할은 잘한다고 생각돼요. 건성이랑 수부지 피부까지 좋아할만한 그런 타입입니당 약간의 유분과 수분가득!",""
"kj13****","","","","5점만점에 5점","2022.03.19","지성에 좋아요","주름/미백에 좋아요","자극없이 순해요","2주 흔적 크림이라고 광고해서 써봤는데 2주는 솔직히 아니고요 한 두 달 꾸준히 쓰니까 확실히 잡티가 줄긴 줄어드네요 촉촉한 수분 크림인데 쫀득한 제형이라 건조하지도 또 그렇다고 기름지지도 않아서 좋아요. 그래서 그런지 밤낮 상관없이 퍽퍽 발라도 딱히 안 좋은 거 없이 좋았어요 기름종이팩 좋다고 해서 이 제품으로 해봤는데 이 제품이랑 썼을 때 효과 좋은 거 같아요 쿨링감있고 촉촉하니 최고 오일보다 수분감 있는 제품이라서 그런지 얼굴에 전체적으로 도포하고 몇번 탁탁 톡톡 두드려주면 어느순간 그냥 피부가 다 흡수해요. 그래서 총점은 4.5/5점이요. 0.5점 뺀 거는 확실히 잡티에 효과가 좋은데 그걸 2주라고 너무 단기간 케이스를 홍보하는 거 같아요 트러블 걱정할 정도면 가끔 나시는 분들이 아니라 이미 흉터가 있어서 항상 나있는 분들 이실텐데 그런 분들은 2주보다는 꾸준히 몇달은 쓰셔야할 거 같아요.",""
"블랙라벨","","","","5점만점에 5점","2022.03.05","복합성에 좋아요","진정에 좋아요","자극없이 순해요","*구매하게 된 계기가 무엇인가요 ? 특별한 이유가 있나요 ? 동생얼굴에 여드름이 불긋하고 흉터도 꽤 있는 편이라 검색 끝에 후기가 괜찮고 가격대비 팍팍쓰기 괜찮을 제품으로 판단되어 구매하여 보았습니다*사용감은 어떤가요? 꾸덕한 크림이라기 보다는 좀더 말캉한 젤 느낌이어서 좋다고 합니다 얼굴에 기름지게 올ㄹ라가ㄴ는 느낌이 아니라서 더 맘에 들고요 꾸준히 사용하는 중에 붉은기도 좀 가라앉은 것 같습니다*패키지는 어떤가요? 튜브형으로 짜서쓰는 용기라서 좋습니다 위생적이고 덜어쓰기가 아주 좋습니다 *재구매의사가 있나요? 네 있습니다 조금씩 효과 보기 때문에 꾸준히 써보려고 한다고 합니다*이 제품을 추천하나요? 피부가 두꺼운 남자 피부에도 조금효과가 있는 걸로봐서 잘 맞으시는 분들은 도움이 될거 같네요",""
"cois","","","","5점만점에 5점","2022.02.26","복합성에 좋아요","보습에 좋아요","자극없이 순해요","이즈앤트리 어니언 뉴 페어 겔 크림❣️요즘 같이 쌀쌀한 계절에 피부 징벽이 무너져서 유수분 밸런스가 깨져서 트러블 나시는 분들이 사용하기 좋은 아이에요⭐️좁쌀 요철 화농성 여드름에 좋고, 속건조도 잡아주는 아이라고 해요💫여드름 짜시고 나면 흉터나고 거뭇거뭇해지는데 자색 양파가 그런 것들을 잡아준다고 하더라구요❤️‍🔥유튜브에서 디렉터파이님이 뭘 발라도 건조하신 분들 보시라고 만든 영상에 흔적 장벽 아이템으로 추천하시길래 구매해봤어요😘트러블 나고 좁쌀이나 요철 있으신 분들은  이 제품이랑 믹순 병풀 에센스 사용하면 좋다고 하더라구요병풀이 여드름 피부 타입에 좋은 성분이라 병풀 에센스를 화장솜에 묻혀 고민 부위에 팩 처럼 하시고 이 크림 발라도 되고 손으로 흡토 3겹 하시고 발라도 좋아요",""
"tjddms****","","","","5점만점에 5점","2022.02.18","지성에 좋아요","진정에 좋아요","자극없이 순해요","제 피부는 지성에다 피부가 되게 민감하고 여드름이 많이 나서  내 피부에 맞는 기초제품을 찾기가 어려웠어요 그런데 이즈 앤트리 제품을 사용하면서 피부에 뭐가 올라오지도 않고 가볍게 올라가 흡수가 잘되어 좋았습니다 ! 크림을 먼저 샀는데 되게 만족해 스킨까지 사용했는데 아직까지 만족하면서 잘쓰고 있어요😊😊   장점⭐️: 흡수가 잘됨, 화장하기 전에 발라도 화장이 밀리지 않음 , 여드름 흉터가 옅어짐 , 바르고 뾰루지가 나지않았음.촉촉하고 부드럽게 잘발림 .단점⭐️: 굳이 단점을 꼽아보자면 비싼 가격에 비해 용량이 적습니다  ,  바르고 나서 가려움이있었음🖤 끈적거리는거 싫어하시는분 , 지성분들에게 추천 드립니다 (건성분들에게는  바르고나서 피부가 당기고 건조하다고 느낄수도 있을거같아요 !)🖤",""
"skdus****","","","","5점만점에 5점","2022.02.12","복합성에 좋아요","주름/미백에 좋아요","자극없이 순해요","제형은 쫀득한 느낌입니다. 일반 수분크림보단 살짝 무거워요.  흡수는 보통이고 수분감은 건성에게는 조금 부족할것 같은 정도입니다.솔직히 붉은기 진정은 아직까지 눈에 띄게 보이진 않습니다.  (2주정도 사용)한 통 발라 보고 효과를 기대해봐야 할 것 같아요",""
"dduuddw****","","","","5점만점에 5점","2022.02.09","복합성에 좋아요","진정에 좋아요","자극없이 순해요","토너랑 같이 구매했는데 찐득하지않고수분감있게 마무리되고 산뜻해서바르고나서 건조함도 없어서 수부지에좋은거같아요민감성피부라 화장품바꾸면 트러블올라오는데그런것도없어요~~ 다쓰면재구매할거같아요단종안됐음좋겠어요",""
"jyeon10","","","","5점만점에 5점","2022.02.09","복합성에 좋아요","진정에 좋아요","보통이에요","2주만에 잡티 흔적을 없애 준다는 크림~! 어니언 뉴페어 겔 크림을 구매해보았습니다~ 이즈앤트리 어니언 뉴페어 겔 크림은 미백이랑 주름개선 2중 기능성 화장품이에요~ 청정지역 무안에서 키운 적양파추출물과 노스카밍 콤플렉스가 함유되어 피부의 흔적을 케어하고 겹겹이 촉촉하고 매끄러운\피부로 가꾸어 준대요~ 그리고 외부 자극에 대한 즉각적인 자극 진정 및 색소 침착 개선 효과에 대한 인체 효능 평가를 통해 그 효과가 입증된 제품이라니 더움 믿음이 가서 구매하게 되었답니다^^ 외부 자극에 의한 일식적인 붉은기가 감소되었고 경피수분소실도 감소되었다고 해소 색소침착도 감소되었다고 하니 꾸준히 사용해보고 꼭 효과가 있었으면 좋겠습니다~!손등에 사용해보았을 때 연보랏빛 색상으로 촉촉했구요~자극받은 피부를 진정시켜줄것같아요 ㅎㅎ",""
"hwara****","","","","5점만점에 5점","2022.02.08","복합성에 좋아요","보습에 좋아요","보통이에요","아직 일주일 정도 썻는데 트러블이 올라오지 않은 상태에사 확실히 붉음증이 많이 개선 됫어요 그렇지만 트러블 있는 것에는 바르지 말고 일부분 흉터나 붉음증에만 바르는게 좋은거 같고 지성인 분들에게는 조금 안좋은거 같아요 산뜻함보단 조금 묽은 꾸덕함라구 해야할까요? 그리고 유분기는 조금 있는것 같아요 꾸준히 쓰면 확실히 효과는 있을것 같아요",""
"rie****","","","","5점만점에 5점","2022.01.30","지성에 좋아요","주름/미백에 좋아요","자극없이 순해요","샘플부터 쓰기 시작해서 본제품까지 총 10주 써봤어요같은라인 토너는 4주전부터 같이 쓰기 시작했어요효과가 좋다고 생각해서 샘플 이후에 본제품으로 정착하려고 생각한건데 전후 사진보니까 생각보다 많이 나아졌더라고요!!첫 사진이 10주 전, 둘째 사진이 오늘입니당정말 딱 여드름의 붉은 자국 해결하고 싶어서 여러가지 써봤는데ㅜㅜ 효과가 눈에 보이는 건 이게 처음이에요근데 크림단계에서 마무리하기엔 좀 건조해서 수분크림 하나 더 발라야해요",""
"셈요미","건성","웜톤","","5점만점에 5점","2022.01.30","건성에 좋아요","주름/미백에 좋아요","자극없이 순해요","이즈얀트리 어니언 겔크림 ㅠㅠ 진짜 너무 써보고싶었는데 올리브영에 입점해서 너무 좋아요 접근성이 너무 좋아졌어요!!💜 심지어 세일이라니!!! 최근에 여드름 압출을 조금 세게 했더니 약간 색소침착 ㅠ 생기고 심지어 마스크 써도 보이는 부위라서 너무 신경이 쓰이더라구요! 그래서 흔적크림이 너무 눈에 들어왔어요~ 매장에서 제형 테스트도 해보니까 제가 딱 좋아하는 무겁지않은 겔 제형이였어요 !! 듬뿍 발라도 답답하지 않고  촉촉한 느낌이에요 그리고 적양파라고 해서 혹시 향이 사용할 때 거슬리지는 않을까 걱정됐는데 향 걱정하시는 분들 전혀 걱정하지마세요 💜 무슨 향이 나긴하지만 전~~혀 거슬리지않는 오히려 저한테는 좋게 느껴진 향이였습니답 한가지 요청사항은 더 큰 대용량이 나왔으면 좋겠어요 !! 50ml를 사용해보니까 은근 금방쓸거같은 느낌이에용",""
"arru****","","","","5점만점에 5점","2022.01.24","건성에 좋아요","보습에 좋아요","자극없이 순해요","올리브영에서 눈길을 잡는 문구를 보고 구매하였습니다 마스크때문에 턱과 입옆에 뾰루지도 많이 나규 작은 흉터들도 많은데 흔적크림을 바르고 옅어지기를 기대해보려합니다 끈적이지 않고 발림성도 너무 좋아요바르고 나면 산뜻한 느낌입니다 수딩크림타입이라서 유지력이 엄청 긴건 아니고바르고 나면 보송보송해지는 느낌이네요피부가 건성인데 가볍게 사용하기 좋습니다 크리니크수딩크림보다 조금더 꾸덕한 느낌이에요 바르려고 짜놓으면 흐르지 않고 고정력있게 동글동글 버티고 있습니다 ㅎㅎ용량에 비해 가격은 좀 부담되긴 하는데 발라보고 기능이 좋으면 만족할 것 같아요양파에 이런 효과가 있다니 착색된 흉터들때문에 노스카나 연고 쓰고 있는데 . 약이라 매일 사용하기 걱정도되고  부담스러운데 흔적크림은 매일 쓸 수 있어서 좋습니다",""
"vvicto****","","","","5점만점에 4점","2022.01.13","복합성에 좋아요","보습에 좋아요","자극없이 순해요","트러블 흔적 때문에 고민이던 중에 유튜버 인씨님 영상을 보고 구매하게 됐어요. 트러블 흔적 케어에 좋다는 유명한 연고도 사용해봤는데 별다른 효과를 못보고 있던 중이었거든요.  우선 유효성분이 72만 ppm이나 들어가있다는 점이 아주 마음에 들었어요. 근데 제가 속건조가 있는 편이라 겔크림을 이 계절에 사용할 수 있을까 걱정하면서 구매를 했거든요. 너무 금방 건조해지지 않을까 싶어서요. 막상 사용해보니 그렇게 수분 가득한 겔 느낌은 아니더라구요. 겔의 형태도 보이면서 크림의 보습감도 어느 정도 챙긴 것 같았는데 그래서 이름이 겔크림이구나 했네요ㅋㅋ 그래도 흡수가 다 되면 조금 건조한 느낌이 있어서 저녁 스킨케어 단계에서는 꾸덕한 보습크림으로 덮어줘야 하긴 합니다(건성 기준). 낮에는 그냥 가볍게 겔크림까지만 바르기도 해요.  저는 토너랑 크림 함께 구매해서 사용했는데 토너보다 크림이 만족스러웠어요. 며칠 사용하니 제 눈에만 아주 살짝 느껴질 정도지만 진짜 흔적 완화에 효과가 있구나 하는 느낌을 받았어요. 2주 사용하면 좀 더 효과를 볼 것 같아요. 토너와 크림 한 통을 다 비울 때 쯤에는 눈에 띄는 효과가 있기를 기대해봅니다^^",""
"sun****","","","","5점만점에 5점","2022.01.11","복합성에 좋아요","진정에 좋아요","보통이에요","올리브영에 수분크림 사러 갔다가 이게 ㅋ딱 눈에 들어와서 바로 사버렸어요… 옛날에 학생때 뭣도모르고 여드름 같은거 나면 손으로 건들고 바로 터뜨려서 심하진 않지만 뭔가 거슬리는 검정색??흉터? 색소침착???? 같은것이 보여서 거울 볼 때마다 이것만 없었어도 더 좋은 피부처럼 보일것 같다는 생각을 정말정말 많이 했었는데 이 제품이 딱 저 같은 사람에게 쓰이는 제품인거 같더라구요..?? 제형은 젤타입이라 크림보다 덜 끈적이고 유분감도 덜 해요! 하지만 이 제품의 주요 효과가 보습이 아닌만큼 이것만 쓰신다면 건조하실 확률이 높아요 저는 평소에 로션이랑 에센스랑 꾸준히 사용해서 보습감이 나쁘다? 건조하다???라는 생각은 딱히 해본적 없는 것 같습니당ㅇㅇ 단기간에 드라마틱한 효과를 볼 제품은 아닌거 같고 장기간으로 오래 사용하시면 더 좋은 효과를 볼 수 있는 제품인거 같아요!",""
"봄빛CEO","","","","5점만점에 4점","2022.05.02","복합성에 좋아요","진정에 좋아요","자극없이 순해요","한통 쓰보고 좋아서 재구매 했어요 여드름 흔적에 정말 효과적으로 많이 받었어요 턱 라인쪽 한두개씩 여드름 올라오고 자국이 잘 없어지지 않았는데 이거 쓰고  자국이 싹 사라졌어요  용량이 작아서 밤에만 바르고 있은데 넘 좋네요 대용량으로 나왔으면 좋겠어요 :) 짱 좋아요 추천",""
"퐁로로","","","","5점만점에 4점","2022.04.03","복합성에 좋아요","진정에 좋아요","보통이에요","가끔쓰는 정도라서 효과는 잘 모르겠습니다. 피부에 붉은끼가 돌때만 써서 ..젤크림 제형이라 그냥 수분크림 같아여. 유분이 없는 편이여서 건조한 피부에는 부족할 듯요.건성에 가까운 복합성 피부보다 지성피부에 맞지 않을까 싶습니다. ~~",""
"hgj****","","","","5점만점에 5점","2025.06.21","지성에 좋아요","주름/미백에 좋아요","자극없이 순해요","유튜버 하루님 쓰시는거 눈여겨 보고 있다가 결국 샀는데 일단 지성피부인 제가 쓰기에도 적절한 수분감이었구요 끈적거리지 않는 제형감이 좋은것같아요한달 뒤에 와보겠습니다!",""
"jhkim****","","","","5점만점에 4점","2025.06.01","복합성에 좋아요","보습에 좋아요","자극없이 순해요","무향에 자극도 없어서 데일리로 잘 사용 하고 있어요.자기전에 듬뿍 바르고 자면 아침에 피부가 좋아 져요!화장도 잘 받아요!",""
"coolcoco****","","","","5점만점에 4점","2025.04.30","복합성에 좋아요","진정에 좋아요","보통이에요","흡수력 괜찮고 트러블 흔적 개선에 막 좋다 이런건 아니지만 좋다고해서 꾸준히 사용 중이에요~한달됐는데 다 써가네용",""
"coolcoco****","","","","5점만점에 4점","2025.03.31","복합성에 좋아요","진정에 좋아요","보통이에요","부드럽고 촉촉하게 발리네용~~~흡수도 잘되고 산뜻한편이에요~~",""
"wndudv****","","","","5점만점에 3점","2025.01.17","건성에 좋아요","보습에 좋아요","자극없이 순해요","엇단종? 팔던데 뭐죠 광고하는거 보고 일단 삿는데엄청 지성이라 도움잇엇음 ㅜ",""
"k202304125****","","","","5점만점에 5점","2025.01.14","지성에 좋아요","진정에 좋아요","자극없이 순해요","이거 비싼 거 다들 아시죠…. 그래서 다 써가는거 같으면 저만 이렇게 잘라서 쓰나요… 진짜 그만큼 너무 좋아여ㅠㅠ 여으름 진정 효과에도 확실히 좋고 걍 만능템입니다ㅜ",""
"gbss20****","","","","5점만점에 5점","2024.07.31","건성에 좋아요","보습에 좋아요","자극없이 순해요","겔 크림 진짜 보라색입니다그리고 저녁 보습도 좋고 아침 화장 전에도 좋아요ㅔ",""
"gbss20****","","","","5점만점에 5점","2024.06.24","건성에 좋아요","보습에 좋아요","자극없이 순해요","이 겔크림 좋아요 속광 팡팡 아주 추천드립이다 쓰기 좋라요 샘플 쓰가 정착",""
"engml****","","","","5점만점에 5점","2024.01.19","복합성에 좋아요","보습에 좋아요","자극없이 순해요","올영에서 일하는 친구가 추천해줘서 사용해봤는데촉촉하고 좋아요!!! 손이 잘 가는 스타일이에용!거의 다 써가고 있어서 재구매할거에요!!",""
"altnf95****","","","","5점만점에 5점","2023.12.05","건성에 좋아요","진정에 좋아요","자극없이 순해요","흡수력도빠르고 얇게발려요  끈적임이많이없어서 여름에도바르기편안할거같아요 트러블흔적때문에 스트레스엄청받았었는데 이제품덕에 스트레스싹사라졌어요!",""
"garnet****","","","","5점만점에 4점","2023.06.19","복합성에 좋아요","진정에 좋아요","보통이에요","2주후 깐달걀을 목표로 사용중입니다 후기는 지금보다 2주후에 뵙겠습니다 예상보다 빠른배송출발 감사합니다잘 써보고 또 후기 쓰러올게요",""
"pika****","","","","5점만점에 5점","2023.02.25","건성에 좋아요","진정에 좋아요","보통이에요","여드름 흉터가 많아서 사봤어요 저렴한 가격에 사게되서디분이 좋네요 꾸준히 써볼데요",""
"ljwlov****","","","","5점만점에 5점","2022.05.27","복합성에 좋아요","보습에 좋아요","자극없이 순해요","진정겸 촉촉한 수분크림좋아요민감성 지복합성인데 성분순하고 잘맞아요",""
"yse****","","","","5점만점에 5점","2022.04.03","복합성에 좋아요","진정에 좋아요","자극없이 순해요","우연히 올리브영구경갔다가 한번 써볼까?생각하고있었으나 올엽앱에 세일하는중이어서 주문해봄, 생각보다 매우가벼운느낌이고 진정이 잘되는지는모르겟음 그냥 여즘 듬뿍짜서 피부에바르는중 순하게 쓰기좋은느낌",""
"skdus****","","","","5점만점에 5점","2022.03.23","복합성에 좋아요","주름/미백에 좋아요","자극없이 순해요","솔직히 처음에 샀을 땐 크게 효과 못 느꼈는데 1통 다 써가는 상황에서 어느정도는 흐릿해짐을 느껴서 1통 더 구매합니다.",""
"tvxq****","","","","5점만점에 5점","2022.03.18","복합성에 좋아요","진정에 좋아요","보통이에요","생각보다 꾸덕꾸덕해요! 그리고 미샤 비타민 앰플이랑 같이 쓰고있는데 진짜 여드름 자국이 조금씩 옅어지는 것 같아요! 열심히 더 써보겠습니다!",""
"sinhy****","","","","5점만점에 5점","2022.03.18","복합성에 좋아요","진정에 좋아요","자극없이 순해요","기대없이 샀는데 너무너무좋아요 흉이 완전 사라지지는 않지만 옅어지는게 느껴졌고 트러블도 잘 가라 앉더라구요 아껴서 잘쓰고있어오, 한통 더 주문햇어요",""
"imut****","","","","5점만점에 4점","2022.03.09","복합성에 좋아요","보습에 좋아요","자극없이 순해요","바르기 편하고 발림도 좋아요~~~건성피부인데 꾸덕은 아니고 촉촉한것 같아요!!!흡수도 빠르네요~ 효과는 아직 사용기간이 짧다보니 잘모르겠습니다",""
"jctjww****","","","","5점만점에 4점","2022.03.08","지성에 좋아요","진정에 좋아요","자극없이 순해요","트러블 케어 때문에 사봤는데 드라마틱 하진 않지만 순하고 무난하게 좋은 것 같아용",""
"gusw****","","","","5점만점에 5점","2022.02.05","복합성에 좋아요","주름/미백에 좋아요","자극없이 순해요","이즈앤트리 사이트에서 구매해서 사용해봤고. 한통을 다 쓰니까 정말 트러블 흔적이 옅어진것 같아 재구매 생각하고 있었는데, 마침 올리브영에서 세일하길래 얼른 구매했습니다 ㅋㅋ",""
"kdh****","","","","5점만점에 5점","2022.01.28","복합성에 좋아요","진정에 좋아요","자극없이 순해요","요즘 트러블이 심해서 압출하고 흉터완화용으로 구매해봤어요! 세일도 많이 해서 얼른 구매했어요. 꾸준히 사용해보려구용",""
"oc****","","","","5점만점에 5점","2022.01.20","복합성에 좋아요","진정에 좋아요","자극없이 순해요","마스크 때문에 처음 트러블이 나고 ㅜㅜ 흔적이 남아서 고민하던 중 이 제품이 순하다 들어 구매했어요! 꾸준히 써봐야 효과를 알 수 있을 것 같습니다.",""
"리즈위즈","복합성","겨울쿨톤","다크서클","5점만점에 5점","2022.04.11","복합성에 좋아요","진정에 좋아요","자극없이 순해요","유튜브에서 보고 속는 셈 치고 사봤는데 예상외로 정말 효과가 나타나서 놀랐어요 😮 복합성이고 잡티랑 색소침착이 잘 생기는 얇은 피부인데 사용한 지 2주 되니까 점점 옅어지는 게 눈에 보이더라고요 ! 크림이라서 너무 유분기 많가나 무거우면 어쩌지 했는데 찐득한 느낌 하나도 없고 딱 적당한 수분감이라 좋았어요 ㅎㅎㅎ 복합성 피부인데 겨울~봄에 스킨 앰플 다음에 이 크림 바르면 딱 맞더라고요 여름에도 앰플 단계만 조절하면 충분히 잘 쓸 것 같아요ㅎㅎㅎ 50ml라 그런지 벌써 거의 다 써가네요ㅋㅋㅋ 다음엔 큰걸로 사야겠어요","잡티"
"튼튼강쥐","","","","5점만점에 5점","2022.03.23","건성에 좋아요","보습에 좋아요","자극없이 순해요","피부타입 : 극건성, 좁쌀, 마스크트러블자기 전에 스킨 앰플 바르고 마지막에 바르기 좋았어요극건성인 저에게 잘 맞아서 속건조 잘 잡아주고 다음날 아침데 피부 좋아졌어요제형은 너무 무겁지 않게 적당히 산뜻한 편이에요조금 짜도 많이 펴바를 수 있어요",""
"또하루","","","","5점만점에 4점","2022.03.16","복합성에 좋아요","진정에 좋아요","자극없이 순해요","마스크 닿는 부분에 빨갛게 트러블이 올라오더라구요ㅠㅅㅠ볼때마다 속상해서 피부과 다니면서 순하게 케어할 목적으로 구매했어요ㅎㅎ@장점-가벼운 사용감이에요. 연고제형이라고 하는데 꾸덕하지 않고 연고에 물탄느낌이라고 보시면 되요ㅎㅎ-수분감이 넘치는 제형이라서 겔타입인데도 흡수가 잘되요ㅎㅎ@단점-겔타입들 중에 두껍게 올리면 밀리는 제품들 있는데 어니언 크림도 밀립니다ㅠ얇게 올리면 괜찮아요. 피부 건조하신분들은 그 전 단계에서 충분히 보습을 해주세요.-기능이 애매해요. 흔적케어라고 하기엔 효과가 드라마틱하지 않아요. 그런데 보습이 잘되는것도 아니라서...현재피부 유지목적으로 사용하는게 좋을것 같아요.솔직히 피부과 케어 덕분에 피부가 돌아온거지 어니언 겔크림때문에 돌아왔다고는 말 못할것 같아요..아무래도 화장품이니까 눈에 확 띄는 드라마틱한 효과는 기대하지 않는걸루 해요ㅠ",""
"낭랑랑낭","","","","5점만점에 5점","2022.03.05","복합성에 좋아요","진정에 좋아요","자극없이 순해요","노스카나겔은 양이 너무 적은 것 같아서 그냥 한번 사본 제품인데 생각보다 효과 있는 것 같아서 재구매 할 예정이에요 막 큰 효과가 단기간에 나타난다기보단 몇주정도 쓰다가 어느 날 거울 보면 오... 흉터가 꽤 연해졌네? 이정도의 느낌이에요 여드름 흉터 때문에 고민이신 분들은 한번 사용해볼만한 제품입니다",""
"지꾸라미","","","","5점만점에 2점","2022.03.04","복합성에 좋아요","보습에 좋아요","자극없이 순해요","솔직히... 저는 효과 못 봤습니다... 처음에는 피부 진정에 좋고 착색도 들어가나싶었는데 꾸준히 사용해보니 트러블이 줄어들지 않고 오히려 생기네요...  저한테는 잘 안 맞았습니다ㅜㅜ 다른 제품으로 갈아타니 이제야 피부가 예전모습으로 돌아오기 시작했습니다ㅜㅜ 유튭 광고보고 샀는데 저한텐 안 맞아서 좀 실망했습니다ㅜㅜ",""
"최애옹","","","","5점만점에 5점","2022.01.20","복합성에 좋아요","진정에 좋아요","자극없이 순해요","진짜 제 트러블 흔적 구원템;; 작년 말부터 진ㅉ 알수없는 트러블들과 그 트러블들이 지나간 울긋불긋한 흔적들때문에 스트레스 많이받았었거든요.. 평소에 파데를 발라도 얇게 발라주는 걸 좋아해서 두껍게 커버해서 올리자니 답답하고 거울보면 트러블 흔적에 짜증이 확 났었는데 요거 진짜 너어무 좋아요 노땡카나 겔 연고 같은 경우에는 효과 물론 너무너무 좋지만 이미 다 아문 여드름에 발라야하고 진행중인 여드름엔 바르면 안되자나유 그리고 연고다보니 아무래도 답답하고 끈적이는 사용감땜에 화장전이나 아침에 발라주긴 힘들었는데 요건 겔크림형태다 보니 그냥 듬뿍듬뿍 막 발라주고있어요! 뭐 보습감도 좋다고 하던데 솔직히 복합성인 저로써는 얘로만 크림 마무리하면 속건조 느껴졌는데 다른 크림을 또 덧발라주면 되서 상관없어요 흔적지워주는 효과가 너어무 좋아요",""
"최애옹","","","","5점만점에 5점","2022.01.09","지성에 좋아요","진정에 좋아요","자극없이 순해요","이거 진짜 좋은 것 같아요! 최근에 피부가 진짜 도대체 이유를 알수없을 정도로 뒤집어지구 트러블이 지나간 자리에 빨간 자국들이 남아서 너무너무 스트레스였고든요ㅠㅠ 근데 이거 우연히 올리브영에서 발견했는데 흔적을 개선해준다 이런거에 솔깃했어여 디렉터 파이랑 뭐 브랜드도 이즈앤트리고ㅋㅋ 마침 할인도 엄청 하길래 속는셈 치고 한번 구매해보자 하고 구매했늠데 붉은 흉터들이 진짜 빠르게 옅어지는게 보여요! 제형은 겔크림인데 약간 연고와 겔크림을 섞은 듯한 느낌? 연고보단 훨씬 부드러운데 또 마냥 일반 겔크림 같은 느낌은 아니에요! 사실 흉터 연고로 유명한거는 스킨케어처럼 사용 못하고 제한적인 부위에만 발라야하는데 이건 크림처럼 얼굴 전체에 바를수 있어서 좋고 개인적으로 흔적 완화도 연고보다 좋았으면 좋았지 못하진 않은것 같아요! 같은 라인 토너랑 쓰면 시너지 효과 더 좋데서 토너도 같이 구매해서 사용할려고요ㅎㅎ 아 진짜 쟁여놔야겠어요 보습감이 아쉬운게 좀 단점이긴 하지만ㅠㅠ 흔적완화 짱이에요 진짜",""
"펭펭뷰티","","","","5점만점에 5점","2025.07.02","지성에 좋아요","진정에 좋아요","자극없이 순해요","지성 여드름 고민 피부에 엄청난 효과를 봐서 꾸준하게 재구매 중인 제품입니다. 피부 예민할때도 진정이 잘 되는 편이에요",""
"몽맹","지성","여름쿨톤","각질","5점만점에 4점","2025.04.20","지성에 좋아요","주름/미백에 좋아요","자극없이 순해요","여드름 흉터에는 효과 진짜 좋아요! 근데 자기 전 좀 두껍게 올리면 때처럼 밀려요.. 그리고 화장 전 바르고 화장해도 때 같은 게 나와요… 화장 전 사용은 완전 비츄합니다","다크서클"
"몽맹","지성","여름쿨톤","각질","5점만점에 4점","2025.01.16","지성에 좋아요","진정에 좋아요","자극없이 순해요","저는 지성인데 겨울엔 좀 보습이 부족한 편인 것 같아요ㅜㅜ여드름 흔적은 좀 연해지는 것 같아요! 여름에 사용하기 정말 좋을 것 같아용","다크서클"
"밍지밍징징이","건성","웜톤","모공","5점만점에 5점","2025.01.06","건성에 좋아요","보습에 좋아요","자극없이 순해요","가벼운듯하면서도 쫀득한 사용감때문에 손이 자주가요바르기 쉬운 제형","블랙헤드"
"그리핀도르","민감성","여름쿨톤","모공","5점만점에 4점","2024.11.10","복합성에 좋아요","진정에 좋아요","보통이에요","다 좋은데 가을 겨울용으로는 좀 건조해요 여름 수부지템으로 추전합니다","민감성"
"냥냥임1","중성","여름쿨톤","","5점만점에 5점","2024.10.30","복합성에 좋아요","보습에 좋아요","자극없이 순해요","겨울빼고 잘 쓰고 있어요 유분기 없이 수분만 잘 채워주는 느낌이라 좋아요",""
"밍지밍징징이","건성","웜톤","모공","5점만점에 5점","2024.10.15","복합성에 좋아요","진정에 좋아요","보통이에요","속보습 잘 잡아주는 크림. 쫀득한 제형인데 밀리는것도 없고 꽤나 마음에 듭니다. 흔적진정은 모르겠어요","블랙헤드"
"그리핀도르","민감성","여름쿨톤","모공","5점만점에 4점","2024.10.09","복합성에 좋아요","진정에 좋아요","보통이에요","수부지 피부에 좋아요 추천합니다ㅎㅎ!~~~~~~~~","민감성"
"그리핀도르","민감성","여름쿨톤","모공","5점만점에 5점","2024.10.01","복합성에 좋아요","진정에 좋아요","보통이에요","수부지 피부에도 잘 맞고 좋아요 만족합니당ㅎㅎ!~~~~~","민감성"
"올영에내지갑을","복합성","여름쿨톤","다크서클","5점만점에 5점","2024.09.30","복합성에 좋아요","진정에 좋아요","보통이에요","항상 이거 바르고나면 트러블이 말끔히 없어져서 너무 좋은것같아요","모공"
"그리핀도르","민감성","여름쿨톤","모공","5점만점에 5점","2024.09.08","복합성에 좋아요","진정에 좋아요","보통이에요","기대없이 구매했는데 성분이 순한지 예민한 수부지 피부에도 잘 맞네요","민감성"
"올영에내지갑을","복합성","여름쿨톤","다크서클","5점만점에 5점","2024.08.28","복합성에 좋아요","진정에 좋아요","보통이에요","칭구가 강추하던 양파크림 제가 함 써보겠습니다 은근 좋을것같은 그런 느낌적인 느낌이 들어 참으로 행복하군욥","모공"
"I달덩이I","복합성","웜톤","모공","5점만점에 5점","2024.06.06","복합성에 좋아요","진정에 좋아요","자극없이 순해요","건성인 제가 여름마다 찾는 크림입니다. 벌써 4통째 구매입니다","블랙헤드"
"옹망몽먕","복합성","여름쿨톤","모공","5점만점에 5점","2024.05.16","복합성에 좋아요","보습에 좋아요","자극없이 순해요","용량에 비해선 가격이 사악한 면이 있긴 한데 이거 발라야 트러블이 안남..","민감성"
"옹망몽먕","복합성","여름쿨톤","모공","5점만점에 5점","2024.04.16","복합성에 좋아요","보습에 좋아요","자극없이 순해요","가격이 용량에 비해서 사악하긴 한데 돌고 돌아 결국 정착하게됨.. 이만한 제품 못봤어요","민감성"
"듀마","민감성","봄웜톤","민감성","5점만점에 5점","2023.02.23","복합성에 좋아요","진정에 좋아요","자극없이 순해요","자극이 없어서 막쓰기 좋네요 그래서 막 사용하게 됩니다 향도 거의 없고 가벼워서 좋아요","잡티"
"피터팬22","","","","5점만점에 4점","2022.06.05","복합성에 좋아요","진정에 좋아요","보통이에요","흠...트러블 흔적이 연해지는지는 잘 모르겠어요...무난무난합니다",""
"함생이","","","","5점만점에 5점","2022.04.30","건성에 좋아요","진정에 좋아요","자극없이 순해요","수분크림 제형에 바르고 난 뒤엔 시웡해요 그리고 끝 마무리는촉촉해요",""
"핀지윤","","","","5점만점에 5점","2022.04.14","지성에 좋아요","진정에 좋아요","자극없이 순해요","반투명한 젤타입이라서 끈적하게 남는것 없이 산뜻해서 좋았어요",""
"지성김건성","지성","웜톤","블랙헤드","5점만점에 4점","2022.04.08","지성에 좋아요","진정에 좋아요","자극없이 순해요","흔적이 옅어지는 효과는 잘 못느꼈지만 사용감이 좋아서 두 통째 쓰고있어요!","트러블"
"지성김건성","지성","웜톤","블랙헤드","5점만점에 4점","2022.04.08","지성에 좋아요","진정에 좋아요","자극없이 순해요","흔적이 없어지는건 잘 모르겠지만 자극이 전혀 없어서 좋고 마무리감이 끈적이지 않아서 사용감 때문에 두 통째 쓰고있어용","트러블"
"소금아이","","","","5점만점에 5점","2022.04.04","지성에 좋아요","진정에 좋아요","자극없이 순해요","자극없이 순하고 지성피부에 좋아요 깔끔하고 끈적임없는데 수분감은 있어요",""
"시이키토모미","","","","5점만점에 5점","2022.03.27","복합성에 좋아요","진정에 좋아요","보통이에요","개선효과는 .. 음 진짜 잘 모르겟고요 좀만 많이 바르면 끈덕하고 흠 .. 전 좀 별로 ~ ㅜ",""
"똘망e","","","","5점만점에 3점","2022.03.25","복합성에 좋아요","진정에 좋아요","자극없이 순해요","발림성이 조금은 두껍지만 바르고 난뒤에흡수는 빠르고 끈적임 없는편진정이나 재생효능은 그렇게 높은편은 아닌거 같아용",""
"오로로롱","","","","5점만점에 4점","2022.03.23","건성에 좋아요","주름/미백에 좋아요","자극없이 순해요","굉장히 촉촉해서 건성 피부에 좋을 거 같아요 아직 드라마틱한 효과는 못 봤는데 계속 시간 날 때마다 발라주고 있어요",""
"소금아이","","","","5점만점에 5점","2022.03.18","지성에 좋아요","보습에 좋아요","자극없이 순해요","자극없이 순하고 생각보다 깔끔하고 보습력까지 있어서 지성피부에 추천합니다",""
"쐉","","","","5점만점에 5점","2022.03.12","복합성에 좋아요","주름/미백에 좋아요","자극없이 순해요","흔적크림이라해서 눈여겨 보다 세일 때 샀습니다! 며칠 안썼지만 뭔가 옅어지는 기분이 드는건 기분탓인지는 모르겠지만 순하고 좋은거 같아요!",""
"oli링이","트러블성","봄웜톤","블랙헤드","5점만점에 5점","2022.03.10","복합성에 좋아요","진정에 좋아요","자극없이 순해요","여드름 자국 ㅠㅠ 연해지라고 사봤는데 발림성도 좋고생각보다 유분기도 많지 않아서 좋은것같아요!","트러블"
"강냉","","","","5점만점에 5점","2022.03.07","복합성에 좋아요","주름/미백에 좋아요","자극없이 순해요","자극 없고 트러블 안 나고 계속 사용하니까 잡티 흔적에 효과있어요.",""
"마레1127","복합성","","","5점만점에 5점","2022.03.04","복합성에 좋아요","진정에 좋아요","보통이에요","젤타입이라 건성인사람은 보습크림도 같이 발라줘야 할 거 같아요",""
"뷰리티","","","","5점만점에 4점","2022.02.24","복합성에 좋아요","진정에 좋아요","자극이 느껴져요","제피부는 볼건조 티존 좁쌀이 나는 피부 인데 좁쌀 압출 여드름 흔적에 도움이 된다하여 구매했는데.개선효과는 크게 못느꼈고 스팟처럼 바르니 붉게 자극이 느껴져서 중단했어요. 손이 가질않아요 ㅠㅠ",""
"반짝반짝조아","","","","5점만점에 5점","2022.02.19","복합성에 좋아요","진정에 좋아요","자극없이 순해요","크림 잘못 바르면 바로 트러블 올라오는 민감성이라 고민하다 구매했어요~ 몇일 써봤는데 트러블 올라오는거 없고 얼굴이 살짝 환해진 느낌은 들어요~ 부드럽게 발리고 찐득한 느낌은 없는데 보습은 되는 느낌이예요~",""
"흑흑이","지성","웜톤","각질","5점만점에 3점","2022.02.12","복합성에 좋아요","진정에 좋아요","자극없이 순해요","마스크를 2년 이상 쓰다 보니 여드름이 많이 생겨서 그로 인한 흉터로 피부가 많이 상했습니다 그러다 보니 자연스럽게 흔적크림을 찾게 되었는데 이게 괜찮은 것 같아서 구매하게 되었어요 아직까지 드라마틱한 결과는 없지만 꾸준히 써보려구요","모공"
"흥해라","","","","5점만점에 5점","2022.02.08","지성에 좋아요","진정에 좋아요","자극없이 순해요","오랜시간 인텐스 크림들을 사용해서 지성피부로 변했어요ㅠㅠ이 크림 사용하고 피부당김도 없고, 유분기도 줄어들고, 트러블도 많이 줄었어요!:)",""
"잠자는숲속의이무","지성","쿨톤","피지과다","5점만점에 5점","2022.02.04","지성에 좋아요","진정에 좋아요","보통이에요","얼굴이 너무 건조하시면 다른 앰플이나 세럼이랑 같이 사용하시는 게 좋을 거 같아요! 가볍고 좋네요",""
"강냉","","","","5점만점에 5점","2022.01.24","복합성에 좋아요","보습에 좋아요","자극없이 순해요","트러블 자국때문에 세일할 때 샀어요. 바를 때 자극 없고 순한 느낌이에요. 꾸준히 사용해볼게요.",""
"소금아이","","","","5점만점에 4점","2022.01.21","지성에 좋아요","진정에 좋아요","자극없이 순해요","진짜 자극없이 쓸수있는 것 같아요 젤크림치고 보습력도 있고 깔끔해서 지성이 쓰기에 괜찮아요",""
"Eos2024","지성","웜톤","모공","5점만점에 5점","2022.01.17","지성에 좋아요","진정에 좋아요","자극없이 순해요","자극 없고 진정 되고 흔적 옅어지고 보습 괜찮고 만족스러워요","미백"
"혬상","복합성","봄웜톤","다크서클","5점만점에 5점","2025.07.15","복합성에 좋아요","진정에 좋아요","자극없이 순해요","두통째 쓰는 크림! 쬐곰 비싸지만 자꾸 쓰게됨 ㅠㅠ 장벽 케어도 돼서 피부 진정도 잘 되고 피부톤이 균일해지면서 피부 좋아졌다는 소리도 많이 들었어염 추천","모공"
"떼구르르","약건성","쿨톤","다크서클","5점만점에 5점","2025.06.10","복합성에 좋아요","진정에 좋아요","자극없이 순해요","이거 바르고 피부 흔적이 조금은 옅어졌어요 겔 타입이라 산뜻하고 좋음. 재구매했어요","모공"
"소이콩","민감성","봄웜톤","각질","5점만점에 5점","2025.03.04","건성에 좋아요","진정에 좋아요","자극없이 순해요","내가 젤 뫃아하는 크림..헤헤헤 피부 진정이랑 흔적 관리에 좋아용","다크서클"
"체스랑","","","","5점만점에 5점","2025.01.04","복합성에 좋아요","진정에 좋아요","보통이에요","솔닉히 바이럴타서 유명해진듯 이거쓰면 담날에 여드름 올라오ㅓㅅ음",""
"체스랑","","","","5점만점에 5점","2024.12.01","복합성에 좋아요","진정에 좋아요","보통이에요","좀 기름진데 다음날 보니까 작은 여드름 하나 남… 사람마다 케바케인듯",""
"soymilk00","복합성","웜톤","다크서클","5점만점에 5점","2024.09.09","복합성에 좋아요","주름/미백에 좋아요","자극없이 순해요","전에 사 놨었는데 여름이라 크림을 잘 안 써서 계속 서랍 안에 있다가 오늘 처음 써 봤어요젤 크림이라서 무거운 크림은 바르기 싫은데 안 바르긴 좀 아쉬운 날씨에 쓰기 좋을 것 같아요","민감성"
"밍구다","","","","5점만점에 5점","2024.09.07","복합성에 좋아요","주름/미백에 좋아요","보통이에요","조ㅗ아요 좋다고요 너무 좋다고요 미치겟다고요 그냥 피부가 날이갈수록 좋아진다님가요? 저 믿고 써보세요 저 싸이비아님",""
"soymilk00","복합성","웜톤","다크서클","5점만점에 5점","2024.08.09","지성에 좋아요","보습에 좋아요","자극없이 순해요","예전부터 위시에 있었는데 크게 세일하길래 바로 구매했어요","민감성"
"아임도토리","복합성","쿨톤","각질","5점만점에 5점","2022.03.23","지성에 좋아요","진정에 좋아요","자극없이 순해요","여드름 흉터에 효과가 좋습니다~ 드라마틱한 효과를 기대하시면 실망할 수도 있어요","민감성"
"ekdrms****","복합성","가을웜톤","","5점만점에 5점","2022.02.01","복합성에 좋아요","진정에 좋아요","자극없이 순해요","처음 발랐을때는 오오 뭐야 속은건가 호갱인가 했는데역시 저는 3일차 사용했을때 부터 붉은기 라던가 기존에있던자국이 왠지 옅게 보이는 기분이 들었습니다 무겁지 않고 가볍게 바를수있는 제품이라 저는 매우만족합니다 따로 트러블이나 끈적임 그런거 없이 산뜻하게 마무리 되는 느낌이라 수부지분들에게 추천추천",""
"tpgml****","","","","5점만점에 5점","2022.01.27","복합성에 좋아요","진정에 좋아요","자극없이 순해요","눈옆에 여드름이 올라오려고했는데 여드름 자국이 한달넘게 안없어져서 유튜브중간 광고를 보고 이 제품을 구매했습니다. 약국에서 파는 노스카나와 같은 제품보다는 화장품개념이라서 꾸준히 써야지 효과가 보이는거같아요 근데 일주일정도 썼는데, 눈에 보일만큼 흉터가 옅어졌어요 꾸준히 더 써볼생각입니다 ㅎㅎ",""
"아롱뿌","","","","5점만점에 5점","2022.01.27","복합성에 좋아요","주름/미백에 좋아요","자극없이 순해요","순해요 갤크림이라 코팅되는 거같아요ㅎㅎ 미백되는거같아용",""
"dmsdl****","복합성","여름쿨톤","각질","5점만점에 5점","2022.01.26","복합성에 좋아요","진정에 좋아요","자극없이 순해요","밑져야 본전이라고 생각하고 구매했었어요전체적으로 깨끗한 피부인데 이마 트러블 흔적때문에 고르지 않아보였거든요.. 고민중에 구입했는데 웬걸 진짜 괜찮아요퍼스트에센스+세럼까지바르고 이걸 전체적으로 바르고 보습크림 바르고 고민부위에만 스팟처럼 얹고 잔지 이틀인데신기하게 금방 밝아졌어요! 연고같은 타입인데 노스카나보다 효과가 좋은것같아요","다크서클"
"밍밍브리오슈","지성","웜톤","모공","5점만점에 5점","2022.01.24","복합성에 좋아요","진정에 좋아요","자극없이 순해요","색도 보라색이라 싱기해요! 그리고 가벼운 제형이라 수부지가 사용해도 유분감이 그렇게 느껴지지 않아서 마지막에 바르기 좋네요","트러블"
"바라밤밤","복합성","웜톤","각질","5점만점에 5점","2022.01.22","건성에 좋아요","보습에 좋아요","자극없이 순해요","이건 진짜 좁쌀, 붉은 얼굴에 최고에요 저 뭘 써도 붉은끼가 계속 있었는데 이거 일주일 정도 넘게 쓰니까 파부가 매끈-","모공"
"단닌","","","","5점만점에 5점","2022.01.22","복합성에 좋아요","진정에 좋아요","보통이에요","바르면 바로 싸악 스며들어서 지성인데도 가끔 두번씩 바름름",""
"HEERO","","","","5점만점에 5점","2022.01.18","건성에 좋아요","보습에 좋아요","자극없이 순해요","구매할 생각이 없다가 올리브영에 방문하였다가 세일을 많이 하고 있어서 눈길이 가 구매까지 하게 되었습니다. 네O버 최저가보다도 훨씬 저렴한 가격대에 구매를 할 수 있어 도저히 구매하지 않고서는 안되겠더라구요. 일단 Try Me로 매장에서 발림성 및 자극성을 봤을때 아주 순한 느낌과 촉촉한 기운이 있어 제품에 대한 믿음이 생겼던 거 같습니다. 이제 사용 3일차 정도가 되었는데, 기본 스킨케어 마무리 단계에 꾸준히 사용중입니다. 이 제품을 바르고 다음날에 얼굴의 당김 없이 아주 산뜻하게 일어나서 저도 깜짝놀랐네요. 제가 이 제품을 사용하면서 가장 궁금했던 부분은 얼굴의 붉은 기를 감소해주는 기능이 있다하였는데 비록 3일차이지만 기분 탓인지 얼굴의 여드름 상처나 붉은 기가 상당부분 감소하거나 혹은 제거까지 된 거 같은 느낌을 받고있습니다. 다른분들께 아주 강추합니다!",""
"dada0707","","","","5점만점에 5점","2022.01.10","건성에 좋아요","보습에 좋아요","자극없이 순해요","피부 잡티 흔적에 고민이 잇어 이 제품을 선택하게 되었어용투명한 겔 타입이며 향은 무향이라서 좋아요꾸덕하거나 답답한 무거운 제형이 아닌 젤 타입의 가벼운제품이라 부담없이 데일리로 쓰기 좋은 제품인것 같습니다가격은 할인할때 만칠천원대로 구매했고 용량대비 정가는조금 비싸다고 느껴집니당 텍스쳐는 부드럽고 투명하게잘 발리면서 보습감이 좋은 상품인것처럼 느껴졋어용2주 흔적 케어라고 했으니 꾸준히 사용해 봐야 알겠지만연고 제품을 사용하기에 좀 부담스러우셧던 분들은이 크림으로 처음 입문해보시는 것도 좋을 거 같아용적양파 추출물이 많이 함유되어 잇어 흔적을 케어하기에아주 탁월하다고 하니 믿고 구매해보았는데 계속 사용해보면서결과를 알 수 있을 것 같네용 토너 제품도 같이 구매할걸이라는 생각이 들 정도로 만족하는 상품입니당",""
"밍혜","복합성","여름쿨톤","모공","5점만점에 5점","2025.07.01","복합성에 좋아요","주름/미백에 좋아요","보통이에요","세번째 구매인데 밤에 잘때 바르기 좋고 묵직한 느낌이라 보습되는 느낌? 좋아요","미백"
"Ohrwurm","복합성","여름쿨톤","모공","5점만점에 5점","2025.03.05","지성에 좋아요","진정에 좋아요","자극없이 순해요","여드름 흉터가 좀 있는데 도움될까 해서 샀어요!근데 꾸준히 바르기도 하고 다른 것도 같이 쓰다보니 효과는 있는 것 같아요. 제형은 보송하기도 건조하기도 해서 겨울에는 단독으로는 못 쓸 것 같아요.","블랙헤드"
"20040724","건성","여름쿨톤","각질","5점만점에 5점","2025.02.15","건성에 좋아요","보습에 좋아요","자극없이 순해요","효과는 사실 그렇게까진 모르겠구요 그냥 순해요..피부예민한 제가 써도 자극없어요","다크서클"