"id","point","date","txt","txt 2","txt 3","txt_inner","tag","tag 2","tag 3","tag 4","txt_oneline"
"분빵","5점만점에 1점","2023.03.04","지성에 좋아요","보습에 좋아요","자극이 느껴져요","ㅜㅜ손등에 바르고 안끈적거려서 구매하고 얼굴 전체 발랐는데 시간이 갈수록 이상하게 건조하고 따가워지더라구요.. 그래서 겨울이라 히터 때문에 건조한건가 싶었는데 잠자기전에 거울보니.. 눈두덩이가 붓더니,, 눈가 빨게지고 따갑고 가렵고ㅠㅜ 찬물로 씻고 다른 수분크림 바르고 잤는데 다음날 와... 쌍꺼풀까지 부어서 쌍수하거나 엄청 운 사람처럼 부어있어서 놀랐어요... 주말이라 병원도 못가고ㅜㅜ 약국가서 급하게 알러지약 사먹었어요.. 제가 피부 많이 예민한편은 아니였는데... 왜 이러는지ㅠㅠ 암튼 피부 조금이라도 예민하신 분이면 구매 고민해야할 것 같아요.. 흡수는 되게 빠르던데ㅜㅜ 촉촉은 모르겠어요.. 사진도...아침엔 더 심해서 눈뜨기도 힘들었습니다ㅠㅜ흑흑 근데 매장이랑 온라인이랑 2천원 차이 나네요..? 왜 매장이 더비싼거지..","","","","",""
"홈런볼이","5점만점에 5점","2020.04.16","복합성에 좋아요","보습에 좋아요","자극없이 순해요","퓨어핏 시카크림❤️ 부들부들 발리는게 너무 좋아요 자극없이 순하게 발리는 느낌이에요 요즘같이 건조할 때 바르면 촵 스며드는게 보습에도 더할나위 없을 것 같아요~!! 재구매각입니다 호호호","","","","",""
"올리브늙은이","5점만점에 5점","2024.04.30","지성에 좋아요","진정에 좋아요","자극없이 순해요","마음 편하게 사용하기 좋은 크림✔️조금만 사용해도 피부가 진정되는게 느껴져서 좋아요. ✔️예전에 사용했을 때 좋았던게 기억나서 구매하게 되었습니다. ✔️크기도 아주 크지 않아서 여행갈 때도 부담 없이 챙기기 좋아요.","민감성","여름쿨톤","각질","모공",""
"올리브늙은이","5점만점에 5점","2024.01.28","지성에 좋아요","진정에 좋아요","자극없이 순해요","이전에 썼던 좋은 기억으로 재구매했습니다. 여름에 쓰기에는 딱 좋을 것 같아요. 겨울에는 복합성에게 살짝 부족한 느낌입니다.","민감성","여름쿨톤","각질","모공",""
"잠많은여우","5점만점에 5점","2020.06.03","복합성에 좋아요","진정에 좋아요","자극없이 순해요","리뷰쓰려고 2주내내 피부사진 찍었습니다와 이건 진짜 정착템입니다!!!!유튜버 추천으로 제 돈으로 사서 쓰게된건데 발리는것도 촉촉하구 끈적임없이 가볍게 흡수돼요!마스크를 써서 피부에 여드름이 속속 올라와서 한번 써봤는데 빠르게 진정되는걸 보고 정말 반했습니다... 시카가 잘 맞는 피부이신 분들은 꼭꼭 써보세요!!저는 복합성인 피부인데 건성인 분이신들은 조금 건조하실 것 같습니다. 전 아까워서 조금씩 바르는데 양 많이 발라도 부담없을 것 같아요.아쉬운건 가성비가 조금 아쉽습니다 ㅠㅠ저는 이 라인 토너랑 세럼도 구매할 예정입니다 ㅠㅠㅠ 여러분 꼭 사세요 ㅠㅠㅠ","복합성","쿨톤","모공","블랙헤드","진정에 특화돤 시카크림"
"떵히","5점만점에 5점","2020.05.01","복합성에 좋아요","진정에 좋아요","자극없이 순해요","4월 16일에 받아서 2주 정도 사용을 해봤습니다. 제가 귀찮으면 가끔씩 크림을 안바를때도 있어서 꾸준히 바르지는 못했는데도 효과가 나타났어요. * 제형은 다른 브랜드 시카 크림들보다 가벼운 제형이라 여름철이나 화장전에 사용해도 괜찮은거 같아요. 흡수도 잘되고 끈적이지 않아요.그리고 시카제품들 특유의 향이 약해서 향에 민감하신 분들도 잘 사용하실 수 있을거 같아요.  * 저는 주로 자기전에 두껍게 발라서 사용했는데 확실히 사용하기 전보다 붉은기가 많이 없어진게 보였어요. 꾸준히 사용하면 큰 자국들도 많이 옅어질거 같아요.","","","","","여드름 자국때문에 고민이신 분들에게 추천드려요!"
"썬샤인","5점만점에 4점","2020.04.21","복합성에 좋아요","진정에 좋아요","자극없이 순해요","1. 제품  튜브에서 짤때는 진한 크림타입처럼보였는데 바르니 아주가볍게 발리더군요.  손등이 아주건조한데..쏙 흡수되었어요. 밀림없고 끈적임도 없어요.마침 턱에 뽀로지가나서 자기전에 발라보았는데 뽀로지가 좀커지는것같더니 바른 다음날 뽀로지가  오후쯤 좀사그라들었어요. 크림때문인지 사그라들때가 되어 진정되는건진 확실 하지 않네요 ㅋㅋ2.향은 없는것같아요. 저는~~3. 자극도 저는없구요. 흡수력은 좀 짱이네요^^4.튜브입구가 작아 양조절이 잘됩니다.한통 다쓰면 전 구매해서 바를 것같네요~~^","건성","웜톤","잡티","주름","무향.저자극.빠른흡수"
"바비","5점만점에 5점","2020.04.19","복합성에 좋아요","진정에 좋아요","자극없이 순해요","타브랜드 시카크림을 사용중이였는데요이번에 체험단에 당첨되서 코스알엑스꺼 첨써봤는데 빌림이 훨씬 가볍고 부드럽네요~ 무겁지않게 얇게 펴발라져요향도 무향이라 호불호없이 괜찮을듯싶고요~마스크때문에 요즘 턱과 입주위에 뭐도 나고 자극이되서 건조해졌는데 시카크림을 쓰고나니까 확실히 진정이 좀 된거같았어요~~^^입구도 좁아서 짤때 양조절도 편하네요~최고의 장점은 얇게 부드럽게 발리고 바르고 자면 담날 피부가 덜 당겨요~ 무겁지않아서 지복합피부에도 부담없이 사용할수있어요가격도 제가 사용했던 타 브랜드 시카크림보다 착한편이고 양도 좀더 많네요저는 쭉 잘쓰게될듯해요~","복합성","쿨톤","모공","탄력","얇게 잘발리고 담날 얼굴이 진정되어있는거같아요 좋네요"
"블라블라","5점만점에 5점","2020.04.17","복합성에 좋아요","진정에 좋아요","자극없이 순해요","와.. 이거 좋아요.. 제형은 뭔가 가벼운 젤크림도 아니고 그렇다고해서 꾸덕한 제형의 크림도 아니고 그 중간제형의 크림이다보니 가벼운 젤크림의 장점과 꾸덕한 크림의 장점을 합쳐놓은듯한 크림이랄까요.. 그래서 지성분들은 물론 건성분들도 모두 사용하실수 있는 크림인 것 같아요!! 우선 제 피부는 하루종일 마스크를 써서그런가 초초초민감해진 건성에 가까운 복합성 피부인데요, 요새 턱쪽에 여드름이랑 뾰루지는 물론 전체적으로 피부가 많이 안좋아져서 크림을 뭘 써야할지 스트레스였는데 이 크림.. 괜찮아요.. 바르자마자 싹 코팅되듯이 스며드는데 진짜 뭔가 수분도 채워주고 코팅되는 느낌이 수분을 나오지 못하게 막아줘서 그렇다고 건조해지지도 않고... 위에 언급했다시피 젤크림의 장점과 꾸덕한 크림의 장점들을 합쳐놨어요!! 수분은 채워주고 그렇다고 건조해지지 않고.. 아 그리고 저는 얇게 2번정도 발라주었어요!! 성분들이 너무 좋아서 여러번 발라도 무리 없이 바를수 있을 것 같아서 좋아유ㅠㅠ 세상에.. 아낌없이 팍팍 좋은 성분 때려 넣었어요ㅠ향은 무향이라고 생각했는데 다시 맡아보니 향이 있긴 하더라구요!! 무슨 향인지는 모르겠는데 설명서 보니 무향이지만 성분의 고유의 향이 난다고 해요!! 근데 개인적으로 전 이향 마음에 들었어용!! 그리고 뭔가 상자안에 크림만 들어있을 줄 알았는데 설명서? 같은것도 와서 연고를 받아보는 기분이 들었어용 뭔가 더 신뢰가 간다해야하나?? 물론 성분도 너무 좋고 저는 봄여름은 이 크림으로 갈아탈 것 같네용! 그리고 마지막으로 페이지에 나와있는 것 처럼 자기 전에는 고민 부위에(저는 턱쪽) 슬리핑마스크처럼 듬뿍 올리고 자보세요!! 확실히 진정되어있고 보들보들해졌어용!!","복합성","웜톤","각질","모공","진정효과 최고인 젤+크림 타입!!!"
"채채1633","5점만점에 5점","2020.05.01","지성에 좋아요","진정에 좋아요","자극없이 순해요","상품을 받아 써보고 리뷰를 남기기 위해 저와 동생이 함께 제품을 사용해보았습니다!*본인 피부타입- 악건성 - 예민한 피부- 평소에는 트러블이 거의 나지 않다가 그 주기에 트러블이 입 주변이나 볼 이마에 몇 개씩 나는 피부*동생 피부타입 - 지성- 트러블이 잘 올라오는 피부- 얼굴 전체에 트러블이 있음일단 이주에서 삼주정도 이 제품을 써 보았고 마지막 단계에 이 크림을 발라주는 것 외에는 각자가 사용하던 제품들을 사용해 주었습니다. 일주일 정도 사용해 보았을 때 드라마틱하게 얼굴이 깨끗해지지는 않았지만 일주일 정도 지났을 때 부터 피부가 훨씬 진정되는 느낌이었고 특히 동생의 피부가 훨씬 깨끗해진 것이 보였습니다.동생이 느끼기에도 피부가 엄청 진정된 느낌이 든다고 하더라구요!!!저도 중간에 트러블이 났을 때 더 빨리 트러블이 사라지는 것이 보였어요. 지성인 제 동생이 썼을 때는 촉촉한 느낌이 들었다고 했는데 악건성인 제가 썼을 때는 얼굴이 땡기고 건조한 느낌이 계속 해서 들어서 그 점이 아쉬웠어요.제 동생은 자기 돈을 주고 구매 할 의사가 있다고 하네요ㅎㅎㅎ저는 이 크림이 더 촉촉하기만 하다면 구매 의사가 있어요!!아 그리고 꿀팁을 드리자면 헤이네이처 어성처 스킨과 함께 쓰시면 진정효과가 더 빨리 나타난답니당👍🏻제 동생도 크림만 쓸 때 보다 스킨을 같이 쓰니 더 빠르게 진정이 되더라구요~~~","","","","","여러분 효과 괜찮아요 써 보세요~~~"
"파워제이","5점만점에 4점","2023.01.15","건성에 좋아요","보습에 좋아요","자극없이 순해요","제 피부는 민감성 수부지 타입입니다. 수부지이다보니 유분기 낭낭한 제품을 바르면 바로 트러블이 생겨요. 그런데 겨울이라 건조해서, 평소 쓰던 제품보다 조금 더 되직한 느낌의 제품을 찾았어요. 수분감 가득한 제품쓰고, 마지막에 코스알엑스 시카 크림으로 건조한 부위에만 덧발라주고 있어요. 화장 전에 썼더니 밀려서, 밤에만 쓰고 있습니다. 아침까지 많이 남진 않지만, 그래도 보습감이 남아있어요.","","","","",""
"sosonee","5점만점에 4점","2022.10.19","복합성에 좋아요","진정에 좋아요","자극없이 순해요","처음에는 코스알엑스 시카패드를 사용했다가 너무 만족스러워서 그다음 토너와 크림을 구매했습니다.요즘 날이 쌀쌀해지고 점점 피부도 건조해지는게 확 느껴져서 피부 진정과 보습에 좋은 순한 크림이 필요했어요... 워낙 제 피부가 많이 건조하고 민감한 피부이다보니 성분표를 를 꼼꼼하게 따져보고 일단 코스알엑스 제품을 사용해보는중 입니다.시카라인이라 확실히 자극없이 순한 느낌이고, 제형도 묽지도 너무 되직하지않아서 좋구요.무엇보다 끈적임이 덜해서 좋아요, 이제품은 펴바르고 나면 끈적임은 덜하면서 정말 촉촉한 느낌이고 흡수가 되자마자 피부가 보들보들해지는게 잘맞는 크림을 찾았다 싶었어요ㅎㅎ 자극도 없어서 좋고, 저는 그날이 다가올때면 여드름이 조금씩올라오는데 피부진정과 손상된 피부 회복에 좋을거같아요, 일단 아직은 사용한지 며칠안되서 크게 효과를 잘모르겠어서 사용하는데 크게 문제가 없으면 한통은 다 사용해봐야 알거같네요.","건성","웜톤","다크서클","모공",""
"greyyy","5점만점에 5점","2022.06.27","복합성에 좋아요","진정에 좋아요","자극없이 순해요","안생기던 부분에 뾰루지가 몇개가 나서 너무 스트레스여서 코스알엑스 시카세럼을 몇주 전에 구매해 저녁마다 에센스단계에서 얼굴 전체와 목까지 발라줬어요.  흡수좀 시키고 또한번 발라주고 그다음에 판테놀크림이나 수분진정에 충실한 가벼운 크림을 바르니까 확실히 진정이 되고 흔적?이 좀 옅어지는 것 같더라구요.  트러블도 더 안났구요. 평소 탄력, 결을 중요시해서 에센스는 꼭 그런걸 써왔는데 이번에 코스알엑스꺼 쓰면서 너무너무 만족스러워 시카크림까지 구매하게됐네요 ㅎㅎㅎ올영 세일기간에 할인된 가격으로 구매해서 그날 저녁부터 바로 발랐는데 역시 순하고 속당김 전혀없고 피부를 진정시켜주는 느낌이 들어서 좋았어요!!  이건 기획으로 안나올까요??! 나오면 바로 살 것 같아요. 여름이라 요 크림이랑 수분젤크림이랑 번갈아가며 쓰려고합니다. 너무 좋은 크림같아요:)","복합성","쿨톤","잡티","탄력",""
"올리빠","5점만점에 4점","2022.04.27","복합성에 좋아요","진정에 좋아요","자극없이 순해요","코스알엑스 세럼 사용하다가 좋아서 크림도 구매해봤어요〰️〰️🤍💚🤍아침에 화장하기 전에 기초을 여러가지 바르는 편도 아닌데 항상 화장을 하면 기초가 밀려서 피부화장이 엉망이 되더라구요..ㅜㅜ 그래서 항상 속은 촉촉하고 겉은 보송하게 마무리 되는 크림을 사용하는데, 딱!! 코스알엑스 크림이 제가 원하던 크림이더라구요〰️〰️바르고나서 피부 당김이나 건조한 부분 없이 피부 겉이 보송하게 마무리가되서 화장이 밀리지 않았어요!👍또 진정 효과도 같이 있어서 트러블 나는 것도 좀 덜 한거 같아요!👍아침에는 사용하기 좋지만 저녁에는 크림이 조금 가벼운 느낌이라 따로 다른 크림을 발라주는게 좋아요!😯양도 많고 사용하기에도 튜브라 편하고 가격도 적당해서 아주아주 만족합니당🤍👍🤍","복합성","웜톤","민감성","블랙헤드",""
"올영한테돈털린바니","5점만점에 5점","2022.01.26","복합성에 좋아요","보습에 좋아요","자극없이 순해요","피부타입: 복합성 여드름👍무난무난해요 무겁지도 가볍지도 않은 제형으로 복합성에게 좋을 것 같아요👍저는 수부지라 부분적으로 살짝 보습감이 떨어진다고 느끼는 부분도 있었지만 반대로 여드름이 많은 곳은 적당히 촉촉하게 마무리 되지않아 괜찮았어요👍무엇보다 화해에 유해성분이 0이더라고요!다들 순하다 광고해도 성분 찾아보면 한두개 유해성분이 있던데 얘는 진짜 0이어서 믿고 구매했어요!👍향도 딱히 없고 시카크림은 죄다 발림성 꾸덕하고 이상한데 얘는 일반 수분크림이랑 똑같이 부드럽게 발려요👎단점은 용량이 크진않아요 ㅠㅠ 꾸덕한 제형이 아니다보니 많이 발라야돼서 용량이 팍팍 줄어요...👎건성이시면 하나로는 조금 부족하다고 느낄 것 같아요그런데 또 지성피부에 맞는 번들거림 0인 느낌은 또 아니에요...중복합성에게 추천합니다","복합성","쿨톤","트러블","",""
"샤브레","5점만점에 5점","2021.07.23","복합성에 좋아요","진정에 좋아요","자극없이 순해요","집에 있는 증정 쓰고 너무 괜찮아서 본품 구매했어요!👍무엇보다 튜브형태로 되있어서 위생적이라 좋아요 다른 브랜드 크림들도 튜브로 좀 바꼈으면 좋겠어요ㅠㅠㅠ지성피부에는 여름에 좀 무겁게 느껴질수 있을것 같아요ㅎㅎ 하지만 복합성 건성 피부에는 딱입니당 ㅎ텍스처가 무겁지 않고 가벼워요 가볍지만 또 촉촉해요!!!  그리고 흡수력이 빨라 좋아요 ㅎㅎ 제피부가 여름에는 좀 유분기 많지만 나머지 계절에는 극 건성이예여 그래서 봄가을겨울 낮용 크림으로 사용할려구요 진짜 제가 찾는 수분도에 제형에 딱좋어요ㅠㅠㅠ 환절기 템으로 진짜 짱일듯 합니다바르면 뭔가 쫀쫀하고 하지만 끈적이지 않아요 밀림도 없어서 화장전에 사용해도 괜찮ㅇㅏ요ㅎㅎ 시카크림이라 피부 진정에는 물론 좋구요~~! 진정수분크림으로 진짜 추천합ㄴㅣ다❤️❤️","복합성","웜톤","민감성","블랙헤드",""
"듀부누나","5점만점에 5점","2021.06.27","복합성에 좋아요","진정에 좋아요","자극없이 순해요","두번째 구매입니다.. 이정도면 코스알엑스 처돌이라고 말해도 되겠죠..? 너무순하고 여드름쟁이한테 최고인 제품…입니다 맨날 수면팩 처럼 두둑히 올려두고 자면 그다음 날 아침에 피부가 정말 좋아져요ㅠㅠ저는 복합성이면서 건성의 피부를 가지고 있고 피부고민는 좁쌀+화농성 여드름인데요 확실히 도움돼요근데 살짝 크림이 건조해질때가 있더라구요 그래서 그럴 땐 한겹 더 쌓아줘요! 이 크림 진짜 여름에 강추에요 더 습해지고 더워지면 건조함 느끼는 것도 훨씬 덜 할 것 같아용 가격도 저렴해요 올리브영데이 세일해서 13500원이면 완전 개꿀아님니까? 그리고 이 크림말고도 같은 라인에 세럼도 있는데 같이 바르시는거 강 추 합니다","트러블성","웜톤","민감성","트러블",""
"진곰","5점만점에 5점","2021.01.12","복합성에 좋아요","보습에 좋아요","자극없이 순해요","최근 코와 턱 주변 피부가 너무 안좋아져서 피부 진정에 좋은 시카가 들어가고 유분이 과하지 않은 크림을 찾다가 발견화해에 검색하니 성분도 너무 좋은편!!일반 불투명한 흰색 수분크림에 지성용 젤타입 수분크림이 섞인 느낌의 제형으로 유분이 과하지 않음이름을 보고 퓨어핏이라 금방 흡수 되고 뽀송할것 같았는데 뽀송해지지는 않았음. 피부에 얇게 크림벽이 남아서 서서히 흡수되는것 같은 느낌. 바르고 바로 화장하면 밀릴수 있으니 아주 얇게 바르거나 조금 흡수 되고나서 화장 하시길 추천드림향은 무난함(한약 같은 냄새가 아주 약하게 나는 편이라 코를 박고 계속 맡으면 좋지는 않지만 의식하지않고 피부에 바르면 무향같이 별 느낌 안남)약 1주일째 사용중인데 드라마틱한 효과는 없지만 트러블들이 약간 진정되고 더 심해지지는 않았음턱쪽 화이트헤드들이 유분이 과한 화장품을 쓰면 더 많아지거나 커지는편인데 이건 괜찮았음리뷰 작성일 기준으로 같은 제품 본품 + 15ml 증정이 같은 가격에 판매되고 있으니 그거 구매하세요ㅠㅠ 바보같이 증정 없는 이거 구입함.. 묘하게 아까움","복합성","웜톤","각질","모공",""
"호오오랑이","5점만점에 2점","2020.07.28","건성에 좋아요","보습에 좋아요","자극없이 순해요","수부지인데 이 제품은 시카제품 치고 너무 유분기 넘친다고 생각했어요. 쿠션은 건조한걸 쓰면 또 너무 떠서 약간 촉촉한걸 쓰는데 아침에 이거 바르고 쿠션 바르면 얼굴에 유분기가 넘쳐 흐르더라구요... 이미 산거라서 어쩔 수 없이 쓰기는 했지만 1통을 다 비우지 못하고 다른 제품으로 갈아탔습니다ㅠㅠ 피부 진정...은 잘 모르겠어요. 오히려 전 이걸 바르고 트러블이 심해진 케이스라서요ㅠ!","","","","",""
"동그라미동글이","5점만점에 4점","2020.06.22","복합성에 좋아요","진정에 좋아요","자극없이 순해요","지성인 저는 날씨가 더워지기 전에 사용했는데 쫀쫀하고 흔적을 잘 가라앉혀주는 것 같아서 잘 썼어요! 근데 여름이 되서 더워지니까 얼굴에 무겁게 발려지고 얼굴에 뭘 엊혀놓은 느낌이 들더라구요 구래서 그런지 빨간 뾰루지가 쪼끔씩 올라왔어요 후후ㅜㅜ 근데 저처럼 심한 지성이 아니신 분들은 뾰루지 흔적 케어해주는데는 좋을 것 같습니다!","","","","","지성에게 여름엔 쪼꿈 무거워요"
"까망콩","5점만점에 5점","2020.05.27","건성에 좋아요","보습에 좋아요","자극없이 순해요","올영체험단 선정되어서 써보고 무난히  잘써서 구입했어요.수분감이 조금부족한거같아서(한달가까이 요제품만썼다가) 3일전부터 닥터지레드블레미쉬수딩크림과 같이써요^^화장할때 잘먹고 메이크업할때 메끄럽게 화장됩니다^^유통기한2023/1월/15까지 넉넉해요^^","복합성","웜톤","모공","민감성","메이크업 매끄럽게되요.흡수력좋아요."
"마크파이팅","5점만점에 5점","2020.05.03","지성에 좋아요","진정에 좋아요","자극없이 순해요","너무 좋아요!올영체험단으로 받아서 좋다는 말하는게 아니라너무 순하고 진정이 잘되는 느낌!!다 쓰면 무조건 재구매할거에여얼굴 전체적으로 크림 바르듯이 바르고뭐 올라온 부분만 조금 두껍게 올리면다음날 진정된게 눈에 확실히 보여요","쿨톤","","","","순하고 진정에 체고!"
"뇸뇸올챙이","5점만점에 3점","2020.05.02","복합성에 좋아요","진정에 좋아요","보통이에요","착한성분 크림을 찾다가 이 제품을 선택하게 되었습니다. 약 10일 이상 꾸준히 써본 결과 보습력이 좋다는 점이 느껴졌어요. 갑자기 날씨가 더워져서 밤에만 발랐구요. 낮에 바르기엔 리치한 느낌이 있습니다. 다만, 메이크업할 때 들뜸 방지용으로 좋습니다. 아쉬운 점은 용량 대비 가격이 비싸다는 점입니다.","복합성","웜톤","각질","모공","착한성분 보습 크림으로 좋지만 가격이 비싸네요."
"원포유","5점만점에 5점","2020.04.23","지성에 좋아요","진정에 좋아요","자극없이 순해요","☆일주일 써본 후기☆평소에 코스알엑스 처돌이라 퓨어핏 시카크림 리뷰기회가 생겨서 매우기뻤어요. 원스탭 클리어패드를 2년넘게 매일매일 사용하고있고 그 외 다른 코스알제품이 잘 맞았어서 믿고 바로 사용해봤어요. 가장 마음에 든 부분은 역시 발림성과 피부 위 편안함입니다.보통 스킨케어 마지막단계에서 바르는 크림들 중에 시카크림은 젤타입에 가까운편이구요, 그래서 바르면서 수분감이 터지고 부드럽지만 가볍게 올라가는 타입이에요! 그래서 수부지인 저한테 적합한 제형이었어요. 아침 저녁 다 바르기 좋은 타입이지만 저는 밤에는 수면팩st 크림을 듬뿍 올려주고 자는 편이라 아침에 더 많이 사용했어요. 보습력도 적당히 좋은 편이라 그위에 화장을 해도 전혀 밀리지않았고 답답하지 않았어요. 💜좋아요💜1. 부드러운 발림성2. 다른 시카라인보다 가볍게 발려서 매일사용하기 좋음3. 아주 촉촉하지만 끈적임이 없음3. 순하고 편안한 진정감4. 튜브타입이라 사용하기 아주편함👏👏💙아쉬워요💙1. 깊은 보습이 필요한 건성한테는 가벼움2. 나이트 크림보다는 데이크림으로 추천3. 병풀 추출물이 안맞는 사람한테는 비추가볍게 쓰기 좋은 시카 데이크림을 찾으셨던 수부지에게 ☆강추☆합니다. 저는 크림이 무난하게 잘 맞는거같아서 같은라인 세럼도 써보려고 합니당","","","","","수부에게 시카 데이크림으류 추천합니다"
"셩이네","5점만점에 5점","2020.04.22","건성에 좋아요","보습에 좋아요","자극없이 순해요","코스알엑스 토너패드 첫 이용으로 라이드앰플에서이젠 크림까지 영역을 확대할만큼제품 만족도가 좋네요~ 악건성에 피부가 얇아 보습에 신경을 많이 쓰는편인데이 제품은 피부에  겉돌지 않아 좋아요~다만 이제품 하나만 바르면 살짝 건조해서전 앰플 바르고 그 다음 단계에 사용해요~그럼 아침까지 촉촉하네요~^^","","","","",""
"에스더","5점만점에 5점","2020.04.19","복합성에 좋아요","진정에 좋아요","자극없이 순해요","코스알엑스 제품은 패드, 프로폴리스 앰플 등다양하게 쓰고 있는데, 민감성 피부에 좋은 제품을 잘 만드는브랜드 같아서 믿고 쓰는 브랜드입니다.진정에 좋은 시카 크림이 코스알엑스에서 나왔다니기대가 됐는데요.저는 수부지인데 시카 크림을 쓰는 것이 망설여지는 이유가대부분의 시카 크림이 무겁기 때문인데요.근데 이 제품은 지성이 쓰기에 가볍고 다른 시카 크림들보다얇게 발려서 좋습니다.특히 지성 분들은 피부에 잔여감에 민감하기 때문에이 부분에 있어서 만족합니다.여름에 쓰기에도 괜찮은 시카 크림이 나온 것 같아 만족합니다.붉은 기가 많은 쪽에 시카 크림을 집중적으로 발라줬는데아직까지 눈에 띄는 큰 변화는 없지만조금씩 나아지는 게 눈에 보여서 꾸준히 써볼까 합니다.","지성","쿨톤","트러블","피지과다","가벼운 시카크림을 찾는 민감성 수부지를 위한 제품"
"체리올리브","5점만점에 5점","2020.04.17","건성에 좋아요","진정에 좋아요","자극없이 순해요","굉장히 가벼운 튜브형 용기가 일단 맘에 드네요. 위생 걱정 없을 것 같아요!ㅎㅎ 그리고 입구도 굉장히 좁아서 소량씩 짜서 쓰기에도 용이하고, 제형도 맘에 듭니다. 가볍고 매끄럽게 발리는데 무겁거나 끈적거리지 않아서 좋아요!^^ 피부 진정이 필요할 때 꾸준히 써주면 좋을 듯 합니다. 아 그리고 향은 제 스타일은 아니었는데, 대신 향이 너무 강하지 않았고 바르면서 금방 날아가서 쓰기 불편하진 않았어요 ㅎㅎ 앞으로도 계속 손이 갈 것 같습니다!ㅎㅎㅎ","건성","웜톤","모공","미백","말 그대로 정말 퓨어하게 핏되는 시카크림!♡"
"까망콩","5점만점에 5점","2020.04.16","건성에 좋아요","보습에 좋아요","자극없이 순해요","체험단에 선정되어 너무감사드립니다.^--^코스알엑스-퓨어 핏 시카크림택배포장 완벽하게 포장되어서 잘받았습니다!배송이 빨리와서 아점에 세수하고  바로 발라보았어요.살짝 시원한느낌이 드는듯하면서 수분과 시카성분이코팅되는듯한 산뜻한 발림성입니다.광이들어 있지않은듯해서 제가바르는 크림도같이 발라주었는데 이중코팅되는듯 피부가 탱탱해졌습니다! 유통기한도 넉넉하고 좋아요*^---^*구매의사 있어요~~~!","지성","웜톤","","","코팅되는듯 수분잡아주는 진정크림*^^*"
"장꾸뽕꾸","5점만점에 5점","2020.04.16","복합성에 좋아요","진정에 좋아요","자극없이 순해요","특히 요즘엔 마스크를 자주 오래 착용해서 그런지 턱주위가 난리도 아니더라구요..그래서 시카크림 찾다가 체험단신청이 되서 오늘 써봤는데 연고보다는 부드러운 텍스쳐에 무향에 가깝고 순하고 좋네요!","","","","","순하고 흡수력좋은 시카크림!"
"돈은없지만가오는있어","5점만점에 4점","2021.12.12","복합성에 좋아요","보습에 좋아요","보통이에요","이 코스알엑스 퓨어핏 시카 라인 중에서 패드와 앰플을 써본 적이 있는데 그때 굉장히 좋게 느꼈었고 실제로 앰플은 지금도 쓰고 있을 정도로 좋은 인상이 있어서 이번에 크림을 새로 살 때 할인도 하겠다 같은 라인 제품들도 좋게 느꼈다 싶어서 샀습니당 전 다른 것보다 트러블 진정에 효과가 있는 제품들만 쓰기 때문에 이 제품도 트러블 효과에 좋을 것을 기대하고 산 건데 음 사실 이 라인 다른 제품들처럼 트러블 효과가 좋은지는 잘 모르겠더라구용 예전에는 이 라인 다른 제품들은 아침에 트러블 난 곳에 그것들을 바르고 저녁이 되면 트러블이 진정될 정도로 효과가 좋았는데 이건 그냥 트러블이 막 개선되기 보다는 이 제품으로 인한 트러블은 나지 않은 것 같더라구요 제가 수분부족지성인데 이 제품은 진정 효과라기 보다는 그냥 보습 효과에만 도움이 되는 것 같아요 진정 효과를 기대하고 이걸 사시기 보다는 그냥 막막 바를 수 있는 크림이라 생각하시면 될 것 같습니다","지성","가을웜톤","각질","블랙헤드",""
"와이키키","5점만점에 4점","2021.07.19","복합성에 좋아요","진정에 좋아요","자극없이 순해요","빠른배송에 감사드립니다증정품으로 사용 후 진정에 효과가있어서 구매하였습니다첨 들어보는 브랜드라 구입하기 망설였지만 트러블 부위 진정효과가 있는듯싶어 구입하였습니다발림성 괜찮아서 데일리로 사용하기도 좋을거같네요한통 다 사용 후  추가구매도 생각해보겠습니다","","","","",""
"리뷰할게많나봐여","5점만점에 5점","2020.09.16","복합성에 좋아요","진정에 좋아요","자극없이 순해요","엄청난 효과가 있다고 말씀드리기는 어렵지만 확실한 건 큰 뾰루지들은 많이 가라앉았어요!코랑 볼 주위에 왕 뾰루지들이 엄청 나서 급하게 구매했던 제품들이었는데 기분탓인지 모르겠지만 이 제품 사용한 날부터 조금씩 진정되기 시작했어요!🤔(클렌징폼도 바꿨더니 이 제품 때문이야!! 라고 말씀드리기는 어렵습니다) 어쨌든 제품쓰고 뭐가 난 게 아니라 가라앉았으니 만족해요!✔️제형은 생각보다 가벼운 제형이고 발림성도 좋습니다.요즘 잘 때 다른 거 안바르고 이 제품만 바르고 자는데 많이 개선된 게 느껴져요! 많이 바른다고 해서 좋은 것만 아닌가봐요🥴 흡수도 잘 돼서 바르고 화장해도 밀리 거나 들뜨지 않아요 추천드릴게요👍🏻👍🏻","복합성","쿨톤","각질","모공",""
"슬이ㅎ","5점만점에 5점","2020.06.08","건성에 좋아요","진정에 좋아요","자극없이 순해요","1.성분이 착하다👍민감성 피부는 아니지만 성분착한 크림을 써보고싶어서 알아보다가 구매해봤어요얼굴에 뾰루지 났었는데 바르고 다음날에 뾰루지가 금방 가라앉더라구요!! 이 크림덕분인지 모르겠지만 꾸준히 써보고싶어요~2.짜서 쓰는 크림이라서 간편하고 깨끗이 사용 가능한점이 좋아요~3.흡수력이 좋아서 메이크업도 잘받아요!!😉","건성","","","","성분도 착해서 민감성 피부에도 잘맞을것같아요"
"은우은우","5점만점에 5점","2020.04.23","복합성에 좋아요","진정에 좋아요","자극없이 순해요","코스알엑스에서 신제품 나오는거 보고 사용해보고 싶었는데 올영체험단으로 써볼 수 있어서 좋았어요!제가 주5일 8시간정도 마스크쓰고 일하고 있어서 그런지피부에 트러블이 계속 났었는데 이 제품 쓰고 피부가 진정되고 트러블도 조금 나서 지금 쓰기 딱 좋은거 같아요! 저는 지복합성에 가까운 피부인데 오전에는 여드름로션이랑 믹스해서 바르고 나이트에는 크림은 이 제품 단독으로 사용하고 있는데 너무 맘에 들어요!! 마스크 오래 써서 피부 안좋아지신 분들에게 추천합니다!!","","","","","추천합니다!!"
"wj","5점만점에 4점","2020.04.22","복합성에 좋아요","보습에 좋아요","자극없이 순해요","원래 시카크림은 좀 꾸덕한 감이 많은데이건 많이 꾸덕한 제형은 아니구요!오히려 수분감이 더 많은 제품인것 같아요 ㅎㅎ그렇다고 유분감이 아예 없는 완전 가벼운 제품은 아니구요 ㅎㅎ그래서 요즘 같은 환절기에 바르기 더 좋은것 같아요건성이신 분들은 이거 전에 에센스나 앰플로한번 더 깔고 바르시면 괜찮을것같아요성분도 순하고 저는 만족합니다^^","","","","","순하고 수분감많은 크림입니다 ㅎㅎ"
"츄땡이는무서워","5점만점에 5점","2020.04.19","복합성에 좋아요","진정에 좋아요","자극없이 순해요","일단 엄청 순해요...아 맘에들어..!ㅋㅋ너무 꾸덕하지않고, 또 너무 가볍지도앟고..넘  좋은것같아요. 저는 수부지 인데, 코로나이후 마스크착용땜에 트러블이 심햇는데 이거 사용 이후로는 잠잠해요!! 진정효과가 좋은것가타요ㅠㅜ감격...당첨되서 사용해본거지만 다쓰면 재구매 생각도있어요. 그만큼 좋습니다ㅜㅠ!!!체고야@@","","","","",""
"재하","5점만점에 5점","2020.04.18","복합성에 좋아요","진정에 좋아요","자극없이 순해요","저고 그렇지만 많은 분들 마스크 때문에 피부가 난리나셨죠...화장을 하나 안하나 피부가 나빠지는게 보여요. 그럴 때마다 팩을 하던가 알로에를 듬뿍 바르는 걸로 급하게 처치를 했어요. 그러다가 ""이거 하나만 바르면 어떨까?"" 사실 반신반의 했어요 속는셈치고 바르고 잤는데 트러블이 살짝 가라앉았어요. 완전히 가라앉힐거면 트러블 부위에 두껍게 바르고 좀 기다리면 될 것 같은?사실 이전에 일주일정도 쓰다가 너무 만족스러워서 다 쓰면 또 사야지했는데 체험단에 있길래 바로 신청했어요 ㅎㅎ 일단 제형이 엄~~~청 가벼워요기전의 판테놀크림이나 시카포뮬라크림 등은 꾸덕해서 흡수도 오애 걸리고 화장할 때 밀리고, 잘 때 베개에 다 묻었는데 이거는 얇게 빠르게 발려서 그런 걱정이 없어요!(요새 화장을 안해서 화장전에 밀리는지는 모르겠는데 선크림 바를때는 전혀 안밀렸어요)향은... 무향은 아니에요 예민하신 분들은 별로인 향일 수 있는데 저는 괜찮았어요... 약간 풀냄새랄까요 근데 막상 흡수되면 냄새 안나요 짜고 도포하는 순간에만 좀 나요~ 지금 기준으로 민감성 지성 복합성에게는 하나만 발라도 충분할 것 같아요!(저는 티존은 지성이고 유존은 복합성피부고 요즘엔 볼아래쪽이랑 턱쪽에 트러블이 하나둘씩 나요' 원래 여드름피부지만 요새는 안나요) 건성분들에게는 좀 건조할 수 있어요! 두 번 바르시거나 앰플같은 거 이전에 바르면 덜 땡기실 거에요. 시카크림하면 피부트러블 났을 때만 바르고, 판테놀크림은 무거우니까 겨울에 바른다는 생각이 있었는데, 이 시카크림은 사계절내내 데이나이트 상관없이 잘 바를 것 같아요^^","","","","","이렇게 가벼운 시카크림이라니!"
"쏘쏘","5점만점에 5점","2020.04.18","복합성에 좋아요","진정에 좋아요","자극없이 순해요","코스알엑스 제품은 처음접해보는데 시카크림이라 궁금해서 신청해 보았어요.저는 주로 바이오*마 시카크림을 즐겨썼어요.보통 시카크림종류는 꾸덕한 연고타입이라 가을,겨울에많이 사용해서 이제품도 비슷하지 않을까 했어요.그런데 이제품은 좀 달랐어요. 시카크림치고는 부드러운젤타입 같아요. 그렇다고 가벼운 수분젤크림이랑은 달라요.수분젤크림과 일반보습크림 중간정도되는 질감에부드럽게 잘펴발리고 흡수도 빨라서 순하고 좋네요.요즘같이 따뜻해지는 봄부터 여름철 에어컨바람에 건조할때 쓰면 좋을것 같아요.예민할때 너무 꾸덕한건 부담스런 계절에 쓰기 좋겠어요.가벼운 시카크림 원하시면 테스트해보셔요^^","건성","웜톤","각질","미백","젤타입시카크림 순해요"
"매시리윤","5점만점에 4점","2020.04.17","복합성에 좋아요","보습에 좋아요","자극없이 순해요","이 제품의 장점은 시카 크림은 보통 보습이 약한 경우가 있는데 이 제품은 굉장히 촉촉해요 ! 그래서 건성인 분들도 건조하지 않게 사용할 수 있을것 같아요!  그리고 성분도 좋아서 트러블 없이 사용할수 있었어요 민감성이나 예민하신 분들도 사용할수 있을것 같습니다  그리고 용기가 튜브용기라 위생적으로 사용할수 있고 휴대해서 파우치에 넣어놓고 다니기도 편하다는 점이 좋았어요! 조금 아쉬운점은 향이 좀 강해 향에 민감하신 분들이라면 추천하지 않는다는거 ? 그리고 지성 분들한테는 좀 유분기 있다고 느끼실수도 있을것 같아요 꿀팁은 이 크림 하나만으로 보습이 되기 때문에 따로 앰플이나 세럼을 사용하지 않아도 될것 같아요! 요즘 같은 환절기에 쓰기 좋은 크림 같아요 !","","","","","촉촉한 시카크림으로 추천 !"
"미니언뽀라","5점만점에 5점","2024.03.20","건성에 좋아요","보습에 좋아요","자극없이 순해요","코스알엑스꺼루 기초 다 쓰는데자극도 없고 순해서 이 크림 애정해여","복합성","웜톤","민감성","잡티",""
"당찬트위티","5점만점에 5점","2023.03.15","건성에 좋아요","보습에 좋아요","자극없이 순해요","어릴때부터 팔드름 땜에 스트레스 받는 사람인데드디어 좋아지고 있어요. 각질제거 주 2회(순한걸로 살살) 씻고 바로바로 이거 바르면 엄청 좋아져요.팔드림 땜에 진짜 힘드신 분들 무조건 해보세요. 추천","민감성","웜톤","다크서클","모공",""
"잔디잔디","5점만점에 4점","2022.02.09","복합성에 좋아요","보습에 좋아요","보통이에요","에뛰드 센텔라 크림과 유사한 성분과 제품력인 것 같아서 구매했는데 저한텐 ㅜㅜ뭐랄까 얼굴뜨끈해지고 좀 묵직한 느낌이었어요","","","","",""
"까망콩","5점만점에 5점","2021.12.04","복합성에 좋아요","진정에 좋아요","자극없이 순해요","순하고 진정이 잘 되요!좋은제품이예요손에는 핸드크림 얼굴엔 시카크림👍^^👍","복합성","웜톤","모공","민감성",""
"바다0","5점만점에 5점","2021.09.09","복합성에 좋아요","진정에 좋아요","자극없이 순해요","여드름 진정 효과 짱입니다 ㅎㅎ 크림 단계에서 여드름 부위에 두툼하게 발라놓고 자면, 화농성 여드름도 며칠 내에 안짜도 가라앉아용!","복합성","웜톤","각질","블랙헤드",""
"까망콩","5점만점에 5점","2021.09.01","건성에 좋아요","진정에 좋아요","자극없이 순해요","시카성분이 진정에좋으며 무향에 발림성좋고 메이크업 전후 다 너무좋아요","복합성","웜톤","모공","민감성",""
"까망콩","5점만점에 5점","2021.09.01","건성에 좋아요","진정에 좋아요","자극없이 순해요","한달에 한통쓰면 딱좋게 잘써요자극없이순하며 화장도 잘받아서좋아요꾸덕하지만 잘펴발려져요","복합성","웜톤","모공","민감성",""
"까망콩","5점만점에 5점","2021.09.01","건성에 좋아요","진정에 좋아요","자극없이 순해요","너무좋아요 진정효과에 화장도 잘받아요프로폴리스앰플토너+앰플+시카크림함께쓰고있는데 너무좋아요","복합성","웜톤","모공","민감성",""
"모찌777","5점만점에 4점","2021.07.14","복합성에 좋아요","진정에 좋아요","보통이에요","배송이 빠르고 제품도 좋은 것같아요.  트러블 진정위해 구매함","","","","",""
"쿄쿄리","5점만점에 5점","2020.05.22","복합성에 좋아요","진정에 좋아요","보통이에요","후기가 좋아 구매했습니다 잘 사용해 볼게요 ㅎㅎ","","","","","추천받아 구매했습니다"
"일상2","5점만점에 5점","2021.10.03","복합성에 좋아요","진정에 좋아요","자극없이 순해요","처음 한 통 써보고 효과 좋아서 할인할때 많이 사두었어요.벌써 4통째 사용 중이고, 앞으로도 정착해서 재구매 의사 100%입니다.코스알엑스 제품으로 다 갈아탄지 4개월째에요.생전 여드름이라곤 안나던 제가 마스크 때문인지 올해 갑자기 피부가 뒤집어져서 쉽게 안사라지더라고요.제가 손으로 자꾸 얼굴을 만져서 그럴 수도 있단 생각에 최대한 안만지고 시카 라인 제품으로 꾸준히 관리했더니 진정 효과는 있더라고요! 아직 완전히 여드름이 사라진 상태는 아니지만! 진정에 탁월해요! 민감성인 언니 피부에도 트러블이나 좁쌀 전혀 없이 순하게 잘 맞더라고요!그만큼 피부에 자극이 전혀 없어요추천드립니다! 순해요 엄청!!! 크림치고 안바른 듯 바른 느낌이구요!!!피부가 맑고 투명해진 느낌이에요 진짜….행사할때마다 여러개 쟁여두고 있어요","","","","",""
"신난고구마","5점만점에 5점","2021.09.30","건성에 좋아요","보습에 좋아요","자극없이 순해요","<이 제품의 장점>1. 수분감이 좋아요.타사 제품중에 수분라인인데도 속건조가 느껴진 적이 꽤 있었는데, 이 제품은 촉촉하고 수분감이 좋아서 환절기에 피부타입 상관없이 사용해도 무관할 것 같아요.2. 유해성분이 없어요화해에서 검색해봤는데, 유해성분 없이 심플한 성분 구성이라 민감성 피부인 분들도 부담없을 거라 생각해요.3. 가볍고 산뜻한 제형가벼운 젤 수분크림이라 부담없이 바르기 좋아요. 메이크업할때도 밀리지 않고 잘 어우러져요. 4. 위생적인 튜브형 용기튜브형 용기라 위생적이고, 사용하기에도 간편해요.5. 피부 진정 효과알란토인, 판테놀 등의 피부 보습, 진정에 도움이 되는 좋은 성분으로 구성되어 있어서 자극된 피부를 가라앉히는 데 좋을 것 같아요. 사용해보니 피부가 많이 가라앉고 피부결이 좋아졌어요.","복합성","","","",""
"Claire3","5점만점에 5점","2021.06.16","복합성에 좋아요","진정에 좋아요","자극없이 순해요","가끔씩 뒤집어지고 트러블이 올라오는 요즘 너무 스트레스를 받아서 ㅜ 시카 제품을 처음 구매해봤어요워낙 시카 제품이 여기저기서 많이 출시되고 있어서 어디껄 사야할 지 고민하다가 각질패드를 잘 썼던 기억이 있는 코스알엑스 제품이 행사하길래 구매했습니다.튜브타입이라 편하고 휴대하기도 좋은 사이즈에요, 발랐을 때 끈적임 없이 산뜻하게 흡수되는 점도 맘에 드네요. 수분감도 좋아서 따로 수분 크림을 바르지 않아도 땡기거나 건조한 느낌은 없어요-마침 피부가 뒤집어진 상태라ㅜㅜ 구매하자마자 쓰고 있는데 앞으로 꾸준히 잘 써보고 효과 있는지 보려구요~","","","","",""
"아엠곤듀","5점만점에 5점","2021.05.10","복합성에 좋아요","진정에 좋아요","자극없이 순해요","✔️벌써 세통째 사용중인 제품평소 시카라인을 좋아해서 스킨케어는 거의 시카라인만 사용하는 편이에요 ! 닥터자르트를 사용하다가 가격면에서 부담스러워 다른 제품을 찾던 중 발견하여 넘어왔는데 아직까지 잘 정착중이에요🙊🖤평소 시카 제품이 피부와 잘 맞았다면 큰 트러블 없이 사용하실 수 있을 것 같아요 ! 피부 진정은 물론이고 제품 자체가 순하다보니 ✨지금껏 피부가 뒤집어지는 일은 없었어요!✨ 그렇다고 로션을 바른것같지도 않게 순한것이 아니고 이정도면 순한데 ?! 하는 정도라 더 좋았던것 같아요(너무 순하면 보습되는 느낌x)같은 라인인 시카패드와도 궁합이 좋아요 ! 겨울에 쓰기 건조하기도, 여름에 쓰기 무겁지도 않기 때문에 사계절 내내 잘 사용할것 같아요◡̈ 가격대비 양도 좋기 때문에 다 쓰더라도 재구매 할때 부담스럽지 않아 계속 구매하게 되는 것 같아요🖤재구매의사 : 5/5점","복합성","웜톤","각질","모공",""
"찐비","5점만점에 5점","2020.05.02","복합성에 좋아요","진정에 좋아요","자극없이 순해요","피부가 워낙 민감하고 여드름 + 칙칙(다크서클) + 건성 + 티존은피지폭발인 최악의 피부입니다! 올영체험단 제품 중 시카크림 제품이 있어 눈여겨 봤고 핌플패드로 유명한 브랜드인 코스알엑스 제품이라 더 눈여겨 보았습니다! 처음 발랐을 때 같은경우에 발림성은 너무 무겁지도 가볍지도 않은 적당한 텍스쳐였습니다. 몇주간 꾸준히 사용해 보니 진정효과도 미미(?)하지만 있는 것 같고 순한 제품인 거 같았습니다. 이제 여름도 다가오니 산뜻한 제품 중에 순한? 그리고 드라마틱한 효과까지는 아니지만 무난하게 군더더기 없이 깔끔하게 사용가능한 제품입니다~","건성","웜톤","각질","민감성","산뜻한 발림성의 순한 크림을 찾으신다면 추천!"
"바라보기","5점만점에 5점","2020.04.22","복합성에 좋아요","진정에 좋아요","자극없이 순해요","이 리뷰는 올리브영 체험단 16기에 선정되어 작성하는 리뷰입니다일단 저는 지복합성 피부로서 여드름이 얼굴에 많이나고 여드름흉터나 상처도 엄청 많은 얼굴입니다 그래서 여러가지 진정제품들 스팟제품 많이 써봤는데 이거 물건입니다 하루 이틀만에 나오는건아니고 꾸준히 쓰다보니 마스크때문에 올라왔던 화농성여드름 진정시키는데 효과를 많이 봤으며 면도후에  자극받아서 붉으스름해진 인중도 진정 도움을 봤습니다. 하지만 안좋은점은 지복합성이라 유분기가많이올라오는데 이거바르고나면 조금꾸덕하고 유분이좀돌았습니다하지만 전 단점보다 장점을보고 또 구입하라면할거같습니다결론은 꾸덕하면서 유분기많이올라오지만 제품자체 진정및재생효과는좋다입니다 꾸덕하고유분기싫어하시면 불호이지만 참고 효과보실분들에게는 추천하는제품입니다","복합성","웜톤","민감성","블랙헤드","너무너무좋습니다"
"Hingdung","5점만점에 5점","2020.04.18","복합성에 좋아요","진정에 좋아요","자극없이 순해요","먼저, 코스알엑스 제품은 패드제품으로 정말 유명하잖아요! 정말 패드제품 애용하면서 잘 썼거든요. 또한, 전반적으로 코스알엑스 제품들이 탄탄해서 제품력을 믿고 구매하는 편이예요. 이번에 나온 이 시카크림도 코스알엑스 믿고 사용해 보았어요!이 제품을 간단히 설명드리면 제품이 굉장히 순하고, 부드러우며 무향에 가까운 순하다는 생각이 드는 제품이예요! (향이 전혀 없는건 아니예요)요즘은 묽은제형인 제품들도 많이 나오지만, 시카 크림이라고 하면 되직한 제형이 많았잖아요. 저는 되직한 제형의 시카크림은 양조절을 못해 역으로 트러블이 올라온적이 많아요. 근데 이 제품은 가벼우면서도 부드럽고 너무 리치하지 않아서 정말 좋은 것 같아요! 그렇다고 보습력이 떨어지는 것도 아니였어요! 따라서 밤낮 구분하지 않고 이용할 수 있어서 정말 좋았고, 다가오는 여름 날씨에도 사용하겠다는 생각을 했어요!그리고 시카크림이니 얼만큼 진정되는지가 가장 중요하잖아요! 저는 좁쌀이 많이 있는 편이거든요ㅠㅠ 근데 이 제품을 사용하고 좁쌀이 눈에 띄게는 아니지만 줄었어요! 좁쌀은 원인이 너무 다양해서 제품으로 왠만해서 잘 안없어지더라구요ㅠㅠ 그치만, 하루하루 쓸때마다 쪼금 쪼금씩 줄어드는게 보이는 제품이였어요! 저는 이 제품 이용하면서, '무난하고 순하며 잘 사용할 제품' 이라는 생각을 했구요, 정말 순한 제품을 찾는 여드름성 피부이신 분들에게  좋을 것 같다는 생각이 들어요","건성","웜톤","민감성","트러블","가볍게 자주 쓸 제품을 찾는 여드름성 혹은 민감성 추천"
"시리야야","5점만점에 4점","2020.04.17","복합성에 좋아요","진정에 좋아요","보통이에요","체험단 당첨되어 좋은기회가 생겨 코스알엑스 퓨어 핏 시카크림을 사용하게되엇어요진정.보습.장벽케어까지 된다니 좋네요건조하고 피부관리 너무안해 엉망이었는데몇일써보았는데 좋은거같아요유통기한도 23년까지 아주아주 넉넉하네요 행사할때 쟁여둬야겠네요^^","","","","","건강한 피부로 가꿔주는 크림"
"페르소나","5점만점에 5점","2022.10.13","건성에 좋아요","보습에 좋아요","자극없이 순해요","갑자기 트러블나서  같은라인 시카앰플은 있어서썼는데 크림이 기능성밖에 없어서 진정시켜야 할꺼같아서 급하게시키고 방금씀~가볍진않네요 도톰한 사용감임~","복합성","쿨톤","잡티","탄력",""
"뷰티설리","5점만점에 5점","2022.05.23","복합성에 좋아요","진정에 좋아요","보통이에요","지인에게 선물받고 너무 좋아 올영에서 추가 주문해서 사용합니다 좋아요","","","","",""
"은아링","5점만점에 5점","2022.02.16","지성에 좋아요","진정에 좋아요","자극없이 순해요","재구매템! 촉촉하고 흡수도 잘되서 지성타입이 쓰기좋은거같아요진정에도 좋음","지성","쿨톤","각질","모공",""
"kittyy","5점만점에 5점","2021.10.13","건성에 좋아요","보습에 좋아요","자극없이 순해요","코스알엑스 라인으로 전부 교체 했는데 발림성 좋고 자극 없어서 맘에 들어요 ㅎㅎ","","","","",""
"쓤쓤","5점만점에 5점","2021.08.01","복합성에 좋아요","진정에 좋아요","자극없이 순해요","시카라인 강추 ㅎㅎㅎ 적당히 보습도되고 저자극이라 계속 재구매해서 사용중 !!!!","","","","",""
"홍티","5점만점에 5점","2021.07.12","건성에 좋아요","보습에 좋아요","자극없이 순해요","코스알엑스  시카핏크림 필요한데 매장에서 세일하고 넘좋아요~","건성","민감성","","",""
"호룸","5점만점에 5점","2021.06.24","복합성에 좋아요","진정에 좋아요","보통이에요","샘플써보고 조아서 샀어요지성이지만 너무 유분기 많지않고 좋아요여드름도 진정되는 느낌이에용","지성","웜톤","각질","모공",""
"따낭","5점만점에 4점","2020.04.27","건성에 좋아요","진정에 좋아요","자극없이 순해요","조금 기름기가 있어서 지성보다는 건성에게 적합한듯해요!!순하고 따갑지 않고 조아요!! 가볍지는 않고 조금 무거운? 느낌입니다 밤에 자기전에 바르고 자면 딱입니당","복합성","웜톤","각질","모공","진정에좋은크림"
"kms****","5점만점에 5점","2022.01.19","복합성에 좋아요","진정에 좋아요","자극없이 순해요","시카폼클렌징이 괜찮아서, 시카 라인으로 하나씩하나씩 구매하게 되네요~!심한 건성피부에도 심각하게 당기지 않는 것 보면 보습력은 괜찮은 것 같아요(다만, 기초만 바르고 있을때 기준입니다^^)뭔가 꾸덕한 제형처럼 보이지만 막상 바르면 촉촉해요자꾸만 뽀류지가 생겨서 시카라인에 관심을 가지게 됐는데 큰 탈 없이 잘 맞았으면 좋겠네요ㅎㅎ","건성","웜톤","모공","주름",""
"dbsql****","5점만점에 5점","2021.08.19","건성에 좋아요","보습에 좋아요","자극없이 순해요","좋은 점 : 안그래도 올인원처럼 간편한 스킨케어를 사랑합니다.그냥 피부 케어 많이 안하는 성격이라 그렇게 뾰루지가 자주 올라오는 것도 아니고 건조하지만 않게 하자는 주의라서 잠깐 쓸 작은 크림을 구하던 중에 사보게 됐어요. 배송받자마자 테스트하는데 바르고 나서 보송해지는 그런 크림이더라구요 끈적임 하나없고, 약간 꾸덕한 크림제형이에요.아쉬운점 :차가운 크림 바르는 걸 좋아하는데 냉장고에 안넣어두고 얼굴에 바로 올리면 그냥 연고바르는 것같은 느낌이에요 사람바이 사람이지만 시카크림이니까 차갑게 해서 카밍되도록 하는 거 추천드랴요건성한테는 좀 건조할수도 있을것같아요(히말라야 크림 민트색? 그거랑 비슷한데 히말라야크림은 촉촉+나이트 크림처럼 묵직하지 않나요? 이제품은 마지막에 보송하다는 점에서 차이가 있어요)","건성","웜톤","각질","모공",""
"soup****","5점만점에 3점","2021.06.14","복합성에 좋아요","보습에 좋아요","보통이에요","코스알엑스 시카패드가 잘 맞아서 크림도 같이 구매했어요.기존에 사용하던 세럼이랑 패드만 있어도 충분하겠다 생각했는데 에어컨 바람에 조금 더 건조해져서 진정보다는 보습에 더 기대하면서 구매했는데 무난한 편이었어요. 민감성이라 아직까지는 트러블이 나지 않아서 괜찮게 사용 중이지만 확실히 속건조가 있는 제 피부에는 시카라인으로 크림까지 마무리해도 조금 뒤에 바로 건조함이 느껴저서 세럼을 자주자주 발라야했어요. 그래도 세일기간에 구매한 거라 가성비 나쁘지 않았고 무난하게 겹쳐서 발라도 대부분 밀리지 않아서 여름에 쓰기 괜찮은 제품인 것 같아요.","","","","",""
"hs****","5점만점에 5점","2020.05.01","지성에 좋아요","진정에 좋아요","자극없이 순해요","✔️장점1. 자극없이 순하게 발린다2.울긋불긋 올라온 피부에 바르고 자면 다음날 진정된 피부를 확인 할 수 있다!! 3.  가볍게 발려 화장하기전에 발라도 손색이 없다4. 재구매 의사가 매우 있다!✔️단점1. 건성이신 분들에게는 바르면 건조하다고 느낄 수 있다","복합성","웜톤","민감성","트러블","예민한 피부에 진정이 필요할 때!!"
"thdus****","5점만점에 5점","2020.04.30","복합성에 좋아요","진정에 좋아요","자극없이 순해요","묘기증에 여드름에 최근에는 피지 분비량이 늘어난 피부이지만 잘 쓰고있다. 외형은 연고같이 생겼는데 피부에 바를 때도 연고같은 느낌이 든다. 발림성도 가볍고 기존에 쓰던 크림과 달리 흡수력도 좋았다.개인적으로 이런 분류의 화장품을 좋아해서 만족하고 썼다.다쓰면 재구매 의향이 있다.","","","","","연고같은 제형에 가볍고 순한 크림."
"rgwi****","5점만점에 5점","2020.04.21","복합성에 좋아요","진정에 좋아요","보통이에요","코스알엑스 제품은 패드만 좋은줄 알았는데 이 시카 크림 너무 좋아요! 끈적임도 없고 냄새가 자극적이지도 않고 너무 좋네요!피부가 바로 진정되고 다음날 일어나면 피부가 너무 좋아요!!!이제 시카크림은 코스알엑스 제품만 쓸듯 해요!!","","","","","피부 진정에 탁월해요!"
"heyjin****","5점만점에 5점","2020.04.17","복합성에 좋아요","진정에 좋아요","자극없이 순해요","✔️제형 : 튜브에서 나올 땐 연고 같았는데 펴바르니 수분크림 같은 느낌이였어요 ! 그래서 그런제 크림제형임에도 불구하고 가볍게 발려서 좋았어요 😄 ✔️지성이거나 수부지 피부인데 가볍게 사용할 진정크림 찾으셨다면 추천해드려요 〰️ ✔️얼굴에 발랐을 때 무섭지 않아서 아침에도 사용하기 좋은 것 같아요","복합성","쿨톤","블랙헤드","",""
"ejlee3****","5점만점에 5점","2020.04.15","복합성에 좋아요","진정에 좋아요","자극없이 순해요","코스알엑스에서 처음 이 제품이 나왔을 때 부터 구매해서 사용했어요 제품이 너무 좋아서 쟁여둘까 고민하고 있었는데 좋은 기회가 있어서 너무 좋아요퓨어핏시카크림은 진짜 ‘젤’과 ‘크림’ 그 중간 제형이에요 끈적이지도 않고 씩 흡수되고 겉도는게 없어서 좋았어요건성이신 분들은 조금 가볍게 느껴지실 수도 있어요이제 또 금방 더워지고 금방 여름이 될텐데 크림을 원하는데 너무 무거운건 싫은 약간 수분이 조금 더 중점이 되었으면 좋겠다 하시는 분들한테 추천드려요보통 젤 크림들이 너무 코팅씌운듯이 끈적거리거나 단지형이라 비위생적인게 많았는데 이렇게 흡수도 잘되고 튜브형인 제품을 발견해서 너무 좋아요 여름에 진짜 잘쓸거같아요원래 저는 보타닉힐보 판테놀 크림 사용하고 있었는데 판테놀크림은 다른 시카크림들 보다는 흡수가 잘되기는 했지만 낮에 사용하기에는 무리가 있더라구요 얘는 낮에 사용도 가능해요 그 점이 너무 좋아서 저는 판테놀 크림에서 퓨어핏시카크림으로 갈아탔습니다!다른 시카 크림이랑도 다르게 7가지 센텔라 성분 복합체가 들어갔다고해요병풀, 병풀 잎, 병풀 뿌리 추출물로 수분이랑 진정하고프랑스해안송껍칠 추출물도 들어가 피부에너지 강화에아시아틱애씨드, 마데카소사이드 등 장벽강화랑 진정하는 성분들까지 진짜 수분부터 진정, 장벽강화, 피부에너지까지 채워줘서 그런가 요즘 마스크때문에 생긴 트러블들이 싹 들어갔어요 평소에도 너무 잘쓰고 있었던 템이기 때문에다쓰면 재구매의사 무조건 있습니다!","","","","","다른 시카크림이랑 비교도 안됨. 항상 쟁이는 템"
"모롤찐빵이","5점만점에 5점","2024.07.16","지성에 좋아요","보습에 좋아요","자극없이 순해요","저 이거 20통 넘게 비운 고정 최애템입니다 ㅋㅋㅋㅋ 좁살 여드름 피부염 뾰루지 다 효과 최고임","","","","",""
"모롤찐빵이","5점만점에 5점","2024.06.10","지성에 좋아요","보습에 좋아요","자극없이 순해요","n통째 쓰고 있는 꿀템!!이거 쓰고 자면 좁쌀 여드름부터 자잘한 트러블 소멸임","","","","",""
"모롤찐빵이","5점만점에 5점","2024.04.07","지성에 좋아요","보습에 좋아요","자극없이 순해요","N통째 비우는중 몇개나 썻는지 모르겠어요 여드름성 피부 무조건 쓰세요","","","","",""
"모롤찐빵이","5점만점에 5점","2024.03.08","지성에 좋아요","보습에 좋아요","자극없이 순해요","N통째 쓰는 시카크림이고 주변에 친구들한테 다 소개했어요 너무 좋음 그냥 믿고 사세요 ㄹㅇ","","","","",""
"댕미","5점만점에 5점","2020.08.04","복합성에 좋아요","진정에 좋아요","자극없이 순해요","보통 시카크림 같은 제형이고 가볍게 바르기 좋은것 같아요:)","","","","",""
"소오니","5점만점에 5점","2020.05.13","건성에 좋아요","보습에 좋아요","자극없이 순해요","꾸덕한제형인데두 펴바르면 수분크림같이 변해요! 한여름에두 부담없이 사용할수 있을꺼같아요","건성","쿨톤","민감성","","진정은 코스알엑스"
"실버","5점만점에 5점","2020.04.25","복합성에 좋아요","진정에 좋아요","보통이에요","적당한 유분기가있어서 들건조해요 개인적으로 피지오겔보다는 묵직해서 좋아요 병풀출추물이 있어서 그 성분 안맞는 분들은 주의하면될거같아요 코알엑스제품이여서 믿고 사용가능해요","복합성","각질","모공","","시아버터가없는 시카제품"
"긍정걸걸","5점만점에 3점","2020.04.17","건성에 좋아요","보습에 좋아요","보통이에요","촉촉하고 보습에 좋은것같아요 ㅋㅋ 건성에좋을듯!!","건성","쿨톤","각질","모공",""
"rng****","5점만점에 5점","2024.03.07","복합성에 좋아요","진정에 좋아요","자극없이 순해요","질감은 젤타입처럼 가벼운 수분크림인데 쉽게 날아가지 않아 보습도 적당히 되고 무겁지 않아 유수분 밸런스도 잘맞아요","지성","웜톤","잡티","트러블",""
"rng****","5점만점에 5점","2024.01.26","지성에 좋아요","진정에 좋아요","자극없이 순해요","얘 없으면 안돼요 젤 같은 질감인데 쉽게 안날아가고 너무 기름지지 않아서 트러블도 잘 안올라오고.. 짱ㅠ","지성","웜톤","잡티","트러블",""
"rng****","5점만점에 5점","2023.09.07","지성에 좋아요","진정에 좋아요","자극없이 순해요","몇번째 사는지 기억도 안나는 지겹템..겨울에도 여름에도 휘뚜루마뚜루 바르는 크림","지성","웜톤","잡티","트러블",""
"rng****","5점만점에 5점","2023.06.04","복합성에 좋아요","진정에 좋아요","자극없이 순해요","다른 크림 좋다는거 써봐도 이렇게 소량으로 촉촉한데 무겁지는 않고 그렇다고 수분감이 날아가는것도 아닌 이 적당하게 완벽한 크림이 업다.. 진짜 코스알엑스 시카 라인에서 안맞는게 하나도 없는","지성","웜톤","잡티","트러블",""
"rng****","5점만점에 5점","2022.07.03","복합성에 좋아요","진정에 좋아요","자극없이 순해요","수분감 많은 크림이라 양조절 잘 하면 여름에도 바르기 좋아요","지성","웜톤","잡티","트러블",""
"rng****","5점만점에 5점","2022.04.29","복합성에 좋아요","진정에 좋아요","자극없이 순해요","코스알엑스 시카 세럼과 크림 오백개 쓰기 도전중도 아닌데 계속 이것만 쓰게 돼요 촉촉하고 자극없고 계절 상관없이 쓰기 좋은 크림..","지성","웜톤","잡티","트러블",""
"rng****","5점만점에 5점","2022.03.22","복합성에 좋아요","진정에 좋아요","자극없이 순해요","수분 젤 크림같은데 이상하게 잠 자고 일어나도 건조함 못느끼게 하는 신기한 크림이에요ㅋㅋ 피부 위에서 빙빙 겉도는 느낌 싫어하는 저에게 너무 잘 맞는 크림.. 그래서 10통도 넘게 써요","지성","웜톤","잡티","트러블",""
"rng****","5점만점에 5점","2021.11.04","복합성에 좋아요","진정에 좋아요","자극없이 순해요","시카 세럼과 함께 몇통째인지도 모르게 계속 쓰는 제품입니다 다 떨어져서 중간에 다른 크림을 썼는데 계속 얼굴에 뭐가 나길래 얼른 다시 구매해 썼더니 역시나 편안해집니다","지성","웜톤","잡티","트러블",""
"pppp****","5점만점에 5점","2021.08.27","복합성에 좋아요","진정에 좋아요","보통이에요","화장 하기 전에 바르면 화장잘 먹고 촉촉하니 좋아요 이 라인 계속 쓰는중","복합성","웜톤","민감성","잡티",""
"컿히","5점만점에 5점","2023.11.30","지성에 좋아요","보습에 좋아요","자극없이 순해요","여드름 피부, 복합성, 수부지 올해 가장 많이 쓴 크림같아요. 시카 성분으로 나오는 종류 많지만 성분상으로 시카종류가 성분 맨앞에 나오는 크림은 아직 이거밖에 없는것 같습니당 밤에 수분팩하듯이 얹고 자기도 좋고 무엇보다 아침에 메이크업 전에 사용하기도 편한 크림이라 잘쓰고 있어요! 지성 수부지인데 아침에 여드름각질 ㅊ촉촉하게 정돈해주는 성분좋은 크림 찾으시면 이거 추천입니당","지성","웜톤","트러블","",""
"Aaaaa123","5점만점에 3점","2022.09.14","건성에 좋아요","보습에 좋아요","보통이에요","코스알엑스 시카라인 앰플이 좋았던 기억이 있어 로션도 사보았습니다! 근데 제 기대와 달리 수분보다 유분이 더 강한 것 같더라구요,, 큰 여드름은 아니지만 좁쌀처럼 작은 수포같은 여드름이 올라와서 속상하네요,,피부타입이 지성이신 분들보단 건성이신 분들을 위한 재품잉 것 같습니다!","지성","쿨톤","각질","모공",""
"greyyy","5점만점에 5점","2022.08.05","복합성에 좋아요","진정에 좋아요","자극없이 순해요","한참 피부에 트러블 올라오고 예민해졌을때 뭘 써야 진정에 도움이 될까싶어 코스알엑스 시카세럼55미리 두개든거 사서 일주일 넘게 밤마다 열심히 썼더니 정말 진정되고 트러블도 더 안나고 효과가 있더라구요!!!!??? 너무 좋아서 같은 라인 크림도 판매하길래 매장가서 손등에 발라보고 바로 사왔던 기억이 있어요 ㅎㅎㅎ정말 피부 유수분밸런스를 맞춰주는 느낌이 들고 정말 순하다는 느낌과.. 다음날 아침 세안할때 느껴지는 매끈한 피부..!!! 이 크림도 기획세트 나오면 좋겠어요ㅠㅠ 아님 아예 100미리 대용량이요ㅠ 그럼 진짜 일등으로 살텐데… 💚자외선 많이받아 피부가 정말 스트레스받은 날이나 목욕하느라 모공 벌어지고 얼굴 빨~개젔을때 마스크팩 후 이거 바르면 최고에요!! 트러블 간긴히 나서 짜증나는 분들 이거 꼭 써보세요! 강추합니당ㅎㅎㅎ","복합성","쿨톤","미백","잡티",""
"JJJJHP","5점만점에 5점","2022.07.07","복합성에 좋아요","진정에 좋아요","보통이에요","요번에 화장품을 코스알엑스로 다 바꾸면서 이 제품을 처음 사봤는데 진짜 너무 좋아요! 시카 성분땜에 피부 진정도 빠르게 되는 것 같고 무엇보다 자극적이지 않고 순하게 발려서 좋아요! 여름에 스킨케어 마무리 단계에서 가볍게 바르기 좋은 크림인 것 같아요!","","","","",""
"승가리","5점만점에 5점","2022.07.01","복합성에 좋아요","진정에 좋아요","자극없이 순해요","코스알엑스 퓨어핏 진정 크림 후기:진정에 도움 많이 됐어요!!여드름이나 작은 뾰루지 정도는 진정 잘 해주는 것 같아요스킨>로션 바르고 나서 발랐는게 건성인 분들은 이 크림 바르고 한 번 더 보습해주는게 좋을 것 같아요! 아무래도 진정에 강한 크림이다 보니까 보습력은 좀 떨어지는 편이에요건성분들이 여름에 무난하게 바르기도 괜찮아요 사르르 녹는 제형이라서 답답하거나 끈적이지도 않고 부드럽게 샥 스며드는 편이에요!시카 성분이 여드름 진정에 도움이 된다고 하던데 믿고 잘 쓰고 있어용 자극없이 순하고 대신 조금 땡기는 느낌! 제가 건성이라서 그런걸 수도 있어요아쉬운건 용량이 너무 적다는거ㅠㅠ 벌써 거의 다 써가요","약건성","봄웜톤","각질","아토피",""
"메돈","5점만점에 5점","2022.06.13","건성에 좋아요","진정에 좋아요","자극없이 순해요","닥터자** 시카크림 사려다가 먼가 꾸덕해서 보습이 부족하다는 말도 있고, 세일해도 비싼 편이라 고민하다 요 코스알엑스 시카크림으로 구매해봤습니당!!!전에 코스알엑스 프로폴리스 앰플을 너무 잘 썼어서 뭔가 믿음이 갔어요. 전성분 보니까 대부분 정제수가 맨앞에 있는데 코스알엑스 시카크림은 병풀추출물이 제일 앞에 있더라구요. 그만큼 진정 성분이 많이 들어갔다는 말이겠죠??? 그래서 구매해봤는데 일단 발림성 너무 좋구!!!! 끈적이진 않지만 촉촉했어요!!!엄청 쿨링감이 있진 않지만 편안하게 발리는 느낌?남자친구한테 발라보라고 했는데 약한 건성인데 가벼운 세럼+ 시카크림 바르니까 딱 좋다고 했어요.저는 좀 더 건조한 피부인데 가벼운 세럼 두겹+ 시카크림이나 스킨패드+가벼운 앰플+시카크림 발라주니까 딱이었어요!!세일해서 18000원에 샀는데 저렴한데 성분이 좋아서 만족스러워요💜","웜톤","모공","잡티","",""
"여니님51","5점만점에 4점","2022.05.30","건성에 좋아요","진정에 좋아요","보통이에요","피부 진정에 효과있는 상품을 사고 싶어서 알아보다가 사게 됐어요! 사기 전에 코스알엑스 시카 마스크팩을 해보고 고민하다가 샀는데 나쁘지 않아서 구매하게 됐네요.얼굴 전체에 도포하지 않고 진정이 필요한 부분 위주로 발라주는데 효과는 있는 것 같아요. 제형도 꾸덕하지 않고 잘 발리는 제형이라 잘 발리는데 뭔가 그렇다고 엄청 가벼운 느낌이 들지는 않는 것 같아요. 물론 크림을 바르고 나면 보통 다른 걸 더 덧바르지는 않지만 조금 무겁다는 느낌을 받을 때가 있더라고요. 마무리감이 좀 있는 것 같아서 이런 걸 원하는 분들이 있다면 구매해보셔도 좋을 것 같네요!기획 상품으로 사서 양이 생각보다 많아요. 지금은 다른 기획상품으로 나온 것 같은데 단품으로 사면 50ml라 생각보다 양이 많지 않기 때문에 저처럼 기획으로 사는 거 추천합니다!","","","","",""
"클로이유","5점만점에 4점","2022.05.02","복합성에 좋아요","보습에 좋아요","자극없이 순해요","코스알엑스 제품은 몇년전에 샘플 써보고 좋아서 나중에 사서 써봐야지하고 생각해두었어요ㅎㅎ마침 크림이 필요하게 되었고 행사도 해서 구매하게 되었답니다~^^퓨어핏 시카크림은 퓨어핏이라는 네이밍이 찰떡이었어요ㅎㅎ가볍게 잘 발리고 가볍게 스며들었어요~~시카성분은 제 피부에 잘 맞았답니다. 저같이 복합성인 피부타입에 잘 맞을것같은데, 너무 지성인 분들은 기름지게 느껴질수도 있을것같아요~가볍게 스며들긴하는데 시간이 좀 지나고나면 살짝 오일리한 느낌이 있더라고요~~그래서 여름보다는 겨울철에 사용하기 좋다고 생각해요ㅎㅎ아침에는 소량 바르면 메이크업할때 밀리거나 그렇지 않아서 좋아요~^^시카성분이 잘맞는 분들은 무난하게 잘 사용할수있다고 생각합니다~^^크림 바르기전에 스킨토너 에센스 또는 앰플 바르기 추천합니당","","","","",""
"서캔두잇","5점만점에 4점","2022.01.25","복합성에 좋아요","보습에 좋아요","자극없이 순해요","여드름 압출 후 사용해볼까해서 세일하는김에 구매해봤어요.코스알엑스 제품력이야 믿고 쓰기 때문에후기도 안읽어보고 세럼사면서 같이 구매했어요.피부과 다녀오면 건조해지는 수부지피부로여드름흉터 및 다른 딱지들이 생겨있는 피부인데깊은 보습까진 못느꼈어요. 레이저 직후에 쓰긴약간 건조해요. 자고 일어나니 땡기더라구요ㅠ평소 피부상태라면 메이크업전에 사용하기 딱 좋은보습감정도로 생각되서 날씨가 조금 풀리면 아침저녁 사용해보려구요.지금은 아침 메이크업전에 발랐는데피부가 일단 편안합니다. 파데, 쿠션 두껍게 올라가는느낌도 아니구용😍 메이크업 지우고나서도원래는 메이크업하고 클렌징하면 피부가 자극되어서인지 홍조가 올라와있는데 이건 자극이 완화되는지사용전보다 홍조가 덜하네요 ㅎㅎ 여드름 흉터완화는 최소 한달은 사용해봐야할듯해서다른 효과도 본다면 바로 재구매하러 올께요🙌","복합성","겨울쿨톤","모공","미백",""
"잔망녕이","5점만점에 5점","2022.01.05","복합성에 좋아요","진정에 좋아요","자극없이 순해요","시카크림+시카에센스 함께 구매했습니다 (3개월째 사용 중 )📌1. 시카효력 5/5가장 중요한 부분이라 하는게 상처나 흉터의 옅어짐을 말하는 시카의 효력인 것 같아요. 학창시절에 여드름 치료로 흉터는 적었지만 스스로 만진 흉들은 아직 있고 볼에 붉은기가 있었는데 에센스랑 크림을 바르고 붉은기가 줄었어요. +남자친구가 뾰루지 났을때 이거 빌려쓰고 다음날에 뾰루지가 익지않고 진정되고 가라앉았다고 합니다이런걸 볼때 시카효력은 엄청 좋은것 같아요!!📌2. 용량,가성비 2/5용령이나 가성비를 생각했을때 그닥 추천하고 싶은 제품은 아니에요..가격이 너무 비싸지만, 용량도 큰 편이 아니라 금방 사용하게 되더라구요 저는 생일 기프티콘으로 사용했는데 기프티콘이나 할인 쿠폰이 있다면 한번쯤은 ..? 재구매할것 같아요📌3. 발림성 3/5시카크림의 발림성은 두꺼운 편이에요 꾸덕하고...보습은 잘되지만 약간 무거워서 지성인 분들께는 살짝 비추천이거나 하루에 아침저녁 두번 바르는게 아닌 저녁만 자기전에 바르고 자는걸 추천드려요! 전 복합성인데 꾸덕하긴 해도 효능이 좋아서 아침저녁 바랐습니다 :)*총평* 3.5/5 = 효능은좋은데 가격만 괜찮으면 좋겠다...너무 비싸고 적어*재구매의사* 75%[","복합성","가을웜톤","민감성","트러블",""
"나초왕자","5점만점에 4점","2021.12.23","복합성에 좋아요","진정에 좋아요","자극없이 순해요","수분감 많은 시카크림 찾으시면 이 제품 추천드려요❤️저는 수부지인데 건조하면 가려운게 좀 나는데 이 제품을 얇게 한번 바르고 나면 여드름도 진정되고 가려운것도 많이 좋아져요유분감도 좀 있는 편이라 수분이 빨리 날아가지도 않더라구요 ㅎㅎㅎ영양이 너무 과잉되면 좁쌀 여드름이 날 수도 있기 때문에 매일매일은 저는 안바르고 스킨 로션 바르고 건조하거나 클렌징 하거나 피지 빼고 난 날에는 수분을 채워준다는 느낌으로 발라요예민한 피부나 여드름 피부에도 효과가 좋은거 같아요😊그래도 이 제품은 장벽 개선이 된다거나 엄청난 보습 효과를 기대하기는 좀 어렵구요 진정과 수분 이쪽에 초점을 두고 사용하는게 더 좋을거 같아요 ㅎㅎ저는 코스알엑스 시카 토너랑 함께 사용했을때 시너지 효과가 좋았던거 같아요ㅎㅎ 🥰😊❤️","","","","",""
"컿히","5점만점에 4점","2021.11.26","복합성에 좋아요","보습에 좋아요","자극없이 순해요","피부타입: 여드름 피부, 여름엔 파워지성 겨울엔 수부지인 피부입니다.트러블이 이젠 한두개 정도지만 한동안 마스크때문에 볼과 턱쪽에 갑자기 많이 생겨서 고생했었어요. 지금은 그때 생긴 여드름 흉터나 붉은자국때문에 계속 고생하고 있네요ㅠ 붉은기 개선이랑 트러블 진정에 맞는거 찾다가 찾은게 시카성분 들어간 젤크림이었는데 처음 사용했던건 ㄷ사의 시카젤크림이였어요 이게 붉은기 개선에는 정말 좋은데 가격도 양껏 사용하기엔 너무 부담스러운 편이었고, 또 많이 가벼운 젤크림 느낌이라 가을로 넘어오면서부터는 볼쪽화장이 자꾸 뜨더라구용 트러블 자국 있는분들은 아실수도 있는데 왜 그 트러블이 나왔다가 들어간곳에 기초 잘 안하면 딱 그부분만 뜰때 있잖아요 각질처럼..!. 암튼 그래서 좀더 촉촉한데 성분은 같은거 없나 찾다가 찾은게 이거였어요! 이게 딱 수부지한테 너무 좋은게 수부지는 겨울에도 아주 영양감있는 크림은 못바르잖아요 근데 이게 딱 너무 유분감 있지도 않으면서 건조한 부분은 잘 채워주는 느낌입니당 뭔가 수부지가 쓸수있는 겨울용 젤크림느낌이에요! 그래서 아침에 미스트 -패드-이 크림 이렇게만 해도 화장이 뜨는부분없이 진짜 잘먹어요!!!! 여드름 났던 곳 각질이 안뜹니다! 저는 이제 두통째 쓰고 있어요 하나 쓰는데 두달정도 걸린듯 아 단점 하나만 꼽자면 붉은기 개선이나 진정은 잘 모르겠어요 눈에 확 보이는 효과는 없는정도.? 근데 제가 학생때부터 늘 트러블피부였는데 이거 바르고 뭐 올라오진 않습니다 그래서 이것만으로도 만족해요!","","","","",""
"젠젡","5점만점에 4점","2021.10.27","복합성에 좋아요","진정에 좋아요","자극없이 순해요","어떤 피부타입에 적합한가요? 사용하기에 좋은 피부타입을 추천해주세요- 시카성분이 들어 있는 크림제품인 만큼 피부 트러블로 고민하시는 분들이 사용하기에 적합한 제품인 것 같고 크림치고 많이 무겁지 않은 제형이기 때문에 극지성 피부를 제외하고는 사용해주기 좋은 제품입니다사용하면서 개선된 부분이 있으셨나요?- 트러블 피부를 갖고 있는 저로써 평소에 시카성분의 스킨케어 제품들을 잘 사용해 왔기 때문에 이 제품을 구매한 까닭도 있는 만큼 트러블 진정용으로 괜찮은 제품인 것 같다는 느낌을 받을 수 있었습니다 하지만 개인적으로 이 제품을 사용할 때 얇게만 바르기 보단 두 번에 걸쳐서 첫번째로는 얇게 바른 뒤 두드려 흡수 시켜주고 그 다음에 볼과 이마를 중심적으로 이 제품을 듬뿍 발라주는 방법을 훨씬 추천드립니다!","모공","잡티","","",""
"예민마루","5점만점에 5점","2021.10.18","복합성에 좋아요","진정에 좋아요","자극없이 순해요","시카가 피부 진정에 좋다고 해서 고민하다가 올리브영 직원 분의 추천을 받고 구매하게 되었습니다. 마침 저렴하게 판매하고 있어서 구매해봤는데, 세일을 안한다면 용량 때문에 선뜻 구매하진 않을 것 같아요. 우선 제 피부에는 잘 맞는 것 같았습니다. 흡수도 잘 되었고, 촉촉하게 피부에 올라왔어요. 무엇보다 다음 날 피부가 진정되어 있어서 효과를 좀 봤습니다. 하지만 건성이라 완벽하게 케어가 되지는 못한 것 같아서 조금 아쉬워요. 처음엔 보습이 잘 된다 생각했는데 시간이 지나고 흡수가 되고 나니 조금 가벼운 것 같더라구요. 물론 그건 제 피부 타입이 그런거라 심한 건성이 아니신 분들이라면 충분히 만족하시면서 사용하실 수 있을 것 같습니다. 더 큰 용량이 있는지는 모르겠는데, 더 큰 제품이 나와주면 좋을 것 같다는 생각도 들었어요.","","","","",""
"말랑","5점만점에 5점","2021.10.03","지성에 좋아요","진정에 좋아요","자극없이 순해요","평소 사용하던 수분크림이 다 떨어져서 어떤 제품을 사야될 지 고민하고 있었는데 마침 이 제품이 매장에서 할인 행사를 하고 있길래 덥썩 구매하게 되었다. 후기나 성분 같은 것들도 찾아보니깐 굉장히 순하고 좋다고 해서 더욱 안심하고 사용할 수 있었던 제품. 용량이 살짝 작은듯 하지만 한번 사용할 때 소량이면 충분하므로 꽤 오랫동안 사용할 수 있는 제품이다. 일단 제형을 살짝 꾸덕꾸덕하고 점성이 있다. 얼굴에 바르면 많이 끈적이지 않을까 걱정했지만 피부에 흡수를 잘 시켰더니 끈적이지 않고 쫀쫀하게 마무리돼서 좋았다. 일단 시카 성분이 함유된 제품이라 확실히 피부 진정에 도움이 됐다. 좁쌀여드름을 진정시키는데 효과를 많이 봤다. 그리고 얼굴이 갑자기 가려울 때 발라도 가려움증을 나름 해소해줘서 좋았다. 재구매 의사 100%","복합성","쿨톤","트러블","피지과다",""
"컿히","5점만점에 4점","2021.09.23","건성에 좋아요","보습에 좋아요","자극없이 순해요","본인 피부: 이전엔 화농성 여드름 있는 지성/ 최근 복합성으로(티존만 지성) 변함. 여드름 자국 있는편원래 ㄷ사 시카젤크림 쓰다가 가격때문에 다른 시카 크림 찾다가 이걸로 구입해봄. 사실 이전에 쓰던 젤크림이 가을이 되면서 아주살짝 건조한 느낌이 들어서 이게 더 보습감이 높아보여서 얼씨구나 바꾼 것도 있음. 성분표도 비교해봤는데 이게 확실히 오일종류가 더 많음. 그래서 그런지 발림성은 더 물같고 편한데 바르고 나면 보습감이 생각보다 한참 가서 건조하지 않음.문제는 티존이었음.. 내 티존은 완전히 지성. 볼만 쩍쩍 갈라지는 극단적 복합성 피부임 첫날 목에 발라보고 아무느낌없어서 안심하고 다음날 얼굴 전체에 발랐는데 티존에 좁쌀이 빼꼼 나와있음. 나는 평생 트러블을 달고산 사람이라 무서워서 화장품 바꿀땐 무조건 하나만 바꿔봄 안맞으면 뭐때문인지 바로 알아야 하니깐.볼쪽은 멀쩡함. 그래서 결론은 이건 진정도 잘 되고, 이래저래 무난한 크림이나 지성이신 분들에겐 오히려 좁쌀을 유발할 수 있는정도로 보습감이 있다.. 그래서 건성분들이나 건조한 부분에만 부분적으로 발라주는게 좋을듯 함","","","","",""
"피부공사중","5점만점에 4점","2021.09.21","복합성에 좋아요","진정에 좋아요","자극없이 순해요","진정에 효과를 봤어요. 여름에 바르기 좋은 크림인것같아요. 가벼운 타입이고 살짝 젤? 느낌도 있어요. 되직한 크림은 아니에요. 향이 신기했는데 심하진 않지만 시원한 느낌이고 풀향같은게 났어요. 발림성은 정말 좋았어요. 바른후에는 산뜻하고 보송보송한 느낌이었습니다. 시원하게 바르면 좋은 것 같아요. 평소에 민감한 피부라 새로운 크림을 바를때 걱정하는데 요건 트러블이 올라오지 않고 괜찮았습니다. 여름에는 토너,앰플,로션, 이 크림을 바릅니당. 그런데 겨울용으론 부족할 것 같아요. 수분감은 그냥 괜찮은데 유분이 아예 없어서 건조할 것 같네요. 복합성 피부는 사계절 사용해도 무난한 크림이라고 생각합니다. 진정,수분으로 가볍게 사용할 크림입니다! 사용 후 느낌이 가장 좋네요. 수분감 가득인 앰플과 잘 맞아요","","","","",""
"리미1024","5점만점에 5점","2021.09.20","복합성에 좋아요","진정에 좋아요","보통이에요","좁쌀개선에 좋은 것 같아요. 일단 모공을 막는 성분이 없어서 그런지 피부에 많이 올려도 부담없이 진정할 수 있는 것 같아요. 최근 각질제거를 과하게해서 피부장벽이 많이 송상되있는 상태였는데 이 크림 사용하면서 점차 회복중이고 나아지는게 눈으로 보여서 뿌듯합니댱","","","","",""
"닉네임이다사용중이래","5점만점에 5점","2021.07.19","복합성에 좋아요","진정에 좋아요","자극없이 순해요","같은 라인 세럼 토너와 함께 구매한 제품입니다 요 제품도 알게 모르게 유명한 시카 크림이라고 알고있어요 가격에 비해 용량이 적은 느낌으로 용량이 많진 않습니다 그래도 사용기간동안은 사용 가능할 것 같았어요 크림은 약간 흰색을 띄는 불투명한 색으로 나오는 입구가 작아 얇게 나오고 향도 거의 없으며 두꺼운 시카크림이 아닌 얇게 발리는 시카 크림이에요 여름철에도 진정이 필요한 부분에 무난히 사용할 수 있는 제품같았습니다 겨울에 건성분들은 보습이 좀 부족할 것 같았습니다 세럼이랑 사용하면 부스터 효과가 있을 것 같아 같이 구매했어요 두 제품 같이 사용하면 좋은 것 같습니다","","","","",""
"가나다112","5점만점에 5점","2021.07.14","복합성에 좋아요","보습에 좋아요","자극없이 순해요","미간과 코 쪽이 많이 건조해서 사용하던 거 말고 다른 크림을 찾아보다가 성분이 너무 정직해서 구매하게 되었어요민감하고 복합성에 여드름이 나는 피부라 시카크림을 잘 사용하는 편입니다미간과 코 쪽이 너무 건조해서 화장이 많이 뜨길래 걱정이 많았는데 사용하고 건조한 게 없어졌어요시카라 그런지 피부 진정에도 좋은 것 같아요유분감이 조금 있다고 느끼실 수도 있어서 건성분들께 좋을 것 같고 얇게 바르면 복합성이나 지성분들께도 좋은 것 같아요원래 트러블 부위에 크림을 많이 찍어두고 자는데 유분이 있어서 그런지 찍어두는 것보다 가볍게 바르는 게 더 효과가 좋은 것 같아요","","","","",""
"뿌릇빠릇","5점만점에 5점","2021.06.15","복합성에 좋아요","진정에 좋아요","자극없이 순해요","이제품은 피부가 민감하신분들에게 적합한거같아요!!!일단 시카성분이 들어가서 여드름을 완화시켜줍니다얼굴전체에 발라도 좋고그 부위에만 집중적으로 발라주는것도 추천드랴요ㅎㅎ그리고 건성분들도 사용하시면 좋지만 겨울에는 피부가 당길 수 있기때문에 보습크림을 발라주시는 것을 권장합니다수부지나 지성분들은 사계절내내 부담없이 사용하셔도 될거같아요ㅎㅎ","건성","쿨톤","모공","민감성",""
"뚱인데료","5점만점에 5점","2021.06.08","지성에 좋아요","진정에 좋아요","자극없이 순해요","여드름 진정에 사용하려고 사본 제품인데 진정과 보습에 아주 좋아요!! 여러번 다른 제품 갈아타다 정착한 제품이에요!! 여름에 쓰기엔 조금 겉도는 느낌이 들수도 있지만 환절기와 겨울엔 최고에요!!","","","","",""
"달빛이","5점만점에 5점","2021.06.07","건성에 좋아요","진정에 좋아요","자극없이 순해요","요즘 코로나 시대라서 그런지 그 마스크 끼는 부분 (볼 인중 턱 등)  하관 쪽에 트러블이 계속 나서 스트레스를 좀 많이 받고 있어서 스킨케어 라인을 모두 수분진정으로 바꾸고 있어요ㅜㅜㅜㅜ( 속상 )그래서 시카성분이 들어간 수분크림을 계속 사용하고 있는데  아직 정착하지는 못한 상태에요!!피부가 또  악건성이여가지구 가끔 이런 시카라인은 수분감이 부족한 너낌도 나더라구여ㅠㅠㅠㅠ그래도 이 제품은 수분감이 막 부족한 느낌은 아니였어요 !!그리고 자극도 딱히  그렇게 느껴지지도 않고, 가격도 세일할 때 사니까 가성비도 더 좋은 것 같아요~~~","","","","",""
"junidani","5점만점에 5점","2021.06.03","건성에 좋아요","보습에 좋아요","자극없이 순해요","이거 진짜 조음.... 대용량으로 내주세요.. 사계절 피부타입 상관없이 사용할수있고 트러블에 즉각 진정효과가 있어서 자꾸 사용하게 되요 손이 잘 가면서 효과도 눈에 보이는 제품 완전 완전 강추 한때 코덕이었는데 크림 쌓아두고도 이것만 한 네통 넘게 사서 쓰고 있네요","건성","쿨톤","각질","모공",""
"쀼슈","5점만점에 5점","2021.05.28","복합성에 좋아요","진정에 좋아요","자극없이 순해요","진짜 몇번째 재구매인지 모를 인생템❤️저는 피부가 민감성+복합성이고, 주기적으로 호르몬에 의해ㅎ.. 피부가 뒤집히는 편입니다.원래 시카 성분이 정말 잘 맞아서 한동안 코스알엑스 시카세럼, 시카 크림으로 완전 정착했었는데 최근에 크림이랑 세럼을 다 쓰고 새로운걸 찾아보자는 마음에 다른 제품을 사서 사용했었습니다. 그 제품도 완전 안 맞는 것은 아닌데, 요즘에 미세먼지+호르몬으로 피부가 뒤집히니 다시 찾게 되네욤...!일단 이 크림은 바르면 싹 흡수되는 제형이라서 지성~복합성까지는 괜찮은데, 건성분들이 사용하기에는 약간 건조할 것 같아요! 저는 스킨패드+세럼+크림 이렇게 기초를 하는데, 이 크림은 크림 단계에서 도톰하게 발라주고 자면 다음날 정말 피부가 진정되어 있는게 눈에 보여요. 붉은기는 물론이고 압출했던 트러블도 싹 가라앉아 있어서 너무 좋아요ㅜㅜ너무 좋은데... 코스알엑스.. 용량 좀 늘려줘요... 저 이거 한달컷 정도 걸려요... 젭알~~~ 용량 늘려줘!!","복합성","봄웜톤","모공","민감성",""
"김김2","5점만점에 5점","2021.05.20","건성에 좋아요","진정에 좋아요","자극없이 순해요","@@ 샘플 사용해보고 좋은거 같아서 본품 구매했습니다 !! @@일단 피부가 엄청 엄청 건조하신 분들은 퓨어핏 라인으로만 마무리하시기에는 조금 건조할수 있으실거 같더라구요 제 기준 여름에 사용하기 딱 좋은거 같습니다!마스크를 하루종일 쓰고 일하는데 날씨가 더워지니까 얼굴에 열이 올라 트러블도 자꾸 생기고 안좋아지는거 같아서 진정제품도 필요했는데 괜찮은거 같아요 유난히 기초 제품들 한에서만 향에 예민한 편이라 향이 강한 제품은 좀 꺼려지는데 , 얘는 딱히 향도 없어서 엄청 예민하신분 아닌 이상은 편안함 그 자체입니다~~!!","","","","",""
"쀼슈","5점만점에 5점","2021.05.02","복합성에 좋아요","진정에 좋아요","자극없이 순해요","진짜 몇번째 재구매인지 모를 인생템저는 피부가 민감성+복합성입니다. 최근에 날씨가 따뜻해지기도 했고 마스크를 쓰느라 피부가 다시 뒤집어져서 크림을 재구매했습니다.코스알엑스 시카 크림의 가장 좋은 점은 흡수가 빠르고 진정에 효과가 좋다는 점입니다. 물론 건성 분들이 쓰시기엔 조금 건조한데, 복합성이나 지성에게는 보습력은 괜찮습니다! 크림이 흡수된 후에는 붉은기 진정이 빠르기 때문에 혹시나 피부에 붉은기가 많으신 분들은 사용해보시면 좋을 것 같습니다!저는 보통 스킨패드로 각질 정리하고, 세럼으로 속건조를 잡아준 다음에 이 크림으로 마무리를 하고 있습니다. 크림을 많이 발라도 밀리는 것 없이 흡수 되기 때문에 화장하기 전에 사용해도 좋습니다!","복합성","봄웜톤","모공","민감성",""
"찌공","5점만점에 5점","2021.04.19","건성에 좋아요","보습에 좋아요","자극없이 순해요","코스알엑스 광펜인데 코스알엑스에서도 유난히 정말 잘 맞은 상품으로 피부 좋아지는데 한 몫했어요저는 엄청 민감성 피부인데도 자극 없고 잘 안올라오더라구요복합성인 사람들한테 좋을 것 같고남자친구도 이 제품으로 갈아탔는데 금방 다 쓰고 또 재구매해달라구 하더라구요크기가 작아서 저는 헬스장 다닐 때 휴대용으로 쓰는데 이것도 저한텐 장점입니당성분이 엄청 순하기 때문에 믿고 쓸 수 있규마스크 써서 난 뾰루지 잠잠해지는데 좋은 것 같아요아 그리고 이거 쓰고 화장하면 화장 잘 먹어용 ㅋㅋ 느낌탓일 수 있는데 매끄럽게 피부결 연출되는 너낌 ㅎ","복합성","웜톤","각질","모공",""
"junidani","5점만점에 5점","2020.09.14","복합성에 좋아요","진정에 좋아요","자극없이 순해요","무거운 크림은 아니면서 마무리감이 끈적이지않아요!악건성은 부족할수 있지만 세럼으로 채워주고 산뜻촉촉한 보습막을 씌워줘서 자주 손이가요 ㅜㅜ 두드러기 난곳도 빠르게 진정시켜주고 트러블 위에도 올려놓으니 확실히 잠재워지는것 같아요 강추!!","건성","쿨톤","각질","모공",""
"원지","5점만점에 5점","2020.05.02","건성에 좋아요","진정에 좋아요","자극없이 순해요","☆저는 건성입니다☆코스알엑스 기초는 쓸 때마다 만족해서 이번 제품도 기대했는데 순하고 좋은 것 같아요!저는 평소에 스킨>세럼>수분크림>보습크림 순으로 바르는데요 날씨가 따뜻해지고 이 제품으로 바꿔쓰면서 스킨>세럼>시카크림 순으로만 발라요! 하나도 당기지 않고 순하고 발림도 좋아요! 향도 없습니다ㅎㅎ타사 시카크림 동생 바르는 거 몇 번 써봤을때 딱히 만족스럽지 않았는데 이 제품은 내돈내산해도 되겠다 싶어요! 제형은 수분크림보다는 무겁고 보습크림보다는 가벼워서 지금부터 가을까지도 요거 하나로만 사용할 수 있을 것 같아요!!","건성","웜톤","모공","민감성","가벼우면서 보습도 되는 시카크림!"
"ABCDE","5점만점에 5점","2020.04.16","복합성에 좋아요","진정에 좋아요","자극없이 순해요","🔆올영체험단 감사합니다🔆✏️가벼운 제형이에요 끈적이지 않고 촉촉+산뜻하지만 건성분들은 건조하다고 느끼실 수 있어요✏️민감성도 유해 성분 0이라 맘 놓고 사용할 수 있어요 향은 거의 안나고 자연스러운 풀냄새? 나요✏️오래써본 건 아니지만 진정효과가 있는 것 같아요 순하게 발려서 피부자극이나 트러블 없어요✏️코스알엑스 제품 패드랑 토너 앰플 써봤는데 다 만족스러웠어요 이 제품도 믿고 한 통 다 써보려구요 효과가 기대됩니다✏️돌려서 열어야하는 제품용기가 좀 불편해요","","","","","산뜻 촉촉 요즘 계절에 딱 좋아요"
"기상청보면서기상","5점만점에 4점","2024.10.25","복합성에 좋아요","진정에 좋아요","자극없이 순해요","한달쓰고 리뷰 씁니당!!일단 자극은 아예 없구 냄새도 심하지않구 덧발라도 너무 하얗게 안떠서 좋은데...너무 가벼워가꾸 너무 쉽게 건조해지더라구요...ㅠㅠ 그래서 현재는 코스알엑스 프로폴리스 라이트로 갈아타서 쓴답니다..ㅎㅎ 차라리 프로폴리스 라이트가 더 나아용!! 너무 무겁지 않고 심하게 당기진 않고 조아요! 다만 덧바르거나 많이올리면 하얗게 뜨는데 그래도 금방 투명해져서 좋아요..코스알엑스 크림은 시카가 처음인데 앞으로 코스알엑스 제품 맘에 드는거 있으면 구매해서 사용할 의향 있습니당!!!","","","","",""
"기상청보면서기상","5점만점에 5점","2024.09.06","복합성에 좋아요","보습에 좋아요","자극없이 순해요","처음사용하는 제품인데 꽤 좋은거 같은게, 조금 급하게 후기 1,2편 정도만 보고 구매한 크림이고 쓴지 얼마안됬는데 좋은점이 벌써 나오는거 같아서 씁니다. 일단 장점은 많이 발라도 하얗게 안뜨고 손가락이 좀 따듯해서인지 금방 투명해져서 흡수되고, 후기 처럼 진짜 순하고 향도 무향이라 좀 안심되요. 시카를 예전에 사용했을 때 분명 별로였는데 순하다라는 이 한마디만 보고 구매해서 사용했을때는 예전처럼 자극있고 트러블나는게 없어서 너무 놀랐고 좋아요!!!!근데 좀 라이트해서 여려겹 쌓아서 바르거나 크림 전 단계를 신경써야 할거 같아요!!","","","","",""
"팡금이","5점만점에 5점","2023.03.09","복합성에 좋아요","진정에 좋아요","자극없이 순해요","생리한 후에 트러블이 올라오면 꼭 시카크림을 발라주는데, 트러블이 빨리 진정되서 좋아요! 이 제품은 끈적임 없이 정말 로션처럼 슥슥 잘 발려서 더 좋앟어요! 그리고 저는 술먹으면 꼭 트러블이 나는 편인데 술먹은날 이 제품을 바른 후에는 트러블 안나서 너무 맘에 듭니당ㅎㅎㅎ","","","","",""
"쟁니","5점만점에 5점","2022.06.02","지성에 좋아요","보습에 좋아요","보통이에요","여러분 가벼운 시카크림 찾으시면 이거 쓰세요.  요즘 시카크림이 많지만! 제가 중점적으로 본 것은  1. 정제수 대신 병풀추출물로 이루어진것 2. 병풀추출물과 마데카소사이드 or 센텔라아시아티카가 함유되어있는것 (재생담당 유효성분)  대부분 시카크림에 재생성분 대신 정제수가 제일 많다는게 이해가 잘 안되더라구요. 그래서 고르고 고른게 이거 !   🔥 다음날 아침에 광이 좔좔  🔥 붉은 홍조피부 진정 (진짜 갑 of 갑)  🔥 좁쌀 여드름에 좋다  🔥 유수분 적당  : 끈적임 없어요 진짜로. 저는 건성인 주제에 조금이라도 끈적이는거 절대 안쓰고 바로 손에만 바르거든요..  그리고 모낭염이 있어서 (모낭염은 유분기 많으면 엄청 심해져요) 유수분 밸런스 안맞으면 못써요.  끈적임 없고 유수분이 적당해서 지성분들께도 추천 할 것 같아요  🔥 민감피부? 솹가능 : 우선 저는 모낭염과 접촉성 피부염이 있고,  홍조도 있는데 비타민A 사용자라 피부가 벗겨지는 경우가 있어서 재생크림이 필수인데 진짜진짜 x 1000000 민감성도 쓸 수 있어요 진짜유   비타민 A 쓴 뒤로 그냥 보습크림만 쓰다가 오랜만에 재생크림 쓰는 것 같은데 정말 좋네요. . 그동안 왜 제가 보습크림만 쓴건지? ㅠ  시카크림 좋아하시면 꼭꼬옥 써보세요","","","","",""
"문또","5점만점에 4점","2022.02.20","지성에 좋아요","진정에 좋아요","자극없이 순해요","제가 가을 겨울에는 리얼 베리의 익스트 크림 를 사용하고 봄 여름에는 이콧 사렉스 퓨어 패시카 크림을 이용하는데요 원래 리얼 베리어를 사계절 내내 쓰다가 우연히 발견한 이 제품이 너무 너무 피부에 잘 맞고 좋아서 계속 사용하고 있습니다 일단 이 수분 크림의 장점은 제형이 정말 묽은 로션이나 제일 같아서 사용 후에 마무리감이 끈적임 없이 산뜻하다는 점입니다 그리고 지성이 신 분들한테는 특히 좋을 것 같은게 수분이 많이 느껴지고 촉촉한 데 유분기는 없어서 사용 후에도 거부감 없이 잘 사용할 수 있습니다 그리고 아무래도 진정 성분인 시카가 들어 있기 때문에 트러블 피부인 저도 진정 효과를 잘 보면서 이용하고 있습니다 행사 할 때 이렇게 구매해두면 여름이나 봄에 사용하기 좋습니다 트러블 피부 지성 피부에게 강력 추천하는 수분 크림입니다","복합성","웜톤","모공","민감성",""
"문또","5점만점에 4점","2022.02.16","지성에 좋아요","진정에 좋아요","자극없이 순해요","거의 10년 동안 리얼 베리어 수분 크림만 사용하다가 우연히 지하 지인을 추천을 받고 쓰게 된 제품인데 이제 봄 여름에는 이 수분 크림을 쓰지 않고는 견딜 수가 없습니다 제가 지인분들에게도 강력 추천할 만큼 가장 좋아하고 잘 쓰고 있는 제품인데요 아쉬운 점은 어느 순간에 가격이 올랐더라고요 아원 가격이 오른 게 아니라 올리브영에서 원래 15000원으로 할인 했었는데 이제 이만원으로 까지만 할인을 하더라구요 그래서 정말 아쉬웠는데 이번에 30미리를 더 증정해주는 기획 제품이 나와서 올리브영 매장을 돌아다니면서 이번 여름에 쓸 수분 크림을 쟁여놓았습니다 저는 한 달에 한 통 정도 쓰기 때문에 일단 넷 박스 정도 구입을 했는데요 했는데요 끈적인 싫어하시고 피부 진정 필요하신 분들이 쓰면 정말 좋을 수분 크림입니다 추천합니다","복합성","웜톤","모공","민감성",""
"문또","5점만점에 4점","2022.02.01","지성에 좋아요","진정에 좋아요","자극없이 순해요","원래 올리브영에서 할인 할 때마다 구입해서 사용하고 있었는데 가격이 올랐더라고요 원래 할인하면 50 미리 한 통에 15000원이었는데 이제는 할인을 해도 50 미리 한 통에 2만원이 되었습니다 그래서 고민하던 중에 이렇게 30미리를 더 주는 기획이 나와서 얼른 구입했는데요 평소와는 다르게 이번에는 새통을 구입했습니다 원래 겨울에는 리얼 베리어 크림을 사용하고 있는데 여름과 봄에는 가벼운 제형의 코스피 어핏 크림을 사용하고 있어서 기획이 보이길래 미리 구입해 뒀구요 앞으로도 기획 행사를 자주 해주셨으면 하는 바람입니다 일단 굉장히 재형이 가벼워서 지성인 분들에게 좋구요 마무리감이 산뜻한 편이라서 봄이나 여름에 끈적이는 거 싫어하시는 분들도 잘 바르셀 수 있을 것 같습니다 수분 충전은 되면서 가벼운 제형의 크림 찾으시는 분들에게 추천합니다","복합성","웜톤","모공","민감성",""
"매맹","5점만점에 5점","2021.12.21","건성에 좋아요","진정에 좋아요","자극없이 순해요","마스크랑 먼지 탓인지 요새 홍조가 너무 심해서 타사 히알루론산 세럼이랑 같이 사용하려고 시카크림 샀는데 역시 히알루론산이랑 시카는 찰떡궁합이네요. 두번 사용만에 효과가 느껴집니다. 즉각적인 진정 그리고 보습! 건성이라 요새 화장도 다 뜨고 얼굴 찢어질거 같았는데 시카크림 추가하고 광명 찾았어요. 근데 넘 작아서 금방쓸 거 같아요ㅠㅠㅋㅋㅋ","","","","",""
"행복한페밀리","5점만점에 5점","2021.12.15","복합성에 좋아요","보습에 좋아요","자극없이 순해요","코스알엑스 크림겨울에 수분 충전을 위한 필수 아이템이네요시카 크림을 특히나 좋아하는데 올영에서 구매를 하고 리뷰를 올리네요. 크림을 써보면 농도가 어느 정도 있어서 수분감도 괜찮고 보습이 잘되구요 그리고 요즘 피부가 너무 건조 할 때라 그런지 크림 사용하는 빈도도 많잖아요 그래서 저는 코스알엑스 제품 크림을 써보면서 그만큼 수분감을 계속 가질려고 하고 있구요그리고 역시나 중요한 가격이 있는데 타사 크림 가격에 비해 확실히 저렴하구요 그래서 부담 없이 자주 사용하기 너무 좋은 제품이에요 그래서 가성비가 정말 있다는 말 밖에 안나오죠^^하루에 아침에 한번 밤에 세안하고 한번 , 그래서 하루 시작과 끝을 같이하는 크림이라고 생각해요. 피부가 그렇게 좋은 편은 아니지만 계속 관리를 하는 습관을 들이고 있어서 노화도 막아내고 히부도 좋아질려고 계속 하고 있어요","","","","",""
"yrl","5점만점에 5점","2021.12.03","건성에 좋아요","진정에 좋아요","자극없이 순해요","자극없이 순해서 사용하고 나면 피부가 편해요. 완전히 전형적인 크림 제형은 아니고, 그보다 더 수분감이 느껴지는 젤제형의 수분크림과 일반 보습용 크림의 중간 정도의 제형이에요. 아주 독특한 제형이라고 할 수는 없지만 그래도 시중에 생각처럼 많이 나외있는 제형은 아니라서 마음에 들었어요. 낮에는 토너 앰플 시카크림 선크림 순으로 발라서 최대한 적은 단계로 끝낼 수 있도록 하고 밤에는 보통 토너 앰플 수분크림 시카크림 유분감 있는 무거운 크림 순으로 사용해요.최근에 피부가 심하게 뒤집어 지고 예민할 때가 있었는데  토너 앰플까지만 바르고 이 크림을 듬뿍 두껍게 발라 줬어요. 그렇게 올려 놓고 자고 일어나면 확실히 진정효과를 볼 수 있었어요. 유분감이 거의 느껴지지 않는 제형이다보니 수면팩으로 듬뿍 바르기에도 부딤스럽지 않아요.","건성","웜톤","잡티","트러블",""
"리뷰는즐거워","5점만점에 5점","2021.10.20","건성에 좋아요","보습에 좋아요","자극없이 순해요","제가 겨울이 되면 홍조가 심해져서 아무거나 못발라요 다 까지고 붉어져서 따끔거리는데 코스알엑스 시카라인을 사용하고 정말  좋아졌어요 시카크림도 볼에 발라주면 진정도 되고 보습도 되서 아주 애용하는 제품 이랍니다 피부가 예민하고 건조하신 분들에게 아주 좋은 제품인 것 같아요 홍조도 좋아지고 피부에 힘도 생기는 것 같습니다 유분은 좀 있은 편이라 저는 티존에는 안 바르고 예민하고 건조한 양쪽 볼에만 발라주고 있어요 양 대비 가격은 좀 있지만 세일할 따 사면 좋더라구요 제작년 겨울부터 지금까지 너무 잘 쓰고 있어요 여름에는 이거 하나로 마무리하면 좋구요 겨울에는 이거 바르고 영양크림 하나 더 발라주고 마무리하고 있슺니다 수부지피부나 건성피부, 예민한피부, 홍조 피부에 좋은 것 같아요 앞으로도 꾸준히 사용할 생각입니다","건성","쿨톤","민감성","트러블",""
"리뷰는즐거워","5점만점에 5점","2021.10.08","복합성에 좋아요","보습에 좋아요","자극없이 순해요","코스알엑스 시카 토너를 사용해보고 너무 좋아서 크림도 사용하게 됐어요 거의 2년정도 꾸준히 사용중입니다 겨울에 볼에 홍조가 심해서 아무것도 못 바를 때 코스알엑스 시카라인으로 진정과 보습을 잡았어요 ㅠㅠ 진짜 피부 예민하고 건조한 피부에 자극없이 진정과 수분을 채워주는 제품인 것 같아요 저는 수부지 타입이고 유존만 건조한 편이라서 양쪽 볼에만 마무리단계로 이 크림을 발라주고 있어요 촉촉하고 산뜻한 마무리함이라고 상각하시면 되요 향은 거의없고 꾸덕하진않은 적당한 제형입니다 그 뒤로는 홍조도 없구요 피부가 안정되고 수분이 채워진 기분입니다! 앞으로도 코스알엑스 시카라인은 계속 꾸준히 사용할거에요! 저처럼 피부 예민하고 진정이 필요하신 분들, 수분감을 채워주면서 너무 꾸덕하지 않은 제품을 찾으시는 분들에게 강력 추천드려요","건성","쿨톤","민감성","트러블",""
"분짱이","5점만점에 5점","2021.08.31","지성에 좋아요","진정에 좋아요","자극없이 순해요","이 제품은 진짜... 말이 필요 없어요 ㅠㅠ솔직히 화장품에 관심은 많은데 기초 제품에는 관심은 없어서 그냥 좋다는 거 대충 사는 그 정도인데 이 제품은 진짜 짱 조아요ㅠㅠ처음에 친구가 좋다고 추천해줘서 사려다가 그 친구 피부가 원래 좋아서 여드름성 피부에는 안 맞을 거 같아서 고민하다가 구매했어요!근데 웬걸~ 너무 좋아요!!엄마꺼랑 제꺼랑 구매했는데 악건성인 저희 엄마 피부랑 여드름성 피부인 제 피부에도 다 잘 맞아요!!진짜 만능 크림이에요ㅠㅠ 저희 둘 다 엄청 예민해서 아무 크림이나 쓰면 엄마는 바로 빨갛게 올라오고 저는 여드름 생기는데 이 크림은 그런 거 전혀 없어요!!그래서 이번에 다시 재구매해서 리뷰 쓰고 있어요~~!!앞으로 이 크림에만 정착할 거 같아요!!이거 하나만 발라도 충분하지만 더욱 보습이 필요한 날에는 시카 세럼이랑 발라주면 찰떡이에요!!이 제품 진짜 찐으로 추천합니다!!!!!","","","","",""
"리뷰는즐거워","5점만점에 5점","2021.08.31","복합성에 좋아요","진정에 좋아요","자극없이 순해요","건조하고 예민한 제 피부에 한줄기 빛이 되어준 코스알엑스!! 겨울에 볼이 다 벗겨져서 홍조가 심하고 화장도 전혀 못할 정도로 예민한 피부라 원래 사용하던 토너를 쓰니 따끔거려서 못쓰고 있을 때 코스알엑스 토너를 써보고제 피부는 조금씩 진정되고 좋아지기 시작햇어요! 그래서 시카크림도 사용해보게 되었는데 제형은 조금 유분기가 있어서 얼굴전체에는 사용을 못하구 가장 건조하고 예민한 양쪽 볼에만 사용하고 있습니다!! 덕분에 피부가 많이 건강해지고 튼튼해졌어요보습력도 좋아서 사계절 모두 잘 사용하고 있구요 극건성이신분들에게 적극 추천드리고 예민한 피부이신 분들에게 추천드려요!! 코스알엑스 시카크림 너무 잘쓰고있어용 오랫동안 만들어주시고 대박나세요 앞으로도 자주 애용하겠습니당 !!!!!","건성","쿨톤","민감성","트러블",""
"로보트","5점만점에 5점","2021.08.25","복합성에 좋아요","진정에 좋아요","자극없이 순해요","마스크때문에 피부 트러블이 점점 심해져서 고민이 많은 딸램이 때문에 구매했습니다. 오랜만에 만난 친구가 안 본 사이에 피부결이 너무 좋아져서 공유하게 된 제품이라고 해요. 피부과 가서  치료도 받고 약도 먹고 해봤는데 피부과전문의도 시간이 지나야 되는  문제라며 시간 될때 와서 염증 안 생기게 관리해 주면서 기다리야 한다고만 했어요. 사용한지 1달쯤 됐는데 조금 진정되는 것 같아요. 마스크때문에 마찰도 계속 있고, 한달에 한번 호르몬 영향도 있고, 식습관도 고치기 어렵고...여러가지 문제를 그대로 가지고 있지만 그럼에도 불구하고 조금씩 진정되고 가라앉는게 보이고 붉게 올라온 스팟들이 가라앉고 옅어 지고 있는 건 확인이 됩니다. 어느 순간부턴 더 이상 나이지지 않고 정체기인 듯 한데 그래도 꾸준히 사용중입니다. 꾸덕하지 않고 잘 발리는 제형이고 흡수도 잘 됩니다.","","","","",""
"문또","5점만점에 4점","2021.08.18","지성에 좋아요","진정에 좋아요","자극없이 순해요","일단 저는 유분기가 느껴지는? 바르고나면 뭔가 겉돌고 기름진것같이 막을씌운 듯한 수분크림을 정말 안좋아하는데이 제품은 그렇지 않고 촉촉 산뜻 바로흡수되어서 정말 마음에 들었습니다무엇보다 단지요기가 아니라서 더 좋았어요우연히 코스알엑스 퓨어핏 마스크팩을 써보고 너무 잘맞고 좋아서 같은 라인 토너 세럼 크림을 전부 구입해서 사용중인데요저는 6년동안 꾸준히 사용하던 브랜드 기초 제품이 있어서 정말 웬만하면 절대 안바꾸는데6년만에 사용하던 제품 버리고 갈아타게 한 크림입니다저는 수부지 화농성트러블에 피부가 하얗고 얇아서 붉은기가 정말 오래가는 피부타입입니다여드름 관리해주고 사용해주시면 붉은기 진정에 정말 좋은거같아요 저와 비슷한 피부타입이신 분들에게 추천하구여 저는 계속사용예정입니다","복합성","웜톤","모공","민감성",""
"메이07","5점만점에 3점","2021.08.01","복합성에 좋아요","보습에 좋아요","자극없이 순해요","냄새가 호불호가 갈릴꺼 같아요. 바를때마다 냄새 때문에 좀 그렇기는 합니다. 자극없이 순한데 반에 크게 효과를 보기는 어려운 무난무난한 제품 같아요. 되려 스킨이나 마스크팩이 더 큰 효과를 보는거 같습니다. 두번 구입은 안 할꺼 같아요.시카크림치고는 묵직한 느낌이 강합니다.","","","","",""
"맨동","5점만점에 5점","2021.07.19","지성에 좋아요","진정에 좋아요","자극없이 순해요","악건성 민감성 피부라 한여름에도 항상 보습크림만 바르던 사람이었는데 요즘 수분크림, 젤크림도 꾸덕하고 보습력있게 잘 나와서 여름시즌에 수분크림제형의 크림을 찾아보던 중이었는데요  즐겨보는 유튜버님이 꾸준히 추천하시길래 마침 수분크림도 떨어졌고 해서 매장 테스트 해보고 온라인으로 구매해봤어요 우선 시카가 잘 맞는 피부이긴 하지만 ""시카"" 이름이 붙는다고 다 진정이 잘되진 않더라구요 그래서 이제품도 사실 크림에 진정을 기대하는 편은 아니라서 촉촉함만 오래 유지했음 좋겠다 생각했는데 진정에도 효과가 굉장히 좋았어요 이마에난 딱ㄸㅏㄱ한 화농성 여드름이 이 크림을 듬뿍 바르고 잔 다음날 눈에 띄에 평평해지고 가라앉은걸 보고 아주 만족했습니다 하지만 건성에게 밤에 바르고 잘 정도로 보습력이 아주 좋은건 아니라서 저는 낮에는 단독, 밤에는 이 시카크림을 듬뿍 발라주고 유분기가 많은 크림을 소량 위에 덮어줍니다","","","","",""
"리뷰는즐거워","5점만점에 5점","2021.06.13","복합성에 좋아요","진정에 좋아요","자극없이 순해요","코스알엑스 토너 사용하고 자극이 없고 진정에 좋아서 크림도 구매한게 몇번된 것 같아요~ 수부지라서 너무 유분기 있으면 안 좋아서 크림은 신중하게 고르게 되더라구요 게다가 볼에는 홍조도 있어서 조금만 자극적이면 오히려 홍조가 더 심해져서 케어하기 정말 힘든 피부인데 이 크림은 유분이 과하지 않지만 바르고 나면 다 날아가는 제형이 아니라서 수분은 채워줘서 좋더라구요 그리고 며칠 바르다보면 홍조가 심해지고 따가운 크림들이 많은데 이건 오랫동안 잘 사용하고 있어요 여름에 마무리로 바르기 좋은 크림이구 앞으로도 꾸준히 사용할 생각입니다~!!!","건성","쿨톤","민감성","트러블",""
"분짱이","5점만점에 5점","2021.06.10","복합성에 좋아요","진정에 좋아요","자극없이 순해요","코스알엑스 핌플패드(빨간색)는 계속 10통 이상 사용해오고 있었어요!! 근데 최근에 친구가 코스알엑스 시카크림이 좋다고 한 말이 생각나서 마침 올영 세일기간에 40%나 세일하길래 아무 의심 없이 구입했어요! 토너 패드는 몇 년째 계속 써오고 있고 피부랑 잘 맞아서 시카 크림 성분 걱정은 없었지만 혹시나 시카크림이라서 기름지지 않을까 걱정했어요 근데 전혀 기름 지지 않고 처음에는 물처럼 발리다가 흡수되면서 쫀쫀해져요! 지성피부인 제 피부에서 유분기 없이 촉촉하게 딱 좋았고! 극극극 민감성 건성 피부인 저희 엄마 피부에도 잘 맞았어요! 그래서 2개 구입했는데 하나 뺏겼어요ㅎㅎ 다시 구입하기로 해서 괜찮아요ㅎㅎ 전날에 안 쓰던 비타민 팩을 해서 좁쌀 여드름이 엄청 생겼는데 재생 크림이기 때문에 혹시나 진정되지 않을까 싶어서 기도하는 마음으로 바르고 잤어요 불과 몇 시간 전만 해도 거울 볼 때마다 몇 분 단위로 좁쌀이 계속 올라오고 건드린 부분은 그 주위 전체가 빨간 상태였는데 일어나서 확인해보니 싹 가라앉았어요 진짜 혁명.... 너무 고마워서 지금 300자 넘었는데도 계속 쓰는 중이에요.. 제 기초는 코스알엑스에 정착합니다 그래서 시카세럼까지 구매했어요! 배송오면 그것도 후기 남길게요 ㅎ","","","","",""
"자꽁","5점만점에 5점","2020.09.20","건성에 좋아요","보습에 좋아요","자극없이 순해요","선물받아서 처음 써보고 너무 좋아서 더 구매하고 싶었는데 올영에서 판매를 시작해서 매장가서 구매했어요 !👍🏻건성타입인데 크림 바른 후에 건조하다는 느낌 없었고, 그렇다고 답답하지도 않았어요 !수분감 가득하면서 마무리는 산뜻한 제품이면서 , 가벼운 제형과 꾸덕함의 중간으로 바르기 딱 좋아요 ㅎㅎ제품 바른 후에 화장해도 밀림이 없고 촉촉하게 잘 먹어서 좋습니다 !","","","","",""
"HuiㅡU","5점만점에 5점","2020.05.11","복합성에 좋아요","진정에 좋아요","자극없이 순해요","깨끗한 피부가 장점이였는데 최근에 피곤해서 피부가 엄청 뒤집어졌어요. 그래서 이것저것 찾아써보다가 유튜버분께서 괜찮다셔서 사봤는데 효과가 정말 좋았어요. 트러블이 붉에 올라오고 흉질 것처럼 나있었는데 꾸준하게 쓰니 효과가 빨리 오더라고요. 지금은 다시 깨끗해진 피부로 다니고 있습니당ㅎㅎ","","","","","수부진데 모든 피부에도 엄청 추천!!"
"mgb95****","5점만점에 5점","2021.09.26","건성에 좋아요","진정에 좋아요","자극없이 순해요","토너,세럼,크림 세트로 구매하고있습니다! 만족해요!","","","","",""
"원지310","5점만점에 5점","2021.09.04","복합성에 좋아요","진정에 좋아요","자극없이 순해요","항상 쓰던건데 마침 또 올영에서 세일하길래 바로 구매했어요!","","","","",""
"츄츄룽","5점만점에 5점","2020.04.16","지성에 좋아요","진정에 좋아요","자극없이 순해요","체험단으로 사용해보게 되었는데 여드름 피부에 순하고 좋은거 같아요 ㅎㅎㅎㅎ끈적임 없어서 좋습니당","","","","","순하고 끈적임 ㅇ없습니다!"
"genie23","5점만점에 5점","2022.05.15","복합성에 좋아요","보습에 좋아요","자극없이 순해요","자극없이 순한 제품인것 같습니당!! 이 제품으로 인한 트러블은 못느꼈어요~ 그런데 약간은 유분기가 느껴져서 수부지의 경우 겨울엔 살짝 건조할 것 같고, 여름에 사용하기엔 또 살짝 무거울 것 같구... 봄 가을 환절기에 딱인 제품인거 같아요!! 튜브형이라 위생적으로 사용 가능하고 발림성도 좋구 여러모로 만족스러운데 다만 가격대비 용량이 아쉽네용...ㅠㅠ 저녁에만 발라주고 있는데 엄청 팍팍 줄어드는 거 같아여ㅋㅋㅋㅋ 이제 곧 여름이라 조금 더 가벼운 다른 제품 사용하다 가을쯤 다시 한 번 정도 사용해 볼 것 같아요!! 코스알엑스 패드도 그렇고 제품들이 다 순한 거 같아 신뢰도가 높아지고 있어용ㅋㅋㅋ 행사도 자주 해주면 좋겠어요!! 행사할때 사야 그나마 가격이 덜 부담스러워서...ㅎㅎ 아 그리구 용량을 조금더 늘여도 좋을것 같네요~~","","","","",""
"꾸야야","5점만점에 5점","2022.03.22","복합성에 좋아요","보습에 좋아요","자극없이 순해요","수부지에 민감한 파부타입인데 시카 성분이 잘 맞아서 구매해보았습니다. 화장전에 바를 용으로 살짝 가벼운 사용감 인줄 알고 구매했는데 생각보다 제형자체도 묵직하고 보습감이 좋은 제품이에요! 화장전이 아니라 나이트 케어로 사용해도 좋을 만큼 보습감이 너무 좋게느껴져요 ㅎㅎ 속도 촉촉 겉도 촉촉한 느낌입니다. 저는 너무 매끈하게 마무리되는 것 보다 이런 제형을 선호하는 편이라 제 기대보다 더욱 좋았습니다. 다만 여름에 사용하기에는 조금 무거울것 같기도한데 저녁에는 보습감 좋게 사용하기에 추천해요. 향은 약간 한방향이 연하게 나요. 은은하게 나서 향이 거북한 느낌은 없었어요. 시카세럼에 시카크림까지 쓰는데 민감한 피부에 사용하기 넘 좋을것 같아요. 제 피부타입에는 맞는것같아요  꾸준히 사용해볼게요 추천합니다.","복합성","웜톤","모공","민감성",""
"뭐라고할까요","5점만점에 5점","2022.03.19","지성에 좋아요","진정에 좋아요","자극없이 순해요","정말 몇 통째 아니 열통 넘게 쓰고 있는 제품입니다. 너무 만족하면서 항상 고민없이 보이면 할인을 하고 있으면 무조건 구매하는 올리브영 믿고 구매하는 아이템 중 하나입니다. 정말 지성에게는 너무 기름지지도 않고 그렇다고 너무 건조하지도 않아서 지성분들에게 너무 추천드리는 제품입니다. 민감성이라서 잘못 바르거나 성분이 맞지 않으면 여드름이 무조건 나는데 코스알엑스 이 시카 라인은 너무 만족하면서 계속 사용중입니다. 앞으로도 별 이변이 없으면 계속 주문하면서 사용할 예정입니다","","","","",""
"nhvx","5점만점에 4점","2021.12.09","지성에 좋아요","진정에 좋아요","자극없이 순해요","요즘 코로나 때문에 마스크를 하루종일 끼고있으니까 좁쌀여드름이 엄청 나더라고요! 신경쓰여서 다 짜버리면 얼굴에 열감이랑 자극이 엄청 올라오고, 그냥 두면 그거대로 보기 싫어서 고민이 엄청 많았어요얼마전에도 압출 엄청 하고나서 열감이 엄청 올라왔었는데, 마침 전에 받은 코스알엑스 시카크림 사은품이 있길래 스킨팩 후에 여러번 덧발라봤어요 그런데 산뜻하고 시원한 느낌에 발림성도 좋더라고요!  울긋불긋해졌던 것도 금반 가라앉았고, 다음날 보니 짜고나서 부어있던 모공이 진정돼서 피부가 훨씬 깨끗해져있었어요 . 그래서 세일 노리다가 바로 샀습니다. 피부진정에 확실히 좋고, 향이나 발림성이 산뜻해서 추천할만한 제품인 것 같아요.  다만 질감이 가벼워서 겨울에 쓰기엔 건조합니다. 저처럼 건성이신 분들은 여름외에는 단독으로 쓰기 어려우실거예요 저는 제형을 미리 알고, 진정 목적으로만 산거라 불만은 없어요","건성","쿨톤","블랙헤드","트러블",""
"RaonIzSoul","5점만점에 5점","2021.12.08","지성에 좋아요","진정에 좋아요","자극없이 순해요","성분이 순하보 착해서 구매했습니다계절이 변할 때마다 짜잘한 트러블이 라서 쓰는 기초템의 기본을 진정으로 두고 있는데 요것 또한 그때문에 산 것도 있었어요일단 향은 은은한 풀향같은게 나는데 개인적으로는 좋아하는 편이고 향도 강하지 않아서 좋았어요그리고 크림은 단지보다는 튜브타입을 더 선호해서 용기도 마음에 들었구요진정효과는 아직 크게 느껴진건 아니지만 홍조나 붉은끼 진정에는 좋은 것 같구요다만 지금같은 곧 더 추워질 겨울철에 바르기에는 수분과 보습이 좀 부족해요지성분들에게도 케바케겠지만 산뜻하게 쓰기에는 나쁘지 않겠지만 건성피부에겐 지금쓰기에는 수분보습이 부족해서 그 전에 수분보습을 잘 해줘야 건조함이 안 느껴져요아니면 트러블부분에만 얇게 발라주고 마무리 보습크림을 더 발라주면 괜찮을 거예요","","","","",""
"상이","5점만점에 5점","2021.11.22","건성에 좋아요","보습에 좋아요","자극없이 순해요","저는 제 피부타입이 어떻다 라고 말하기 애매한 약간은 수부지에 가깝지만 사실은 건성 이런 말도 안되는 피부타입입니다...그래서 진짜 모 제가 오래 산 건 아니지만ㅠ 그래도 크림을 발라오면서 아직도 정착을 못했는데 사실 이거에도 정착을 했다 라고 생각하진 않지만 아직은 잘 쓰고있어서 한 통 다 쓸 때까지도 괜찮다? 그러면 정착할 것 같아요제가 크림을 아침저녁 구분없이 쓰고 메이크업할 때 파데 전에 크림으로 수분공급해줄때도 원래 쓰던 크림을 써서 하나를 고를 때 좀 까다롭게 고르긴해요 그만큼 정착도 잘 못했구요ㅜ그래서 전에는 마녀공장 온천수 미네랄 크림? 그거 썼었는데 점점 너무 지성이 되어가는 기분이여서 다음으로 찾은 크림이 이거였는데 아직 잘 쓰고 있어요!적당히 무거운? 제형이라 기름기가 확 돌지도 않고 그렇다고 건조해지는것도아니라서 잘 쓰고 있습니다!","건성","쿨톤","민감성","트러블",""
"까비씨","5점만점에 5점","2021.09.14","복합성에 좋아요","진정에 좋아요","보통이에요","저는 좁쌀에 엄청너무완전많이 스트레스 만땅인 채로 살고있었어요... 볼쪽이 오돌토돌 좁쌀이 많아서 평소에 유명한 템들은 많이 써본 편이에요 어성초며 티트리며 여드름에 좋다는 제품 찾아서 써보다가 우연히 유튜버분께서 이 제품을 적극추천하길래 기대하고 사봤습니다 근데 저는 진짜 효과 많이 봤습니다 정말로요 이제품 쓴뒤로 좁쌀이 눈에 띄게 좋아졌어요 여기서 저의 팁을 알려드리자면 저는 이것만 쓰는 것보다 여기에 유명한 센텔라 파우더 있잖아요? 그 제품 섞어서 썼어요 저한테는 너무너무 잘 맞았습니다 덕분에 시카랑 나랑 잘맞나싶어서 시카제품 눈여겨보고있습니다^^ 이제품과 같은라인의 앰플도 써볼까 생각중입니다 아무튼 저는 재구매 의사 완전완전 있어요 크림은 여기에 정착할 생각입니당~~ 추천드려요~~","","","","",""
"욤요미","5점만점에 4점","2021.09.10","복합성에 좋아요","진정에 좋아요","보통이에요","순하게 쓰기 좋았던거같아용발림성도 수분크림마냥 좋았어용다 바르고 나면 뭔가 막이 한겹씌워진 느낌..? 요 부분에서 호불호가 갈릴것같은 생각이 듭니당저는 뭔가 살짝 답답해지는 느낌이 있어서 느낌은 별로 였는데 전체적으로는 나쁘지않았어용","","","","",""
"dfd","5점만점에 4점","2021.07.28","지성에 좋아요","진정에 좋아요","자극없이 순해요","시카는 워낙 진정에 유명해서 구매하였습니다.우선 진정효과는 비교적 나쁜편은 아니였습니다.!피부타입을 고르자면 건성보다는 지복합성이나 지성에 조금 더 적합할 것 같아요!저는 건성인데 이 크림바르고 자면 아침에 조금 당김 현상이 있더라구요 건성이신 분들은 참고하시면 좋을 것 같습니다.아무래도 흡수력도 좋고 톡톡 두들겨 흡수시켜 주면금방 산뜻해져서 여름철에 바르기 진짜 좋은 것 같아요여드름이 좀 심한 친구에게 주었더니 발림성도 좋다고 굉장히 좋아하네요!진정기능을 원하시는 분중에 산뜻하면서도 흡수력이 좋은 크림을 찾는 분께 적합할 듯 합니다.","건성","","","",""
"알로알로하와이","5점만점에 5점","2021.07.03","지성에 좋아요","진정에 좋아요","자극없이 순해요","코스알엑스가 진정 라인으로 유명한데 시카라인이 나왔길래 구매해봤습니다!! 크림이 단지형이 아니라서 일단 너무 좋구요 향도 안 쎄서 좋습니당! 촉촉하게 발리고 흡수가 더딘편이 아니라서 땀 많이 나는 여름에 쓰기 좋더라구요 제가 지성이라서 선크림을 무기자차만 항상 쓰는데, 티트리나 알코올 성분이 들어가있는 스킨케어를 쓰면 선크림이 하얗게 뜨더라구요 그래서 스킨케어는 촉촉한데, 흡수가 빨리 잘 된다는 리뷰를 항상 찾아다녔어요ㅠㅠ 코스알엑스 시카라인이 딱 그렇네요! 지금 딱 더운 여름에 지성피부들 한테 추천드립니당~ 건성이나 복합성은 잘 모르겠네요ㅠ","","","","",""
"미송","5점만점에 5점","2021.04.16","복합성에 좋아요","진정에 좋아요","보통이에요","제 피부가 가라앉고이ㅛ는게 조금씩 보여요 ㅠㅠ 하 진짜 매번 다른 브랜드 시카크림 써보면 피부에 안 맞아서 ㄷㅓ 트러블이 올라오거나  빨갛게 올라와서 짜증나 죽을뻔했는데  이건 붉었던 피부가 진정되는 기분 ?패드도 좋았는데 크림까지 좋네용 다음에 다 쓰고 다시 시켜야 할 때 토너도 사 볼 생각 입니댜 ㅎㅎ 제형은 좀 연고? 후시딘보단 덜한 연고 ? 제형 설명하기가 어렵네용 ..보습감도 좋고 엄청 가벼웠어요 ! 적은 양으로도 잘 펴발라지고 짱 짱 좋네용 아직 완전히 괜찮아진 게 아니라 조금만 더 지켜봐야할거같네용 그래두 ㅇㅘㄴ젼 좋아용 !!","","","","",""
"blusher","5점만점에 5점","2020.05.02","복합성에 좋아요","진정에 좋아요","자극없이 순해요","2주간 사용을 해보면서 마스크로 인해 망가진 피부에 재생효과를 가져온 느낌이었다!! 몇달간 마스크를 쓰면서부터 얼굴에 뾰루지가 나기도 하고 홍조가 심하게 올라오게 되었는데 시카 성분이 있어서 더욱 진정효과를 제대로 본거같아요🤭 피부 톤도 확실히 뽀샤시 해지고 촉촉해지면서 제가 악건성+극예민한 피부인데도 피부 진정을 하는데는 별다른 자극이 없고 편안하게 케어가 가능했어요!! 저는 낮에는 이제 심한부분에만 바르고 위에 간단한 화장을 하고, 밤에는 자기전에 크림처럼 얇게 펴바른뒤 심한 부분에만 조금 도톰하게 얹어주듯 사용을 하면서 효과를 보게되었어요!! 이거이거 꼭~!~!~! 사야대요 이번꺼 다쓰면 다음 세일때도 겟~!이런제품은 단종시키면안돼요.. 큰일나오😭😭","","","","","민감성 피부도 자극없이 사용가능하고 트러블 난 피부에짱"
"팡금이","5점만점에 5점","2023.02.06","복합성에 좋아요","진정에 좋아요","자극없이 순해요","마스크 때문에 트러블이 계속 올라와서 시카크림을 사봤는데좋은거같아요! 엄청난 효과를 보진 못했지만 안쓰면 트러블이 날거같은 느낌??","","","","",""
"히히혀","5점만점에 5점","2022.01.13","복합성에 좋아요","보습에 좋아요","자극없이 순해요","재생에 도움되는 시카크림 필요해서 구매했어요. 많이 바르고 자도 담달에 트러블 안나고 흡수가 빠른 제품이예요.","","","","",""
"eas****","5점만점에 3점","2021.07.17","건성에 좋아요","보습에 좋아요","보통이에요","친구네 집에서 써보게 되었다가 트러블이 가라앉는걸 느끼고할인 할 때 얼른 구매한 제품입니다. 발랐을 직후에는 미끄럽고조금 답답한 느낌이 들지만 시간이 조금 지나고 나면 흡수가 좋아매트하고 보송하게 되는 장점은 있습니다. 하지만 마스크로 인해 올라온 트러블로 인해서 진정 효과를 보기 위해 샀는데 바르고나서 이후에 마스크를 쓰고 나면 오히려 좁쌀과 함께 화농성트러블이 올라옵니다. 화장을 하게 되면 시간이 흐른뒤에 화장을해야 안밀림다는 단점이 있고 왜인지는 모르겠지만 바르고 나면계속해서 트러블이 더 올라오게 되어서 결국에는 손이 안가게되더라구요😭 이건 한두번 확인해 본게 아닌 트러블이 자꾸올라오는걸 일주일정도 확인해 본거라 아마도 집에만 있을때는간혹 쓰다가도 외출때에는 안쓰게 될거 같습니다. 아무튼 진정효과는 있긴 한거 같은데 이런 장점과 또 다른 단점이 있는제품인거 같습니다. 말이 뒤죽박죽인데 오히려 건성인 분들한텐잘 맞을거 같은 제품입니다. 아무튼 다들 수고하세요☺️","","","","",""
"68044****","5점만점에 5점","2020.04.17","건성에 좋아요","진정에 좋아요","자극없이 순해요","말 그대로 퓨어한  순수한 좋은 원료로 만들어진 약간 젤 타입인데 바로 스며드는 묽지 않은 크림인듯 해요  오픈 하고 저녁에  바로 얼굴에 발랏는데 잘 스며들고 진정에도 좋아요데이 크림으로도 바르고 기본 메이크업 햇는데   마스크 써도 마스크 자국도 안남게 해주는  느낌  계속 써 볼려고 해요   건성 복합성인 내 피부에  딱 맞아요크림이 겉에서  맴돌지  않고 피부속 보습과 진정에  만점 이에요   사계절 크림 인듯  여름에 써도 좋을것 같아요 체험단 선정되어  체험해보니   넘 좋아서 다시 구매 할려구요  그래서 시카 시카 하나 봐요 ^^*","","","","",""
"jell****","5점만점에 5점","2021.11.10","건성에 좋아요","진정에 좋아요","자극없이 순해요","피부레이져 시술후 바를 재생크림 찾다가 구매했어요. 건성인데다가 레이져 시술도 해 건조한 감이 더 심해져서 수분크림 도포후 덧바르고 있어요. 적당히 쫀쫀한 텍스쳐에 향도 거의 없고 재생력도 좋은것 같아 만족합니다,  가격도 착해서 재구매 의사 있는데 듬뿍 쓰다보니 금방 소모되는것 같아요. 애초에 부담없이 듬뿍 바르려고 구매해서 만족합니다.","","","","",""
"wwwqkrdm****","5점만점에 4점","2021.11.08","복합성에 좋아요","보습에 좋아요","보통이에요","수분감은 조금 떨어지는 느낌이었습니다. 이 크림을 바르고 뭔가 하나 더 발라야 할 것 같은 느낌이 들었습니다.바르고 나서 산뜻함은 보통이었습니다. 흡수도 그럭저럭 잘되는 편이었습니다. 제형은 가볍지도 꾸덕하지도 않은 중간이었던 것 같습니다. 저는 이 브랜드 세럼을 먼저 사용하고 애정하고 있기에 크림도 그 신뢰를 바탕으로 구매하게 되었습니다. 그런데 좁쌀 여드름이 있는 저에게는 그리 큰 효과가 미치는 것 같진 않았습니다. 저에겐 세럼이 가장 잘 맞았던 것으로 결론이 난 것 같습니다. 세럼 또한 사실 진정보단 보습감 쪽으로 강하게 초점이 맞춰져있는 듯한 느낌입니다.민감피부를 위한 시카라인이 조금 더 그 부분에서는 연구가 되어 효과를 볼 수 있었으면 하는 바램이있습니다. 민낯 피부가 자신있게되는 그날까지 ! 응원합니다.","","","","",""
"hansy****","5점만점에 5점","2021.10.31","복합성에 좋아요","진정에 좋아요","자극없이 순해요","바르고 나면 피부가 엄청 부드럽고 붉은 기가 확 진정된게 보여요 여드름 진정에는 큰 효과가 없지만 피부 전체 진정에는 효과가 좋습니다 토너랑 이 크림만 바르는데 촉촉한 편이라 딱히 건조하거나 부족하다고 느껴지지 않아요 흡수도 잘 돼요 재구매 의사 있습니다","복합성","쿨톤","민감성","잡티",""
"sory****","5점만점에 2점","2021.10.07","건성에 좋아요","보습에 좋아요","보통이에요","저는 일단 U존이 건조한 수분부족형지성 및 민감성으로  크림 고를때 무조건 무조건 모공막는 성분들은 다 배제하고 골라요 예를들면 시어버터 같은 것들 .. 그런 성분 함유된거 사용하면 바로 단단하고 아픈 여드름 폭팔하거든요 ㅠㅠ이거는 별도 성분에 모공막는 성분도 없고 진정에 좋다고 해서 환절기로 뒤집어진 피부 진정시키기 위해 샀는데, 일단 제 피부에 지금 사용하기엔 너무 답답하고 피부에 막이 씌어진 느낌이라 긴가민가했어요. 근데 좀 진정 잘 되는 느낌 나서 한 1-2주간 사용했는데 진정되는 속도를 새로운 여드름 나는 속도가 앞지르더라구요 .. 결국 이것 때문인 것 같아서 중단했습니다 ㅠ지성분들은 비추고요, 복합성이신분들은 테스트 필수..건성분들이 쓰기엔 좋을 것 같아요 ..ㅎ","복합성","쿨톤","민감성","잡티",""
"rei****","5점만점에 5점","2021.09.18","복합성에 좋아요","진정에 좋아요","자극없이 순해요","시카 앰플 살때 사은품으로 딸려온 크림 써보고 바로 구매합니다. 지복합성 피부에 사계절용 크림으로 딱입니다. 시카 앰플과 궁합이 정말 좋고, 가벼운 크림으로 많이 끈적이지 않습니다. 건성분들에게는 건조할 수 있겠지만요.. 저는 낮이고 밤이고 다 잘 쓰고 있습니다.","쿨톤","","","",""
"dltjdu****","5점만점에 5점","2021.08.23","건성에 좋아요","진정에 좋아요","자극없이 순해요","처음에 썼을 때 이게 시카크림인지 수분크림인지 헷갈릴 정도로 진정에 1도 효과를 못봤었는데요 !! 2일째부터 좀 제대로 바르고 잘 써보니까 그 다음날부터 진정효과가 있더라구요 ㅎㅎ 여드름이 난 집중 부위에 슬리핑팩처럼 두툼하게 올려주고 자면 진짜 다음날 붉은기 여드름이 쏙 들어가 있어요 .. 이 루틴만 계속 꾸준히 해주면 2 - 3일 안에 여드름 박멸시킬 수 있습니다 .. 원래 믿고 보는 유튜버가 추천하길래 구매하게 됬는데 처음에 진짜 효과 없길래 이건 꿈일거야 생각하고 있었는데 역시는 역시 같습니다 !! 큰뾰루지들은 진짜 이거 쓰고 많이 들어갔어요 !! 작은 좁쌀이나 작은 여드름들은 별 효과를 못봤지만 꾸준히 써보고 있습니다 !! 요즘 수부지로 피부 타입이 바꼈는데 땡기는 거 없이 촉촉함도 오래가고 너무 좋아욤 !! 여드름 진정시키고 싶은 분들은 이거 사세용 ~","","","","",""
"gkssk****","5점만점에 5점","2020.04.28","지성에 좋아요","진정에 좋아요","자극없이 순해요","코스알엑스 패드,앰플,토너,클렌징폼 꾸준히 잘 쓰고있어서 너무 기대했던 진정크림이예요. 정말 기대만큼 제 붉은끼를 잘 진정시켜주었고 기름이 많은 지성 피분데 무겁지 않아서 데일리로 매일 사용중입니다 ㅎㅎ 강력추천해요!!","","","","","진정최고크림"
"시즈니27","5점만점에 5점","2024.01.25","건성에 좋아요","진정에 좋아요","자극없이 순해요","제 피부랑 잘 맞아서 밤에 잘때 잘 쓰고 있어요 정착템이에요진정효과는 사람마다 다를 것 같아서 저는 안 바르는 것보단나아서 잘 바르고 있어요","건성","여름쿨톤","모공","블랙헤드",""
"시즈니27","5점만점에 5점","2023.12.26","건성에 좋아요","진정에 좋아요","자극없이 순해요","옛날에 쓰고 만족했던 제품인데 다른제품들 써 보구 오랜만에 다시 찾게 되었어요 제 피부진정효과는 이만한게 없는 것 같아요 앞으로 자주 쓸려구요","건성","여름쿨톤","모공","블랙헤드",""
"민튜라뗑","5점만점에 5점","2023.08.12","복합성에 좋아요","보습에 좋아요","자극없이 순해요","무엇보다 순해서 좋아요~다음에도 계속 재구매 할 제품이라용량 도 더 많은 제품 구매 하고 싶어요~~","","","","",""
"시즈니27","5점만점에 5점","2023.02.28","복합성에 좋아요","진정에 좋아요","자극없이 순해요","지인추천으로 써 봤는데 제 피부만 그런지 계속 쓰고 나면 여드름이 진정이 되는 느낌이고 꾸준히 바르고나면 없어지기도 했어요이건 효과가 있어서 할인할때마다 쟁겨서 3통 넘게 썼어요 트러블진정에 좋은 것 같아요","복합성","쿨톤","모공","홍조",""
"Xxxx","5점만점에 5점","2022.01.12","지성에 좋아요","진정에 좋아요","보통이에요","인생크림이에요 이게 제일 피부에 자극없이 잘 맞더라구요 마침 세일하길래 바로 샀습니다","지성","웜톤","모공","블랙헤드",""
"냠냠냠이","5점만점에 5점","2021.11.02","복합성에 좋아요","진정에 좋아요","자극없이 순해요","여드름에 괜찮은 거 같고 조금 촉촉해요. 성분이 착해서 좋네요.","","","","",""
"Xxxx","5점만점에 5점","2021.08.30","지성에 좋아요","진정에 좋아요","보통이에요","전에 써봤을 때 좋았어서 할인할 때 재구매했어요 요즘 날씨에 무난하게 쓰기 딱 좋습니다","지성","웜톤","모공","블랙헤드",""
"s4****","5점만점에 5점","2022.06.18","복합성에 좋아요","진정에 좋아요","자극없이 순해요","무난하게 사용하기 좋아요 자극 하나도 없고 순하고 좋습니다","","","","",""
"dlgo****","5점만점에 5점","2021.12.08","건성에 좋아요","보습에 좋아요","자극없이 순해요","자극없이 순수하고 건성에 쓰기 좋아요 겨울에 바르기 너무 좋네요","","","","",""
"als****","5점만점에 4점","2021.11.24","복합성에 좋아요","진정에 좋아요","보통이에요","좀 예민해진 피부상태일때 이거바르면 진짜 좋아져요 여름까지는 이거로 크림 대체 가능","","","","",""
"honi****","5점만점에 5점","2021.08.23","건성에 좋아요","보습에 좋아요","자극없이 순해요","세럼과 세트로 구매. 크림이지만 무겁지 않고 부드럽게 싹 스며들어서 피부가 편안해요. 지금까지 써본 시카크림중에서 제일 마음에 들고 구성도 아주 알차서 너무 좋았습니다.","","","","",""
"rkdms****","5점만점에 5점","2021.04.28","복합성에 좋아요","진정에 좋아요","보통이에요","발ㄹㅣㅁ성 너무 좋아요ㅠㅠ진짜 최고입니당 ㅎㅎ다쓰면 재구매 할게용","","","","",""
"anny****","5점만점에 5점","2020.12.14","복합성에 좋아요","진정에 좋아요","보통이에요","저녁마다 사용중인데 트러블없이잘 사용중이에뇨 ㅎㅎㅎ","","","","",""
"sez****","5점만점에 5점","2020.06.21","지성에 좋아요","진정에 좋아요","자극없이 순해요","수부지 피부에 번들거리지 않고 촉촉하게 잘 맞아요.","","","","","자극없이 순하고 좋아요"
"lee79****","5점만점에 4점","2020.06.04","복합성에 좋아요","진정에 좋아요","자극없이 순해요","마스크때문에 잦은 트러블로 진정라인 사봣는데 좋네요 여름에 쓰기 좋게 가볍게 마무리되요 화정전에 써도 안밀려요 나이트케어용으로는 하나만쓰면 살짝건조하네요","","","","",""
"달빛이","5점만점에 5점","2022.09.01","건성에 좋아요","진정에 좋아요","자극없이 순해요","코스알엑스 너무노무 사랑합니다 ,, ♥ 진심이에요 ♥이 퓨어 핏 시카크림은 언제나 믿고 쓰는 제품이에오!지금 N번째 구매중이랍니다.🌿사용감피부 트러블이 일어나거나 피부가 예민한 상태에 있을 때 쓰기 좋아요. 피부 진정효과에도 좋고 수분감도 있는데 그렇다고 무겁지도 않아서 좋아요! 확실히 예민할 때 사용하면 피부가 좀 더 진정되고 편안해집니다! 건성 복합성 지성 모두 사용 가능할것 같아요~~ 건성은 추가적으로 수분충전 해주면 완벽 스킨케어,,^.^🌿가성비저는 가성지 편에서 진짜 코스알엑스 최고인거같아요ㅠㅠ 특히 세일할 때 사면 체고,,ε♡з 용량이 50ml인데 부담없이 예민한곳에 가득 발라주기 너무너무 좋습니당🌿꿀조합(건성 피부를 위해 보습 위주로 곁들인,,)*웰라주 리얼 하이루로닉앰플: 부족한 수분을 잘 채워줘요*코스알엑스 패드: 같은 코스알엑스 패드는 말해뭐해요?♥ 결정리하기 좋아요*코스알엑스 프로폴리스 라이트 앰플: 속건조를 잘 잡아줘요","","","","",""
"잉냉","5점만점에 3점","2022.03.04","지성에 좋아요","진정에 좋아요","자극없이 순해요","동생이 이번에 고등학교 올라가면서 선물로 사줬는데 전에 올리브영에서 구매했다가 받았던 샘플 써보고 좋다해서 구매했네요!!! 시카 라인임에도 불구하고 향이 세다거나 피부에 올렸을 때 따갑거나 전혀 그러지 않고 약간은 쫀쫀하되 촉촉하고 가벼운 느낌인 것 같아요!!! 확실히 시카라인이다 보니 너무 무겁게 만들지 않은 느낌??? 동생은 써보더니 이게 지금까지 사용해 본 것 중 제일 잘 맞고 좋다고 하네요!! 아무래도 활동량이 많다보니 기름지거나 흡수 안되는 제품을 잘 안찾았었거든요!!그런 면에서는 흡수도 잘되고 용기도 제품 짜기 좋은 구조이고 튜브 형태이다 보니 훨씬 위생적입니다!이상하게 기초 제품을 살 때 용기의 색상을 보고 고르는 경우가 많은데 저는 제품 용기가 흰색인 것도 좋아요 ㅋㅋㅋㅋㅋ혹시 이런 분 계시나요??","","","","",""
"dbwlsdl****","5점만점에 5점","2022.02.22","복합성에 좋아요","진정에 좋아요","자극없이 순해요","재구매 상품이에요 마법처럼 전 날 났던 뾰루지가 쏙 들어가고 확 진정되는 제품이 아니라 꾸준히 써야 효과 있는 제품이에요 그리고 확실히 자고 일어나면 피부결이 부드러워져 있어서 항살 케어 마지막 단계에 바르는 상품입니다.그리고 견본품 두개가 같이 들어있는 행사라 넘 죠은 거 같아요 여행할 때 챙겨가기 참 좋을 거 같아요 !! 코스알엑스 시카가 워낙 진정에 유명해서 알고 있었는데 괜찮더라구요 꾸준히 써야 효과가 나니까 너무 마법 같은 효과는 기대하지 마세용 !! 그리구 발림성이 부드러워서 좋아요 !! 양ㅇ 적어보이지만 은근 오래 쓰더라구요! 살짝 올라온 곳에 얇게 바르고 자면 다음날 부드러워져 있어요 피부마다 맞는 제품이 다 달라서 잘 맞는 제품 사려면 이것저것 다 써봐야 한다고 해서 이것저것 쓰고 있었는데 아마 이거 계속 쓸 거 같아요 !! 제 피부는 좁쌀이 좀 나고 예민한 날에는 확 올라오는 얼굴에 환경이 조금이라도 변하면 피부에서부터 티가 나요 진정 효과에는 진짜 좋아요! 할인에 견본품까지 증정할 때 사면 좋을 거 같아요 !! 그리구 흡수는 천천히 되는 편인 거 같아용 항상 마지막 단계에 바르는 거라 바로 침대에 누우면 침대에 뭍어서 지워지는 느낌이 들더라구요 그래서 좀 앉아있다거 흡수 되면 눕는 편이에용 한 번 써보세요 !! 좋아용 피부 예민하신 분들 추천드립니다 세일할 때 사야 개이득 ㅎㅎ!","","","","",""
"jgaeun****","5점만점에 4점","2022.01.22","건성에 좋아요","보습에 좋아요","자극없이 순해요","❗️추천 피부타입 : 건성❗️효과 : 현상유지❗️보습력 : 87% (1-100)❗️자극 : 0%❗️ 제형 : 꾸덕이 아주 살짝 있는 촉촉한 제형이지만 가벼운 편은 아니라고 생각합니다!❗️흡수력: 토닥토닥 잘 하시면 밀리는감 전혀 없어요!후기우선 저는 토너->로션(스킵할 때 많음) -> 앰플 -> 시카크림 순서대로 바르고 있습니다. 우선 향은 시카 특유의향 제외하고는 느껴지지 않기 때문에 호불호 갈리지 않을만한 제품이라고 생각합니다. 저는 복합성 피부라서 볼쪽은 건조하지만 이마랑 코, 턱 부분은 유분기가 있는편이에요. 그래서 그런지 볼은 촉촉하고 가볍게 느껴지는 반면 이마, 코, 턱은 기름지게 느껴지더라구요! 처음에는 수분감 빵빵인 가벼운 크림으로 느껴지는데 시간이 지날수록 유분끼의 무거움이 올라와서 자기 전에만 바르고 있어요! 혹시 저처럼 복합성 피부이신 분은 참고하시기 바랍니다!","","","","",""
"lshbbs","5점만점에 4점","2022.01.17","지성에 좋아요","보습에 좋아요","보통이에요","제 피부타입은 수분 부족형 지성입니다. 겨울이라 건조함을 느껴 보습크림을 구매해봤는데요, 코스알엑스 제품이 화해 섯분표를 봤을 때 유해성분이 없으면서 후기도 좋더라구요. 오늘드림으로 받았는데 생각보다 크기가 너무 작아서 놀랐습니다.. 대용량이라고 표시해놓아서 조금 크기가 있을 줄 알았는데 양이 적은 편이에요. 그리고 15ml 용량 두 개를 주셨는데 차라리 30ml 하나로 주는 게 소비자 입장에서는 좋을 것 같다고 느꼈어요. 제형은 겔타입이구요 마데카솔이나 후시딘 바르고 난 뒤의 촉감이었어요. 겉에 얇은 보습 막이 쳐진 느낌? 요즘 시기에 수부지에게 적합한 크림인 것 같고 소량으로 바르면 낮에도 충분히 가능할 것 같아요. 시카 크림을 처음 써봐서 모르겠지만 시카 향?으로 추정되는 향이 나구요, 연고 냄새랑 정말 비슷합니다. 아직 사용한지 얼마 안 돼서 트러블이 나는지는 조금 더 지켜봐야 할듯 합니다.","","","","",""
"stelli****","5점만점에 5점","2022.01.12","복합성에 좋아요","보습에 좋아요","자극없이 순해요","저는 아주아주 예민한 타입의 피부를 가지고 있어서 보습이 늘 필요하지만 그렇다고 유분기 있는 제품을 잘못 사면 얼굴이 트러블로 난리나는 타입이라서 겨울에 쓸 크림을 살 때 정말종말 주의깊게 성분을 다 살피고 오일이 너무 많은 제품은 사지 않아요. 이 회사 제품을 올영에서 둘러보다가 알게 되었는데 성분이 웬걸 너무 좋아서 사게 되었어요. 그 후로 화장품은 일단 이 회사 제품들을 리스트에 올려놓고 다른 회사 제품들과 비교하면서 구매하고 있답니다. 듬뿍 바르고 자도 다음날 뾰루지가 안 나요. 이게 제일 좋은 점입니다. 병풀 추출물의 역할인지.. ?처음 바르고 잘 때 다음날 모공이 막혀서 난리나면 어쩌지 하고 걱정하는데 성공했어요!  그 대신 완전 꾸덕하고 완전 오일리한 스타일은 아니에요. 조금 꾸덕오일리한 정도? 듬뿍 바르고 자야 다음날까지 촉촉하답니다. 완전 극건성이신 분들은 오일리한 제품이나 아예 페이스 오일을 또 써주시면 좋을 것 같아요. 발라도 트러블이 안 나서 합격입니다! 하나 더 구매해서 내년까지도 쓸 수 있을 것 같아요. 아주 순해요. 추천합니다!","","","","",""
"Ju00o","5점만점에 5점","2021.12.14","복합성에 좋아요","보습에 좋아요","자극없이 순해요","2통째 비우는 중입니다수부지 분들께 추천드리구 크게 자극없이, 향 없이.무난무난하게 사용 가능해여 !!!!!제가 얼마전에 몸ㅇㅔ 두드러기가 올라와서 밤새 긁었는데급한대로 이 크림 바르고 나니 좀.좋아졌어요!!이번에 대용량 출시됐던데 또 다시 구매하러갑니다요💕","","","","",""
"tale****","5점만점에 5점","2021.11.25","지성에 좋아요","진정에 좋아요","자극없이 순해요","샘플 써보고 마음에 들어서 구매했어요! 진정에 굉장히 좋더라구요. 피부도 엄청 예민한 편이라 성분 잘 따져가며 화장품 구매하는데.. 이 제품은 성분도 좋고 딱 마음에 들었어요! 한달째 사용 중인데 아직 단점이랄게 없네요..크기는 딱 사진에 첨부한대로 손에 확 잡히는 크기에요! 용량대비 가격이 좀 비싼 감이 있어요ㅠㅠ 그래서 할인할 때 산답니당! 무엇보다 화장품의 기능이 젤 중요하죠!! 제 피부 타입은 좁쌀 많은 수부지인데.. 너무 좋습니다..! 붉은기도 많이 가라 앉았고 속땡김이 확실히 줄었어요. 뾰루지도 나면 빨리 진정되는 거 같아요.다만, 샘플과 본품과의 텍스처 차이가 좀 나더라구요. 그래서 같은 제품 맞나 싶었습니다! 뭐 믿고 사용해야죠 ㅎㅎ 앞으로도 할인 많이많이 해주세요~~ 계속 사용하는 찐 애정탬입니당!!","","","","",""
"갤럭시는나","5점만점에 5점","2021.11.19","복합성에 좋아요","보습에 좋아요","자극없이 순해요","-무향 저자극 빠른 흡수가 있는 제품입니다.-검성피부 트러블피부 인분에게 추천드립니다.-말 그대로 시카 제품이여서 트러블 피부인분이다 피부장벽이 무너진 분들에게 추천드립니다. 저는 여름보다는 가을,경울철애 시카 지품을 많이 사용하고 있습니다. 타사제품도 많이 사용했었는데 그 특유의 꾸떡함이 바르땨는 무난해서 상관없었느지만 무거운만큼 피부에도 부담인제 여드름 드날때도 있고 그개 피부적응 중이라 여드름이 난다는 야기도 있긴한데 일단 여드름은 난거스라 스트레스 받을수 밖에 없습니다. 하지만 이제품은 크림제품이지만 꾸덕함이 없고 손으로 쓱바르면 부드럽개 바르는 제형입니다. 흡수력이 좋은편이라 딱히 두두릴 없이 잘 사용하고 있습니다. 얼굴전체에 바르고 아니면 고민있는 트러블 위치에 바르면 효과 있어요","","","","",""
"tof****","5점만점에 5점","2021.11.10","복합성에 좋아요","진정에 좋아요","자극없이 순해요","제가 수부지에 민감성 피부이고 중복합성피부라 이런저런 크림을 발라봐도 찰떡이라는 생각은 안들었는데 이 시카크림은 진짜 너무 좋은걱같아요~~~ 용량이 적어서 아쉬울 따름입니다. 코스알엑스는 패드도 사용중이고 여러가지 사용해봤는데 이 시카크림은 정말 대 강추입니다~!! 촉촉하고 쫀쫀해서 피부에서 번들거리지더 않고 4계절 다 사용하기 괜찮을 것 같아요 !! 좋아서 쟁여놓으려고 했는데 몇주전까지는 완판이라 품절이어서 못 쟁여놧었어요 이번에 다시 몇개 구매해놓으려구요 !! 겨울에 민감성 피부이ㅛㅣㄴ 분들 수분크림 구하기 힘드시면 이 시카크림 부담없이 사용하기 좋을 것 같습니다 ~~~ 저는 개인적으로 자녁에 바르는게 좋은 것 같아요 낮에는 조금 무거운 감은 있을 것 같네요 ~! 시카라인 또 써볼게요","","","","",""
"moonsy****","5점만점에 5점","2021.11.02","복합성에 좋아요","진정에 좋아요","자극없이 순해요","코스알엑스 제품을 다 믿고 사는 편이에요. 이 제품도 건성인 제가 여름철에 쓰기 좋을것 같아서 자주 구매하는 제품이에요. 발랐을 때 피부가 무거운 느낌이 전혀 들지 않고 제형 자체가 꾸덕하지 않고 가벼워서 여름철에 여러번 바르기에 좋은 제품인것 같습니다. 주변에 이 제품 추천 했는데 좋다고 계속 구매하는걸 봤어요. 너무 뿌듯했습니다. 바르고 나서 여러번 두드려서 흡수시켜주면 화장도 잘 되고 너무 좋아요. 피부에 뭐 나는 분들이 스트레스 받아서 추천했는데 이게 순하고 무거운 느낌이 들지 않아서 좋다고 계속 이거 쓰는 분들도 봤어요. 저는 겨울철에 이 제품 쓰기엔 건조한 편이라서 여름철에 자주 사용하고, 겨울에는 파운데이션이랑 섞어서 바르기도 해요.  얼굴에 더 보습이 되는 느낌이라 너무 좋습니다. 추천하는 제품이에요.","","","","",""
"po****","5점만점에 5점","2021.10.22","지성에 좋아요","진정에 좋아요","자극없이 순해요","여드름이 얼굴에 났을 때 친구가 추천해줘서 구매하게 되었어요.. 일단 가격대비 효과는 엄청 납니다!! 저는 이 시카크림을 센텔라 파우더를 섞어서 얼굴에 발랐는데 갓 짠 여드름이나 뾰루지같은게 올라올 때 발라주면 금방 진정이 됐었던 것 같아요~ 수분감이나 산뜻함은 잘 모르겠어요 ㅠ 제가 파우더를 섞어서 바르다 보니 다음날에는 아아주우 조오금 건조한게 느껴졌었어요..! 지성분들한테는 정말 추천해 드리고 싶지만 건성이신분들은 다음날 조금 건조한 감이 없지 않아 있으 실것 같아요! 발림성도 좋은 편이고 가성비가 굿입니다.. ☺️ 아직 반밖에 안썼는데도 여드름이 금새 들어가서 많이 남았어요 ㅋㅋ 그럴일은 없어야겠지만 여드름이 또 나서 긴급한 상황일때는 무조건 이 시카크림을 다시 찾을 것 같아요!!! 저는 추천합니다 !!!","","","","",""
"amar****","5점만점에 5점","2021.10.10","복합성에 좋아요","보습에 좋아요","자극없이 순해요","순하고 발림성이 부드럽고 좋아요. 그리고 향이 은은해요. 요즘 마스크 때문에 피부가 민감해지고 여드름도 한두게 올라와서 고민이었는데 이 제품을 사용하고 나서 개선되는 것을 볼 수 있었고 뭐엇보다 피부결이 좋아지는 것을 볼 수 있었어요.","","","","",""
"choe****","5점만점에 4점","2021.09.26","건성에 좋아요","보습에 좋아요","자극없이 순해요","전50대중반인데 이곳에제품 거의좋아여 보습 건성에  스며드는듯  비싼메이커 필요없네여 올리브영 도 여러가지사용 해봤는데좋네여 튜브라서더편함 양은작아보이는데 50ml크림가같은데  짜서사용더절약됩니다 추천합니다  잘쓰겟습다  감사합니다","","","","",""
"ghdtnq****","5점만점에 4점","2021.09.21","지성에 좋아요","진정에 좋아요","자극없이 순해요","두세번 구매해서 사용해본것 같아요지성이 쓰기에도 유분기가 많다거나 기름기가 있다거나 하지않고 발림성이 좋은것 같습니다~메이크업하기 전에도 사용하기 괜찮아요~화장이 뜨지않고 잘 발리는것 같습니다~지금 사용하는것도 거의 사용을 다해가서재구매 해야할것 같습니다~ 딱히 사용을 하고나서 막 크게 효과본것은 아닌데 그렇다고해서 막 뾰루지가 나거나 뒤집어지거나 한적은 없었던것 같습니다코스알엑스 시카크림은 건성에도 보습용으로 잘맞을 것 같고 지성한테도 기름지지않고 잘 맞을것 같습니다~ 특히 이제 선선해지고 추워지는 계절이 오는데 여름보다는 더더욱 사용하기에 잘 맞을 것 같네요~ 가격도 착한것 같고(세일 자주했으면 좋겠습니다~) 용량도 지겹지않을 정도로 딱 맞는것 같아요~ 재구매 의사 있습니다~","","","","",""
"snrn****","5점만점에 5점","2021.09.13","복합성에 좋아요","진정에 좋아요","자극없이 순해요","복합, 민감 피부타입니다.마스크착용이나  더운날씨로 많이 예민했는데토너가 잘 맞아서 전부 구매했습니다.젤과 크림사이의 느낌의 제형이며 바르다보면 수분감과 유분감이 느껴집니다.건조하지않을까 생각했는데 전혀 그렇지 않아요추천합니다.","","","","",""