"id","tag","tag 2","tag 3","tag 4","point","date","txt","txt 2","txt 3","txt_inner"
"Eunsoo","복합성","웜톤","각질","모공","5점만점에 5점","2025.09.08","건성에 좋아요","보습에 좋아요","자극없이 순해요","키엘 제품 처음 사용해 봤습니다. 원래 좋다고 많이 들었지만 이번에 처음으로 사용하는데 효과가 잘 느껴진 것 같습니다. 피부에 빨리 흡수되고 수분을 잘 공급해준 느낌이 있습니다. 아직 다 못 썼는데 지속적으로 사용하면 더 효과가 있지 않을까 싶습니다.매일 아침과 저녁의 필수적인 피부관리 아이템입니다."
"모래고래","복합성","가을웜톤","미백","잡티","5점만점에 5점","2025.10.01","복합성에 좋아요","보습에 좋아요","자극없이 순해요","할인해서 잘 샀어요. 근데 환절기 되니 이것만으론 건조함을 느끼는 거 같아요."
"아아아2738","지성","쿨톤","잡티","","5점만점에 5점","2025.09.28","건성에 좋아요","보습에 좋아요","자극없이 순해요","백화점에서도 잘 쓰고 있는 키엘 크림입니다. 보습감 좋고 맘에 들어요."
"김빵순","트러블성","쿨톤","모공","민감성","5점만점에 5점","2025.09.07","복합성에 좋아요","진정에 좋아요","보통이에요","키엘 수분크림 한번 구매한 이후로 계속 재구매 중입니다. 수분감이 많은 투명한 제형보다는 살짝 리치하게 발리지만 흡수하고 잔여감이 없어 메이크업 전에 자주 바르는 아이템입니다. 순해서 손이 자주 가요"
"모래고래","복합성","가을웜톤","미백","잡티","5점만점에 5점","2025.09.01","복합성에 좋아요","보습에 좋아요","자극없이 순해요","아직 반쯤 남았지만 세일 하니 안살 수가 없어요. 키엘 한번 쓰고 계속 쓰네요. 쿨링감과 보습감이 좋아요"
"starblue","복합성","가을웜톤","모공","잡티","5점만점에 5점","2025.09.22","복합성에 좋아요","보습에 좋아요","자극없이 순해요","수분크림 하면 키엘이 원조라고 해서 구매해봤다가 잘맞아서 쟁여두고 쓰는 제품입니다.생크림 재형이라고 많이들 표현하던데, 부드럽게 발리는 질감이 생크림이랑 유사한것 같아요.발림성이 좋아서 화장할때 쓰기에도 괜찮았습니다.보습력은 일반적인 수딩크림보다 살짝 좋은 정도로 보면 될 것 같아요."
"겨울브라이트21호","건성","겨울쿨톤","각질","잡티","5점만점에 5점","2025.08.27","복합성에 좋아요","보습에 좋아요","자극없이 순해요","스쿠알란 성분이 가볍고 산뜻하여 기름지지 않고 여름에 바르면 시원하고 좋습니다.또한 흡수력이 빨라 자기 전 T존 부위에 사용하기에 바르면 끈적거리지 않아 데이,나이트 상관없이 편하게 바를 수 있어서 좋아요.가격대가 조금 있긴 하지만 그래도 꾸준히 재구매합니다."
"글로우워너비","건성","가을웜톤","각질","미백","5점만점에 5점","2025.08.05","건성에 좋아요","보습에 좋아요","자극없이 순해요","예전에 백화점에만 입점해있을때 3-4통사영하다가 다른제품들도 궁금해서 잊고있었는데 다시 사용해도 좋은거같아요이번 겨울에서 봄사이에 피부장벽이 완전 무너져서 뭘발라도 따갑고 힘들었는데 키얼크림덕에 많이 개선됐어요스쿠알란이랑 세라마이드가 잘맞는 피부라 성분확인하고 수분크림 구매하면 좋을거같아요한겨울엔 이크림만으로는 보습감이 금방 날아가서 오일사용하는데 여름엔 양조절해서 조금만 사용해주면 건성에게 도움이되는거같아요 적당한 유분감과 수분감으로 얼굴에 자극없이 바를수 있어서 좋아요향료를 따로 넣은거같진않아서 민감한 피부도 자극감이 덜하게 발리는거같아서 역시나 좋더라구요이번에 올영에서 처음 키엘구입한건데 포장만 더 잘해서 배송된다면 베스트일거깉아요크림용기만 친환경페이퍼에 감싸서 받았는데 상자안의 종이먼지때문에 럭스에디트 카테고리인데 전혀 그런 느낌이 없어요 ㅜㅜ심플한 종이상자에라도 포장되면 좋겠어요 같이받은 키엘샘플들은 종이포장에 비닐에 넣어서 오던데 정작 제일 중요한 본품이 방치되며 받는 기분이라 기분이좀 상하더라구요ㅜㅜ그런이유인지 처음 받았늘때부터 용기회손이 좀 있고 사용하면서 용기에 프린트된 텍스트들이 손상이 심해요제품력이 좋은데 브랜드 심미감이 사용하면서 떨어지는건 이번이 처음이에요"
"햅피니스","","","","","5점만점에 5점","2025.09.26","건성에 좋아요","보습에 좋아요","자극없이 순해요","오.. 처음 사용해봤는데 참 좋아요! 건성인데 봇.ㅂ력도 좋고, 계속 사용해볼 의사 있습니다!!"
"꽁쥬","지성","웜톤","각질","미백","5점만점에 5점","2025.09.05","복합성에 좋아요","보습에 좋아요","자극없이 순해요","무향이고 순함 피부에 자극 절대 없음 촉촉하고 끈적임 없음 양에 비해 비쌈 비싼만큼 효과가 있냐? 까진 잘 모르겠음무난함지성에도 흡수가 어느정도 되는걸로 보아 건성복합성에 더 좋을거같음"
"암해피쏘","","","","","5점만점에 4점","2025.09.22","복합성에 좋아요","보습에 좋아요","자극없이 순해요","작년에 사용 했을 때는 얼굴이 따끔 거리 긴 했었는데 이번에는 따끔거리는 느낌은 없네요. 유수분밸런스를 좋게 만들어 주는 크림인 것 같습니다. 자고 일어나서 얼굴에 유 분으로 뒤 덮 이지 않고 적당한 보습 감이 남아 있어요수부지 복합성 피부이고 추워지면 건성에 각 까운 속 담기이 느껴지는 피부인데여름에 잘 쓰던 크림들이 며칠 전부터 가 속담 김이 느껴져서 조금 더 보습 감이 좋은 크림 으로 바꿔야지 하다가 구매 했고 지금까지는 만족합니다"
"꼬오리","","","","","5점만점에 4점","2025.09.08","복합성에 좋아요","진정에 좋아요","자극없이 순해요","추석 선물로 미리 샀습니다. 세일할 때 사서 저렴하게 샀어요"
"seoyun****","","","","","5점만점에 5점","2025.09.04","복합성에 좋아요","보습에 좋아요","자극없이 순해요","구성좋아서 올리브영쿠폰 사용하여 재구매합니다.올리브영에서 구입할수있어서 아주 좋아요."
"seoyun****","","","","","5점만점에 5점","2025.09.02","건성에 좋아요","보습에 좋아요","자극없이 순해요","키엘크림 보습력은 유명하죠.얼굴 수분감 부족할 때 살짝 따가운 감이 있으나 여러번 바르면 보습력이 채워지는지 아주 좋아요.50사이즈도 가장 적당하고 구성도 굿.올리브영에서  쉽게 구입할수 있어서 너무 좋네요."
"먀먀멧","지성","가을웜톤","다크서클","모공","5점만점에 4점","2025.09.20","지성에 좋아요","보습에 좋아요","자극이 느껴져요","예전에 엄청 좋다고 리뷰를 달았었는데, 제 리뷰가 어디있는지 모르겠더라고요. 그래서 그냥 달라진 평을 씁니다.아무래도 자극이 있고 이것만 쓰기엔 보습이 부족한 감이 있어서 몇 개월째 번갈아 사용중입니다.저는 지성이고 그래서 유분컨트롤이 아주 중요해요. 화장품에 유분이 너무 없어도 기름이 폭발하고 반대로 많이 올리면 모공이 막혀서 여드름이 올라옵니다.저는 평소 사용하던 토너->세럼->오일 프리 젤크림 순으로 사용했어요. 쿨링감이 따갑게 올라오는 편이라 피부 민감할 땐 사용 안 했습니다. 보통 날씨 꿉꿉하고 피부 상태 건강할 때 보조용으로 쓰는 느낌.그런데...여기까지 글을 읽으셨다면 어느 정도 눈치채셨을 수도 있겠네요. 정말 쓰기 애매합니다.1. 따가움.클로드 / 제미니에게 성분표 찍어서 물어봤을 때는 안에 들어있는 멘톨 성분으로 일시적으로 쿨링 효과를 낸다고 하더라고요. 전문가가 아니어서 잘은 모르겠습니다. 다만 확실한 건 따가운 채로 쿨링 효과를 낸다는 거고, 그래서 피부 민감할 때 쓰면 오히려 얼굴에 불이 납니다. 너무 따가워서.2. 오일 프리?>단독으로 쓰기 애매한 아주 중요한 이유.< 지성임에도 불구하고 이것만 쓰면 개기름 폭발합니다. 오일 성분이 너무 없으니 오히려 피부가 유수분 밸런스 맞추려고 기름기를 뿜어내요.1번 이유와 같이 어우러지며(멘톨과 같이 피부에 자극을 주는 성분이 피부에 기름을 더 나오게 할 수 있음) 오히려...이걸 쓰면 다음날 여드름 톡 올라온 경우가 한두 번이 아닙니다.결과적으로 저는 여름밤 케어 용으로 가볍게 산 건데, 가끔 화장 전 크림으로만 쓰게 된 애물단지가 됐습니다. 이마저도 저는 이미 ㅁㅁㄷ 리퀴드 마스크+닥토를 사용하고 있으니 더 피부에 자극 주면 안 되겠다 싶어서 자주 안 쓰는...도대체 어떻게 써야 좋을까요? 진짜 감이 하나도 안 옵니다."
"1k","지성","가을웜톤","다크서클","주름","5점만점에 5점","2025.09.09","건성에 좋아요","보습에 좋아요","자극없이 순해요","꾸덕하면서도 피부에 부드럽게 스며드는 보습 크림으로, 건조한 날씨에도 피부를 하루 종일 촉촉하게 지켜줘요 🧴💦 바르면 피부가 편안하게 감싸지는 느낌이라 민감한 날에도 부담 없이 사용 가능해요. 촉촉하지만 끈적임이 적어서 메이크업 전에 써도 밀리지 않고, 피부가 쫀쫀해져서 만족스러워요. 오랜 시간 사랑받는 이유를 알겠는 아이템이에요 🌿✨"
"dongjus****","","","","","5점만점에 5점","2025.09.28","건성에 좋아요","보습에 좋아요","자극없이 순해요","20대때부터 사용하던제품수분크림은 키엘이 짱인듯!!"
"블루올리브","","","","","5점만점에 5점","2025.09.10","복합성에 좋아요","보습에 좋아요","자극없이 순해요","세일기간에 리뷰보고 구매했습니다 한병 다 사용해보고 솔직한 리뷰남기도록 할깨요~"
"금금금","","","","","5점만점에 5점","2025.09.15","건성에 좋아요","보습에 좋아요","보통이에요","지성피부라서, 피부가 건조하다고 자주 느끼는 편은 아니지만.. 가끔 각질 제거 하고 나면 확실히 피부가 자극 받은 느낌도 들고, 건조하다는 생각이 들더라고요..그럴 때마다 발라주기 좋은 크림인 것 같아요!매일매일 바르기에는 조금 무거운 듯!"
"mengo****","","","","","5점만점에 5점","2025.09.29","지성에 좋아요","보습에 좋아요","자극없이 순해요","비싸긴 한데 이거만한게 없어요 수부지인데 수분감은 있고 기름기는 안돌아서 좋아요"
"210****","","","","","5점만점에 5점","2025.09.29","지성에 좋아요","보습에 좋아요","자극없이 순해요","오늘 드림으로 주문했어요. 배송도 너무 빠르고빨리 써보고 싶어요."
"kimoan****","","","","","5점만점에 2점","2025.09.01","건성에 좋아요","보습에 좋아요","보통이에요","온라인 쇼핑몰에서 종종 씰이 없는 제품을 배송해 옵니다. 배송된 제품 포장이 불량인 경우가 많았습니다. 정말 실망스럽습니다."
"치킨나라","","","","","5점만점에 5점","2025.10.01","복합성에 좋아요","보습에 좋아요","자극없이 순해요","과거에 정말 잘 사용했던 수분크림이라 구매해봤어요. 아직 미사용"
"올영데이즈","","","","","5점만점에 4점","2025.09.30","건성에 좋아요","보습에 좋아요","자극없이 순해요","평소 관심있다가 좋은 구성에 세일하길래 구매하였습니다. 크림이 정말 기대되요. 겨울에 쓰려구요."
"kath****","","","","","5점만점에 5점","2025.09.13","지성에 좋아요","주름/미백에 좋아요","자극이 느껴져요","✔️ 제형 & 발림성크림이지만 묽고 부드러운 질감이라 피부에 올리면 가볍게 퍼집니다.끈적임이 심하지 않고, 흡수도 빠른 편이라 아침 화장 전에 발라도 밀림이 거의 없어요.겨울철이나 건조한 환경에서 특히 만족스러웠습니다.✔️ 보습력 & 지속감수분감이 풍부해서 바르자마자 피부가 촉촉해지고,몇 시간 지나도 당김이 심하게 올라오지 않았습니다.단, 아주 심한 건성 피부라면 한 번 더 덧발라야 만족스러울 수 있고,지성 피부는 여름철엔 약간 무겁게 느낄 수도 있어요."
"rhrnj****","","","","","5점만점에 5점","2025.09.07","복합성에 좋아요","진정에 좋아요","보통이에요","토너와 같이 사용하면 더 좋은것 같습니다. 수분 크림 하나만 발라도 촉촉하고 속건조까지 잡아 줍니다. 아직까지 습한 날씨이지만, 아침 저녁으로 많이 선선해져서 사용하기 적당한 시기인것 같습니다. 덥지만 너무 꾸덕하지도 묽지도 않는 질감이 거부감 없이 누구나 잘 바를 수 있을 것 같습니다."
"mcg****","","","","","5점만점에 5점","2025.09.05","복합성에 좋아요","보습에 좋아요","보통이에요","늘 쓰던 수분크림인데 올리브영에서 구매할 수 있어서 좋아요. 구매조건도 좋고 상품구성도 가격도 좋아서 만족합니다. 겨울철에 쓰면 더 확실한 보습감을 느낄 수 있는 키엘 수분크림은 오래 써도 질리지 않는 정착템입니다. 피부 건조감이 심할 때 바르면 따끔거릴 수도 있지만 대개는 자극없이 사용할 수 있고 보습감이 오래 지속되는 장점도 있습니다. 사용기한이 넉넉한 상품으로 받았고 배송도 빨리 왔습니다."
"ㄴㅁㄴ","건성","웜톤","모공","잡티","5점만점에 5점","2025.09.18","건성에 좋아요","보습에 좋아요","자극없이 순해요","너무 잘샀어요 사은품 많이 받아서 기분좋네요 장벽 케어에 도움되길 바래요"
"kathy****","","","","","5점만점에 5점","2025.09.14","복합성에 좋아요","보습에 좋아요","자극없이 순해요","항상 사용하는 제품이에여...^^제형은 너무 촉촉하고 수분감은 말할것도 없어요...^^"
"hopang****","","","","","5점만점에 5점","2025.09.13","복합성에 좋아요","진정에 좋아요","보통이에요","세일덕에 저렴하게 득템했네요 자주 구매하고 있어요 괜찮은것"
"aazz****","","","","","5점만점에 5점","2025.09.13","복합성에 좋아요","보습에 좋아요","자극없이 순해요","너무너무 좋아요.몇년째쓰는 키엘ㅎ여행용으로도 작은건 챙겨갈수있어서 좋아요"
"oopst****","","","","","5점만점에 5점","2025.09.08","지성에 좋아요","보습에 좋아요","자극없이 순해요","벌써 몇년째 사용하고 있는 키엘 제품인데 자극없이 순하고 좋아요~~ 쓰고있는 거 많이 남았는데 기획행사하고 있어서 쟁겨둘겸 주문했습니다!!"
"gml0****","","","","","5점만점에 5점","2025.09.07","복합성에 좋아요","진정에 좋아요","보통이에요","무난해요 사계절 다 쓸수있고 이거하나만발라도 충분해요~~~~"
"rhrnj****","","","","","5점만점에 5점","2025.09.07","복합성에 좋아요","진정에 좋아요","보통이에요","수분 크림 중에 으뜸인것 같습니다. 올리브영에.입점 기념으로 쉽게 구매 할 수 있어 너무 좋았고, 앞느로도 계속 구매 할 것 같습니다. 신상품도 많이 올려 주세요."
"yeahj****","","","","","5점만점에 5점","2025.09.05","복합성에 좋아요","보습에 좋아요","자극없이 순해요","125ml 제품 사용중,할인행사 기간이라 하나 더 구매합니다 자극없고 기름지거나 미끌거리지 않고 좋아요"
"dkny****","","","","","5점만점에 5점","2025.09.04","복합성에 좋아요","진정에 좋아요","보통이에요","항상 잘사용하고 있아요  올영에서 처음구매  사은품도 좋네요^^"
"napo****","","","","","5점만점에 5점","2025.09.02","복합성에 좋아요","보습에 좋아요","자극없이 순해요","지난번에 작은 용량을 써보고 좋아서 이번에는 큰 용량으로 주문했어요. 부드럽게 발리고 촉촉함이 오래 지속이 되어서 맘에 드는 크림이예요."
"해묭","중성","쿨톤","홍조","","5점만점에 5점","2025.09.22","복합성에 좋아요","진정에 좋아요","보통이에요","메이크업 전에 쓰기 좋음 피부결 정돈되고 보습감도 충분함 ㅇㅇ"
"K9x","건성","쿨톤","트러블","","5점만점에 5점","2025.09.12","건성에 좋아요","보습에 좋아요","자극없이 순해요","진한 보습감과 부드러운 텍스처 💧 피부 장벽 강화와 촉촉함 유지에 좋아요."
"K9x","건성","쿨톤","트러블","","5점만점에 5점","2025.09.07","건성에 좋아요","보습에 좋아요","자극없이 순해요","촉촉함의 끝판왕✨ 바르고 자면 아침에 피부가 말랑말랑 탱글탱글해져요 🐻💖 무겁지 않고 산뜻하게 흡수돼서 사계절 내내 쓰기 좋아요."
"johshin****","","","","","5점만점에 5점","2025.09.21","복합성에 좋아요","보습에 좋아요","자극없이 순해요","제형 & 발림성가볍고 크리미한 텍스처로, 피부에 바르면 즉시 흡수되면서 매끈하게 마무리됩니다. 끈적이지 않아 아침 저녁 모두 부담 없이 사용할 수 있었고, 메이크업 전에 발라도 밀림 현상이 없었습니다.보습력 & 효과키엘의 대표 제품답게 보습력이 뛰어나 피부가 하루 종일 촉촉하게 유지되었습니다. 특히 환절기나 겨울철에 사용하면 피부가 건조해지는 걸 막아주고, 장기간 사용 시 피부결이 매끈해지고 윤기가 돌았습니다. 수분·유분 밸런스를 잘 맞춰주는 느낌이라 피부가 편안하게 유지됐습니다.장단점✔ 장점: 가볍지만 강력한 보습력, 피부 타입에 크게 구애받지 않고 누구나 사용 가능.✘ 단점: 가격대가 높은 편이고, 무향이 아니라 은은한 크림 향이 있어 향에 예민한 분은 호불호가 있을 수 있습니다.총평“믿고 쓰는 크림”이라는 별명이 괜히 붙은 게 아니라는 걸 느꼈습니다. 가볍지만 탄탄한 보습감을 원하시는 분께 적극 추천드리며, 데일리 크림으로 쓰기에 손색이 없는 제품입니다."
"johshin****","","","","","5점만점에 5점","2025.09.21","복합성에 좋아요","보습에 좋아요","자극없이 순해요","저는 환절기만 되면 피부가 심하게 당기고, 화장도 들뜨는 타입이라 늘 촉촉하면서도 부담 없는 크림을 찾고 있었어요. 여러 크림을 써봤지만 어떤 건 너무 무겁고, 어떤 건 발랐을 때만 촉촉하고 금방 건조해지는 경우가 많았는데, 이번에 키엘 울트라 훼이셜 크림을 제대로 써보니 왜 베스트셀러인지 알겠더라고요.제형은 가볍고 크리미한데, 피부에 올리면 바로 스며들면서 겉돌지 않고 촉촉하게 코팅되는 느낌이에요. 아침에 세안 후 토너, 세럼 다음에 얇게 발라주면 피부가 바로 편안해지고, 그 위에 파운데이션이나 쿠션을 얹어도 전혀 밀리거나 뭉치지 않았습니다. 특히 건조한 사무실에서 하루 종일 에어컨 바람을 맞아도 피부가 땅기지 않고 유지되는 게 제일 만족스러웠어요.저녁에는 평소보다 조금 넉넉하게 발라주는데, 자기 전 듬뿍 바르고 자면 다음 날 아침 피부결이 한결 부드럽고 윤기가 돌아요. 마치 수면팩을 한 것처럼 피부가 촉촉하게 차오른 기분이 들었습니다. 장기간 사용하다 보니 피부 톤이 전반적으로 안정되고, 잔여 각질로 화장이 들뜨던 부분도 확실히 줄어들었어요.다만 가격대가 조금 높은 편이라 용량 대비 가성비를 생각하면 망설여질 수는 있어요. 그래도 적은 양만 발라도 충분히 효과가 있어서 오래 쓸 수 있고, 피부가 예민하거나 건성이라면 오히려 이 정도 투자할 가치가 있다고 생각합니다.결론적으로, 키엘 울트라 훼이셜 크림은 “무난하지만 확실히 좋은 크림”이라는 표현이 딱 맞는 제품이에요. 계절과 피부 타입에 크게 구애받지 않고 누구나 데일리 크림으로 쓰기 좋고, 건조함에 시달리는 분들에게는 특히 강력 추천할 만합니다. 저 역시 앞으로도 계속 재구매해서 쓸 예정이에요."
"망고소르베03","건성","여름쿨톤","블랙헤드","잡티","5점만점에 5점","2025.09.10","건성에 좋아요","보습에 좋아요","자극없이 순해요","키엘 울트라훼이셜크림은 처음엔 그냥 무난했는데, 한 달 넘게 쓰니 피부결이 훨씬 안정되고 속까지 촉촉해져서 꾸준히 손이 가요."
"망고소르베03","건성","여름쿨톤","블랙헤드","잡티","5점만점에 5점","2025.09.10","복합성에 좋아요","보습에 좋아요","자극없이 순해요","키엘 울트라훼이셜크림을 꾸준히 쓰니 계절 바뀔 때도 피부가 예민해지지 않고, 하루 종일 촉촉함이 유지돼서 신뢰가 생겨요."
"망고가득스무디","","","","","5점만점에 5점","2025.09.02","복합성에 좋아요","보습에 좋아요","자극없이 순해요","이고 백화점건대 여기 입점해서 써봤는데 너무 즇아요!! 여러분 꼭 사새요"
"제이에이","","","","","5점만점에 5점","2025.09.03","지성에 좋아요","보습에 좋아요","보통이에요","여름이라 유분기 잡는 용도로 휴대도 편하고 계속 잘 사용하고 있어요"
"애옹맨","건성","여름쿨톤","","","5점만점에 5점","2025.09.02","복합성에 좋아요","진정에 좋아요","보통이에요","정말 마음에 들어요 재구매하고싶어요 추천합니다!!🤍"
"겨울브라이트21호","건성","겨울쿨톤","각질","잡티","5점만점에 5점","2025.07.21","건성에 좋아요","보습에 좋아요","자극없이 순해요","올영 입점하면서 재구매 잦은 수분크림이에요.여름철 피부 열감 올랐을때 진정에도 좋고 피부가 편안해지는 느낌이 들어 건조한 부분에 발라주고 있습니다.다만 종이 크라프트지에 둘둘 싸여서 온 건 다소 충격이었네요 ㅠㅅㅠ포장만 좀 더 완벽했으면 좋았을듯 합니다."
"겨울브라이트21호","건성","겨울쿨톤","각질","잡티","5점만점에 4점","2025.03.01","건성에 좋아요","보습에 좋아요","자극없이 순해요","🏔 촉촉하고 부드러우면서 얇게 스며드는 수분크림입니다.🏔 개인적으로 눈 밑 피부 자극은 살짝 있었어요.🏔 겉도는 유분기 없이 ... 라는 말이 적혀있는데 제가 선호하는 마무리감은 아니고 마일드함은 10에서 한 6~7 정도?완전히 실크한 느낌은 아니고 손에서 살짝 겉도는 느낌입니다. 🏔 키엘이랑 잘 맞는다면 전반적으로 만족하실 것 같아요.여름에 사용하면 좋을 것 같습니다."
"유니니K","복합성","가을웜톤","모공","미백","5점만점에 5점","2025.01.02","복합성에 좋아요","보습에 좋아요","자극없이 순해요","올리브영 온라인으로 키엘을 구입할수 있는것도 편하지만 일단 정품이니 안심하고 구입하네요^^키엘 수분크림은 사계절 내내 사용할수 있어서 좋아요.양을 많이 사용하지 않고 조금만 사용해도 촉촉하고 당김도 없어요.아침에 사용해도 번들거리지 않아서 썬크림, 메이크업 팩트를 다 발라도 들뜨거나 당기거나 밀리거나 하지 않아요.키엘 수분 크림이야 믿고 쓰는 제품중 하나입니다^^저는 건성인데 건성인 제가 쓰기에 과하지 않고 부족하지 않고 딱 좋았어요.올리브영이 점점 브랜드도 많아지고 혜택도 다양해서 이제 다른곳을 안가게 되네요^^"
"애볼레","건성","여름쿨톤","잡티","","5점만점에 4점","2024.12.06","건성에 좋아요","보습에 좋아요","자극없이 순해요","그냥 무난한 보습 크림? 건성이 사용하기 좋을거같은데 포장상태는 영 별로네요. 다른 화장품들처럼 제품상자 안에 들어있는 것도 아니고 달랑 용기? 하나만 와있네요 크림크기에 비해 택배 상자는 커서 배송 올때 많이 흔들리고 부딪혔을텐데 뽁뽁이도 아니고 제품상자도 없다? 그래서 그런가 상태가 많이 더러워보여요. 분명 새제품일텐데 말이죠 ㅎㅎ..선물 용으로 구매하기에는 많이 별로네요"
"유니니K","복합성","가을웜톤","모공","미백","5점만점에 5점","2024.12.02","복합성에 좋아요","보습에 좋아요","자극없이 순해요","키엘에서도 유명한 바로 그 크림 키엘 울트라 페이셜 크림이 올리브영에 입점^^심지어 1일 특가~안살 이유가 없어서 바로 구입했어요.말이 필요없을만큼 대중적인 크림입니다.일단 용기가 콤팩트하고 가벼워서 자리 차지도 않하고 50ml 용기라도 여행갈때 그대로 가져가기에도 편합니다.키엘 울트라 크림은 크림이지만 뻑뻑하지 않고 답답하지 않아요.꾸덕한 그릭 요거트 제형인데 손으로 펴서 바르면 사르륵 부드럽게 잘 펴발라집니다.끈적임없고 겉도는 유분감도 거의없어서 아침에 사용해도 메이크업이 밀리지 않고 당김이 없어요.저녁에는 양을 조금 더 많이 발라주면 아침까지 촉촉 부들부들~ 겉돌지 않고 잘 흡수되서 세럼후에 이 크림으로 마무리해주면 촉촉하고 당기지 않네요~면세점에서 항상 구입하던 키엘인데 이제는 올리브영에서 구입하네요~"
"hopang****","","","","","5점만점에 5점","2025.08.29","건성에 좋아요","보습에 좋아요","자극없이 순해요","나름 효과가 있어 자주 구매하고 있습니다 반복구매 중이에요"
"cmina****","","","","","5점만점에 5점","2025.08.29","복합성에 좋아요","진정에 좋아요","자극없이 순해요","친구 선물용으로 구매했는데역시 보습엔 키엘인것 같아요너무 만족해하네요"
"siyeon****","","","","","5점만점에 5점","2025.08.18","건성에 좋아요","보습에 좋아요","자극없이 순해요","키엘 스킨케어 제품 유명한거 알고 있었는데 올영 오특때 기회가 되서 사봤었는데요.. 정말 좋아요.. 데일리템으로 무조건 사용중입니다 속건조는 잡아주는데 무겁지 않고 딱 좋아요"
"tna****","","","","","5점만점에 5점","2025.08.17","복합성에 좋아요","진정에 좋아요","보통이에요","아주 민감한 피부인데수분크림은 이것만 씁니다바르고나면 촉촉해요"
"kewpie****","","","","","5점만점에 5점","2025.08.15","복합성에 좋아요","보습에 좋아요","보통이에요","제얼굴 수부지인데 이거바르고 화장하면 속건조도 덜하고 쿠션이랑도 잘 맞더라구요 세일할때 특템했네요"
"hih****","","","","","5점만점에 5점","2025.08.13","복합성에 좋아요","보습에 좋아요","보통이에요","지성이라 토너도 만족쓰 크림은여름이라 경계하면서 살포시 크림도 얹어봤는데 왠걸생각보다 묵직하지 않아서 좋네여 얇게 나이트로 바르고있고 좀더있으면 무겁게 발라도 좋을것같아요!"
"031****","","","","","5점만점에 5점","2025.09.13","복합성에 좋아요","보습에 좋아요","보통이에요","저 키엘에 선입견이 있었던 듯 합니다. 울트라 훼이셜 이러니까 겁나게 리치한 크림인 줄 알았는데 테스터해보니 생크림? 같은 제형인데 또 얇게 발려요 저 지성이지만 정말 가볍다고 느꼈어요 유분감이 거의 안느껴지는 크림입니다 그래서 지성 여름용 수분&장벽 크림으로 강추해요"
"듀큰듀큰","복합성","여름쿨톤","모공","탄력","5점만점에 5점","2025.01.19","건성에 좋아요","보습에 좋아요","자극없이 순해요","키엘! 저의 인생크림인데 올영에서 만나게되서 넘 반가워요>< 근데 원래 포장박스같은거 없이 본품만 달랑 오나요..? 미개봉 새제품 맞는건지 좀 불안하지만 믿고 쓸게요ㅠㅠ"
"듀큰듀큰","복합성","여름쿨톤","모공","탄력","5점만점에 5점","2024.12.07","복합성에 좋아요","보습에 좋아요","자극없이 순해요","키엘! 저의 인생크림인데 올영에서 만나게되서 넘 반가워요>< 근데 원래 포장박스같은거 없이 본품만 달랑 오나요..? 미개봉 새제품 맞는건지 좀 불안하지만 믿고 쓸게요ㅠㅠ"
"chedar","","","","","5점만점에 5점","2025.09.12","복합성에 좋아요","보습에 좋아요","자극없이 순해요","환절기되면서 더 잘 맞는다고 느껴지는 크림입니다~ 작은 사이즈 증정품도 유용해서 운동가거나 여행갈때도 편리해요!"
"y0105736****","","","","","5점만점에 5점","2025.09.09","건성에 좋아요","보습에 좋아요","자극없이 순해요","수분 공급력이 뛰어나고, 피부에 가볍게 녹아드는 느낌이 좋아요. 하루 종일 피부가 촉촉하게 유지됩니다."
"이름보다는별명을","","","","","5점만점에 5점","2025.08.27","건성에 좋아요","보습에 좋아요","자극없이 순해요","키엘 크림은 엄청 유명하죠. 보습력 짱이구요. 성분도 괜찮아서 피부에 부담이 없어요. 세일 때 저렴하게 구매했어요."
"밤하늘별빛고래","복합성","여름쿨톤","각질","다크서클","5점만점에 5점","2025.08.23","복합성에 좋아요","진정에 좋아요","보통이에요","몇 달 써 본 결과 솔직히 무난??한 크림인 것 같아요 딱히 수분이 느껴진다 이런 건 아니고 그냥 적당히 마무리 크림? 화장 전 크림으로 바르기 좋고 뭐도 안 나서 좋아요"
"EO","복합성","가을웜톤","민감성","잡티","5점만점에 5점","2025.08.13","지성에 좋아요","주름/미백에 좋아요","자극이 느껴져요","지난 번 특가 때 구입했는데 괜찮은 것 같았어요...,,,"
"드미맘","건성","웜톤","다크서클","블랙헤드","5점만점에 5점","2025.08.06","건성에 좋아요","보습에 좋아요","자극없이 순해요","비싸지만 피부를 위해서 구매했는데 다행히 잘 맞아서 계속 사용중이에요!"
"올영미저리","","","","","5점만점에 5점","2025.09.29","건성에 좋아요","보습에 좋아요","자극없이 순해요","말뭐 너무 좋죠 겨울철에 쓰기 좋아요 헤헤 추천드립니다 건성분들"
"yjhbmsj","복합성","웜톤","모공","미백","5점만점에 5점","2025.08.14","건성에 좋아요","보습에 좋아요","자극없이 순해요","묽은 듯하지만, 부드럽게 잘 발리고 흡수도 빨라요.할인할때 종종 구매하는데 이번엔 샘플구성이 맘에들어서~"
"묭이하트","트러블성","쿨톤","각질","모공","5점만점에 4점","2025.06.25","복합성에 좋아요","진정에 좋아요","보통이에요","수분크림중에 제일 유명하다고해서 구매했어요!!저는 수분이 늘 부족해서 항상 수분크림 쟁여놓는데, 이번에 세일한다고하길래 냉큼 구매했습니다자극도 없고 복합성에 좋은 것 같아요!재구매의사 있습니다. 다만 용량이 좀 적어서 나중에는 용량큰걸로 다시 구매하겠습니다"
"글로우워너비","건성","가을웜톤","각질","미백","5점만점에 3점","2025.06.18","건성에 좋아요","보습에 좋아요","자극없이 순해요","예전 백화점 처음입점때부터 쓰다가 오랜만에 올영에서 구매했는데 크림자체는 너무 좋지만 배송상태가 너무 엉망인거같아요백화점 입점브랜드라 가격적인면에서도 높은편인데 크림케이스가 키엘 로고부분부터 텍스트가 밀렸다 해야할까요브랜드 이미지는 상품용기도 포함되는 부분인데 케이스 손상이 너무 심해요. 케이스에 프린팅된 글자들이 처음부터 솜상되서 용기 열고 닫을때마다 밀리고 손에 찍혀서 크림 바르기전에 손체크먼저해야하는 번거로움이 너무 싫어요.  같이 보내준 샘플은 비닐에 포장되서 손상이 없는데 본품은 왜 상자 먼지랑 케이스 손상이 되게 배송되는걸까요?급해서 그냥 사용중이지만 다음에 키엘 구매하더라도 올리브영체널 통해선 구매 못할거같아요"
"Eunsoo","복합성","웜톤","각질","모공","5점만점에 5점","2025.05.14","건성에 좋아요","보습에 좋아요","자극없이 순해요","원래 5월15일부터 발송할 예정으로 나왔는제 13일 저녁에 벌써 배달완료 알림 떴어요. 전부터 얘기 많이 들었는데 가격 좀 있어서 아직 안 샀는데 이번에 올리브영에서 추가 할인 쿠폰까지 있어서 구매하기로 했어요. 특히 생각보다 증정품도 많이 줘서 절말 잘 샀던 느낌이에요."
"묭이하트","트러블성","쿨톤","각질","모공","5점만점에 4점","2025.05.14","복합성에 좋아요","진정에 좋아요","보통이에요","수분크림중에 제일 유명하다고해서 구매했어요!!저는 수분이 늘 부족해서 항상 수분크림 쟁여놓는데, 이번에 세일한다고하길래 냉큼 구매했습니다자극도 없고 복합성에 좋은 것 같아요!재구매의사 있습니다. 다만 용량이 좀 적어서 나중에는 용량큰걸로 다시 구매하겠습니다"
"김빵순","트러블성","쿨톤","모공","민감성","5점만점에 5점","2025.03.24","건성에 좋아요","보습에 좋아요","자극없이 순해요","키엘 수분크림 명성만 듣다 구매했어용.  부드럽게 발리고 피부에 삭 스며들며 촉촉하게 채워지는 느낌이 듭니다 가볍게 사용하기 좋아요. 사용 후 수분감이 차오르는 느낌이 듭니다. 용기도 편리해서 간편하게 사용하고 있어요. 잘 펴발려서 얼굴뿐 아니라 목에 바르기도 좋아요"
"치키치키","","","","","5점만점에 5점","2025.03.02","복합성에 좋아요","보습에 좋아요","자극없이 순해요","아주아주 오랜만에 사용해보네요 아담한사이즈지만 화장품 많이바르지 않는 저로선 한계절 사용하기 딱 좋은 사이즈고 역시 발림성이 좋네요 부드럽게 발리는데 촉촉하게 수분감을 주면서 흡수도 제대로 되는데 보호막까지 생기는 느낌이랄까 좋아요!!"
"치키치키","","","","","5점만점에 5점","2025.01.02","복합성에 좋아요","보습에 좋아요","자극없이 순해요","아주아주 오랜만에 사용해보네요 아담한사이즈지만  화장품 많이바르지 않는 저로선 한계절 사용하기 딱 좋은 사이즈고 역시 발림성이 좋네요 부드럽게 발리는데 촉촉하게 수분감을 주면서 흡수도 제대로 되는데  보호막까지 생기는 느낌이랄까  좋아요!!"
"무니","복합성","쿨톤","각질","잡티","5점만점에 4점","2024.12.05","건성에 좋아요","보습에 좋아요","자극없이 순해요","키엘 100ml 한번 써보았는데잘 쓰긴했는데 열고닫음이 잦아서 그런지거의 끝에 조금 남은거 쓸때는 약간 그동안 촥촥 스며들던 제형이 아니었어요그래서 50ml 주문해보았어요^^*배송포장... 실망아니 뽁뽁이에 감싼것도 아니고종이를 위아래로 둔것도 아니고...그래도 50ml 작은 플라스틱이라안깨지고 온것인지.. ^^;"
"촐촐","","","","","5점만점에 5점","2025.09.01","복합성에 좋아요","보습에 좋아요","자극없이 순해요","믿고 쓰는 브랜드 키이죠 근데 용량이 너무 작아요그래도 흡수가 좋아서 만족스러워요"
"엘리오","지성","여름쿨톤","","","5점만점에 4점","2025.09.01","복합성에 좋아요","보습에 좋아요","보통이에요","발랐을 때 살짝 따갑고 자극이 느껴졌어요그리고.. 보습... 수부지인데도 잘 모르겠어요ㅜㅠ"
"용우용우","민감성","쿨톤","민감성","홍조","5점만점에 5점","2025.08.30","건성에 좋아요","보습에 좋아요","자극없이 순해요","자극도 없고 순해서 사용성이 너무 좋아요! 재구매의사 있습니다"
"랑방이","복합성","웜톤","모공","미백","5점만점에 5점","2025.06.05","건성에 좋아요","보습에 좋아요","자극없이 순해요","수십년 전부터 수분 크림으로는 최고 입니다. 올리브영에 입점되어서 너무 반가웠고 할인행사할 때 구매하니 백화점 가격보다 훨 저렴하게 구매해서 좋았어요. 처음 바를 때 따끔함이 느껴지는데 그건 수분이 보충되는 느낌이래요. 최고입니다."
"랑방이","복합성","웜톤","모공","미백","5점만점에 5점","2025.04.26","복합성에 좋아요","보습에 좋아요","자극없이 순해요","20년 전에 면세점에서 한꺼번에 열 통시 구매에서 얼굴에 바르곤 했었는데 T엘 제품이 올리브영에도 판매되어서 너무 좋네요. 백화점보다 훨씬 저렴한 가격입니다. 수분크림이길래 전 그냥 듬뿍 아주 듬뿍 발라요. 세수하고 요금만 듬뿍 바르고 자도 피부가 재생되는 느낌이 납니다. 좋습니다."
"스콜라스티카","약건성","가을웜톤","모공","미백","5점만점에 5점","2025.04.01","건성에 좋아요","보습에 좋아요","자극없이 순해요","여행가서 아주 잘 사용사용중인 크림들이 죄다 부피가 크다보니 여행갈때는 작은용기에 덜어 가지고 다녀야 하는데 이건 작아서 좋음의도한바는 아니지만 매번 백화점이나 먼세점에서 대용량을 사서 쓰다보니 이건 아주 작게 느껴짐에*** , 바**** 크림을 아주 잘 사용중인데 그전엔 이크림을 주구장창 사용했었음손가락으로 퍼서 사용해야해서 위생상의 문제가 좀 있지만 아주 훌륭한 크림임그러니까 오래전에 출시되서 아직까지 판매 되것지"
"스콜라스티카","약건성","가을웜톤","모공","미백","5점만점에 5점","2024.12.14","건성에 좋아요","보습에 좋아요","자극없이 순해요","10년전 팀 막내가 소개해서 알게되었고 그뒤로 3년정도 꾸준히 사용하다가 아주 오랜만에 다시 구입해 봤어요 건조함으로 트러블과 각질이 심했는데 이 크림으로 효과를 너무 많이 봤던 기억이 있어요여행갈때 가져가려고 작은사이즈로 구입했어서 아직 사용전이지만 여전히 좋것지요"
"기영이","복합성","가을웜톤","각질","블랙헤드","5점만점에 5점","2025.09.10","복합성에 좋아요","진정에 좋아요","보통이에요","좋어요좋어요 항상 쓰던거예요!! 앞으로도 잘 쓸게요제 인생템입니다"
"유우유","","","","","5점만점에 4점","2025.09.02","복합성에 좋아요","진정에 좋아요","보통이에요","수분크림에 걸맞게 속건조 잡아주고 스쿠알란 성분이 있어서 피지조절에도 도움 됩니다"
"hyun****","","","","","5점만점에 5점","2025.08.25","건성에 좋아요","보습에 좋아요","자극없이 순해요","건조한 피부에 보습이 필요할 때 딱이에요. 끈적임 없이 빠르게 흡수되면서 피부를 촉촉하게 감싸줘요. 가벼운 사용감이지만 보습력이 뛰어나서 하루 종일 당김 없이 편안하고, 화장도 잘 먹어서 매일 사용하고 있어요.확실히 키엘 이름값 하는 것 같네요"
"흰둥이와나","복합성","쿨톤","민감성","주름","5점만점에 5점","2025.07.16","건성에 좋아요","보습에 좋아요","자극이 느껴져요","빠른 배송 감사합니다. 좋아 보이길래 샀는데 바르니까 얼굴이 딱끈 거려요. 저한테만 그런 건가요ㅠㅠ"
"소보소보","트러블성","가을웜톤","각질","모공","5점만점에 5점","2025.06.30","복합성에 좋아요","진정에 좋아요","보통이에요","선물 받을 지인이 직접 픽한 생일 선물이예요올영에서 이것저것 담아서 선물하기 좋습니다."
"김빵순","트러블성","쿨톤","모공","민감성","5점만점에 5점","2025.06.27","건성에 좋아요","보습에 좋아요","자극없이 순해요","키엘 수분크림 한번 구매한 이후로 계속 재구매 중입니다. 수분감이 많은 투명한 제형보다는 살짝 리치하게 발리지만 흡수하고 잔여감이 없어 메이크업 전에 자주 바르는 아이템입니다. 순해서 손이 자주 가요"
"퓨리리리","트러블성","봄웜톤","미백","민감성","5점만점에 5점","2025.06.25","복합성에 좋아요","보습에 좋아요","자극없이 순해요","키엘 수분크림은 워낙 유명해서예전에도 사용한적이있는데올영에서도 팔길래 구입해봤어요"
"김빵순","트러블성","쿨톤","모공","민감성","5점만점에 5점","2025.05.28","건성에 좋아요","보습에 좋아요","자극없이 순해요","키엘 수분크림 한번 구매한 이후로 계속 재구매 중입니다. 수분감이 많은 투명한 제형보다는 살짝 리치하게 발리지만 흡수하고 잔여감이 없어 메이크업 전에 자주 바르는 아이템입니다. 순해서 손이 자주 가요"
"뽀이동이","건성","쿨톤","모공","탄력","5점만점에 5점","2025.05.19","건성에 좋아요","보습에 좋아요","자극없이 순해요","자극없이 순하고 만족합니다 좋아요 만족합니다 좋아요 세일할때 사봤는데 좋아요"
"JoBona","복합성","겨울쿨톤","각질","모공","5점만점에 5점","2025.05.09","복합성에 좋아요","진정에 좋아요","보통이에요","크림 꾸준히 너무 잘 바르고 있어요 순해서 더 좋은 것 같아요올영 세일할때 구매하세용 !"
"JoBona","복합성","겨울쿨톤","각질","모공","5점만점에 5점","2025.05.09","복합성에 좋아요","진정에 좋아요","보통이에요","크림 꾸준히 너무 잘 바르고 있어요 순해서 더 좋은 것 같아요올영 세일할때 구매하세용"
"김빵순","트러블성","쿨톤","모공","민감성","5점만점에 5점","2025.04.28","건성에 좋아요","보습에 좋아요","자극없이 순해요","키엘 수분크림 정착입니다.!! 펴바르는 느낌이 좋아요. 사용하면 촉촉함이 차오르는 느낌이 듭니다.질감도 바르기 편해서 간편하게 사용하고 있어요. 잘 펴발려서 얼굴뿐 아니라 목에 바르기도 좋아요"
"모래고래","복합성","가을웜톤","미백","잡티","5점만점에 5점","2025.04.21","복합성에 좋아요","보습에 좋아요","자극없이 순해요","보습에는 정말 좋은거 같아요. 조금만 발라도 흡수 잘되고 보습도 잘되구요"
"LovelyBB","복합성","웜톤","각질","다크서클","5점만점에 5점","2025.04.12","복합성에 좋아요","진정에 좋아요","보통이에요","유명템은 괜히 소문나는게 아닌듯 ㅎㅎ너무 만족합니다 재구매템이에욯ㅎ"
"당근25","지성","봄웜톤","잡티","","5점만점에 4점","2025.04.10","복합성에 좋아요","보습에 좋아요","자극없이 순해요","다들 잘 아시는 가격만 빼고는 다 좋은 키엘입니다 사은품도 잘 쓰고 있어요"
"JoBona","복합성","겨울쿨톤","각질","모공","5점만점에 5점","2025.04.08","건성에 좋아요","보습에 좋아요","자극없이 순해요","다 쓰고 또 구매합니당 역시 수분크림은 키엘이에요모든게 다 무난하고 좋아요"
"JoBona","복합성","겨울쿨톤","각질","모공","5점만점에 5점","2025.04.08","건성에 좋아요","보습에 좋아요","자극없이 순해요","꾸준히 사뇽하고있는 꾸준템입니당 빨리 또 세일했으면 좋겠어요 ㅠ"
"보캅성","복합성","여름쿨톤","각질","민감성","5점만점에 5점","2025.03.25","복합성에 좋아요","보습에 좋아요","보통이에요","손에 한번 발라보고 발림성과 보습에 반해서 샀습니다수부지 속보습에 좋다는데 효과가 좋을지는 한달 써봐야 알것 같아요일단 지금까진 좋은것 같음"
"모래고래","복합성","가을웜톤","미백","잡티","5점만점에 5점","2025.03.17","복합성에 좋아요","보습에 좋아요","자극없이 순해요","처음 사봐서 써보고 괜찮으면 지속적으로 써보려구요. 키엘 제품은 첨 써봐요"
"LovelyBB","복합성","웜톤","각질","다크서클","5점만점에 5점","2025.03.11","복합성에 좋아요","진정에 좋아요","보통이에요","미니미 샘플까지 있어서 좋아요수분크림으로 유명템인 키엘!"
"당근25","지성","봄웜톤","잡티","","5점만점에 5점","2025.03.11","복합성에 좋아요","진정에 좋아요","보통이에요","키엘이 비싸서 그렇지 성능은 최고죠 - 7ml 3개도 받아서 여행용으로 잘 쓰겠습니다"
"김톢기","민감성","겨울쿨톤","민감성","","5점만점에 5점","2025.03.02","복합성에 좋아요","보습에 좋아요","자극없이 순해요","진짜 매일 사용하는 ! 애정하는 순한 수분크림이에요 🤍입점기념 라방 때 완전 좋은 구성으루 구매했습니다 !올영에서 구매할 수 있어서 너무 좋은 것 같아요 😙"
"믿스조지템","복합성","쿨톤","미백","트러블","5점만점에 5점","2024.12.07","건성에 좋아요","보습에 좋아요","자극없이 순해요","와우 수분크림 종결자라는 말이 리얼 뮬찌끄버린듯한 슈부광택이 끈적임? 없음 유명함건 다 이유가 있음 ㅠㅠ 이건 대용량으로 사야댐"
"wld****","","","","","5점만점에 5점","2025.09.20","건성에 좋아요","보습에 좋아요","자극없이 순해요","세일할때 구매해서 잘 사용했고 앞으로도 잘 사용할 것 같아요!! 제품력 좋습니다~"
"핫식스핫식스","","","","","5점만점에 5점","2025.08.16","건성에 좋아요","보습에 좋아요","자극없이 순해요","정말 자극없이순해서 가벼울줄알았는데 보습이 좋아요!!"
"올리브영MD입사가꿈","민감성","여름쿨톤","민감성","","5점만점에 5점","2025.03.16","복합성에 좋아요","진정에 좋아요","자극없이 순해요","촉촉하지만 속건조는 아쉬운, 자극 없는 크림! 🌿💦이소티논 복용 중이라 피부가 많이 건조한 편인데, 키엘 수분크림은 겉보습은 확실히 채워주지만 속건조까지 완벽하게 잡아주진 않아요. 하지만! 자극 없이 순해서 예민한 날에도 부담 없이 사용할 수 있다는 점이 정말 마음에 듭니다. 😊그리고 가장 좋은 점은, 올리브영에서도 키엘 백화점 라인을 만나볼 수 있다는 것! 🎉 백화점보다 가격도 더 합리적이라 부담 없이 쟁여둘 수 있고, 매장에서 눈치 보지 않고 테스트할 수 있어서 너무 좋아요. 🛍️수분감 있는 크림을 찾고 있지만, 순한 사용감을 원하시는 분들께 추천! 💙✨#키엘수분크림 #올리브영백화점라인 #순한수분크림"
"Lottomom","","","","","5점만점에 5점","2024.12.04","복합성에 좋아요","보습에 좋아요","보통이에요","믿고 쓰는 수분크림입니다. 몇 년째 사용 중이에요. 정말 짱입니다"
"seonga****","","","","","5점만점에 4점","2025.09.30","지성에 좋아요","진정에 좋아요","자극없이 순해요","진짜 자극없이 순하고 약간 꾸덕해서 바르기 더 좋아요. 처음 써보는데 만족합니다~"
"whf****","","","","","5점만점에 4점","2025.09.30","복합성에 좋아요","진정에 좋아요","보통이에요","환절기시작되면서 쓰기 더 좋은 수분크림이에요 만족해요 추천해요"
"hhsg0****","","","","","5점만점에 5점","2025.09.26","건성에 좋아요","보습에 좋아요","자극없이 순해요","가격이 조금 나가지만 그만큼 좋을것 같고 발림성도 좋은 편인것 같아요"
"섬세한계란말이","","","","","5점만점에 5점","2025.05.17","복합성에 좋아요","보습에 좋아요","자극없이 순해요","키엘 수분크림은 수분크림의 정석이에요 꼭 다시 돌아오게 하는 컴백미(?!)가 있어요 다른 수분크림과 비교할때도 꼭 키엘과 비교해서 부족한점을 짚어보곤하거든요이번 행사로 구매하지 않으면 안될 정도의 할인율로 풀려서 고민없이 구매했고 곧바로 주변 동료와도 공유했어요 다들 평이 비슷합니다 발림성이 좋고 수분감을 꽉꽉 메워준다 바를때는 별생각없지만 막상 안쓰면 빈자리가 크게 느껴지는 크림, 겨울철 필수크림. 여름에능 하나만 발라도 충분한 크림!!제가 10년이상 쓴 크림이고 경험에 비추어 리뷰를 남겼으니 참고해주세요^^"
"0또영0","","","","","5점만점에 5점","2025.05.14","복합성에 좋아요","보습에 좋아요","보통이에요","비록 라이브는 놓쳤지만 바로 다음날 오특을 통해 선착순 베스트키트까지 받아서 그래도 나름 저렴하게 구매했어요!사실 키엘 수분크림 말만 많이 들어보고 사용해본적은 없었는데 세일도 하고, 마침 어디선가 샘플로 받아온게 있어서 사용해보니 괜찮은 것 같아 구매했네요ㅎㅎ (본품 크림이 상자에 안 담겨와서 나름 신선한? 충격이었네요..ㅋㅋㅋㅋ)올리자마자는 묵직한가? 싶으면서도 바르면 촉촉 산뜻하게 금방 흡수되고 향도 없어서 좋은 것 같아요! 조금 도톰하게 발랐다고 해서 유분감이 돌지도 않아요..! 물론 가격 생각하면 족당히 바르는게 맞겠지만요ㅎ피부가 예민해서 세수하고 나면 조금 붉어지고 건조해지는 편인데 이거 바르면 금방 산뜻해져서 본품 사용해보고도 만족스러우면 재구매하려구요ㅎ"
"미미24","","","","","5점만점에 5점","2025.01.04","복합성에 좋아요","보습에 좋아요","자극없이 순해요","키엘 수분크림이 워낙 유명해서 써보고 싶었는데 올영에 들어와서 써보게 되었어요. 써보니 확실히 수분감이 느껴져요.  크림이 무겁지 않은데 피부에 발랐을 때 수분감은 확실해서 속건조 있는 수부지 피부한테 너무 좋아요. 유분감도 없어서 지성 피부가 겨울 수분크림으로 사용하기에 좋아요. 한통을 거의 다썼는데 재구매 하고 싶어요."
"골드럭키올챙이","복합성","겨울쿨톤","모공","미백","5점만점에 5점","2025.04.28","건성에 좋아요","보습에 좋아요","자극없이 순해요","속건성이라 사봤는데 속까지 촉촉해진 느낌이에요~ 역시 키엘은 크림이 좋은거 같아오"
"골드럭키올챙이","복합성","겨울쿨톤","모공","미백","5점만점에 5점","2025.03.28","건성에 좋아요","보습에 좋아요","자극없이 순해요","너무너무 좋아서 쭉 사용중이 키엘 크림이에오~ 라이브 방송으로 저렴하게 구입해서 좋아오"
"sinjaej****","","","","","5점만점에 5점","2025.09.23","복합성에 좋아요","진정에 좋아요","보통이에요","만족합니다. 추천합니다.  잘구매해서 너무 기분 좋아요 재구매 의사 있습니다."
"gods****","","","","","5점만점에 5점","2025.09.21","복합성에 좋아요","진정에 좋아요","보통이에요","키엘 몇년전에 쓰고 다른거 쓰다가 다시 돌아왔어요 키엘 늘 좋아요"
"찹쌀도나츠","","","","","5점만점에 5점","2025.09.09","복합성에 좋아요","보습에 좋아요","보통이에요","보습 잘되고 촉촉해요 다만 튜브형으로도 나오면 좋겠어요~"
"rlaaudwh456","","","","","5점만점에 5점","2025.09.07","복합성에 좋아요","진정에 좋아요","보통이에요","제품이 너무 너무 좋아요. 다 사용하고 다시 구매해서 사용하고 싶어요."
"saru****","","","","","5점만점에 5점","2025.09.06","복합성에 좋아요","보습에 좋아요","자극없이 순해요","키엘은 예전부터 수분크림으로 유명했던지라 잘 알고 있었는데역시 촉촉하고 좋네요 구성도 잘 되어있고 ㅎㅎ 아쉬운건 용량이 좀 작은것같다라는 아쉬움이 있어요 ㅠㅠ"
"ㅅㅇㄱㅈㄴ","","","","","5점만점에 5점","2025.08.19","복합성에 좋아요","진정에 좋아요","보통이에요","키엘 크림 수분충전되고 넘 무겁지도않아서 좋아요!ㅊ하ㅣ공ㅇ"
"chedar","","","","","5점만점에 5점","2025.05.15","복합성에 좋아요","보습에 좋아요","보통이에요","기존에 사용했던 제품인데 마침 세일 기간이어서 구매했고 샘플도 다양하게 제공되어서 좋습니다."
"cham****","민감성","쿨톤","","","5점만점에 5점","2025.03.03","건성에 좋아요","보습에 좋아요","자극없이 순해요","키엘 크림 바르고 나면 다음 날 피부가 광이돌고 컨디션이 좋아요. 바를땐 보습크림보다 편한 수분크림 바르듯 발리는데 보습감은 보습크림보다 좋아요. 제 값하는 크림이라 애용해요"
"kmk****","","","","","5점만점에 4점","2025.01.29","복합성에 좋아요","보습에 좋아요","자극없이 순해요","질감이 부드럽고 미끌거리지 않고 촉촉해서 사용감이 좋아요"
"kmk****","","","","","5점만점에 3점","2024.12.26","복합성에 좋아요","보습에 좋아요","자극없이 순해요","아직  얼굴은 바르진 못했고  손등에만  발랐는데 발림성이 부드럽고  산뜻한  느낌입니다"
"starblue","복합성","가을웜톤","모공","잡티","5점만점에 5점","2025.07.29","복합성에 좋아요","진정에 좋아요","자극없이 순해요","수분크림 하면 키엘이 원조라고 해서 구매해봤다가 잘맞아서 쟁여두고 쓰는 제품입니다.생크림 재형이라고 많이들 표현하던데, 부드럽게 발리는 질감이 생크림이랑 유사한것 같아요.발림성이 좋아서 화장할때 쓰기에도 괜찮았습니다.보습력은 일반적인 수딩크림보다 살짝 좋은 정도로 보면 될 것 같아요."
"starblue","복합성","가을웜톤","모공","잡티","5점만점에 5점","2025.07.29","복합성에 좋아요","진정에 좋아요","자극없이 순해요","수분크림 하면 키엘이 원조라고 해서 구매해봤다가 잘맞아서 쟁여두고 쓰는 제품입니다.생크림 재형이라고 많이들 표현하던데, 부드럽게 발리는 질감이 생크림이랑 유사한것 같아요.발림성이 좋아서 화장할때 쓰기에도 괜찮았습니다.보습력은 일반적인 수딩크림보다 살짝 좋은 정도로 보면 될 것 같아요."
"풀밭점심","","","","","5점만점에 5점","2025.07.28","복합성에 좋아요","보습에 좋아요","자극없이 순해요","지성 피부도 스쿠알란 성분을 사용하면 좋다고 해서 키엘 제품을 구매했어요 키엘 수분크림에는 스쿠알란 성분이 4% 함유되어 있어서 유수분 밸런스를 맞춰 주고 피지 조절에 도움을 줍니다 ^^ 이제 올리브영에서도 키엘 수분크림을 만날 수 있어 정말 편하고 좋아요!!"
"starblue","복합성","가을웜톤","모공","잡티","5점만점에 5점","2025.06.11","복합성에 좋아요","진정에 좋아요","보통이에요","건성 민감성 피부입니다.수분크림은 키엘이 유명하다고 해서 구매하고 잘 맞아서 쟁여두려고 구매했습니다..생크림같은 제형이라고들 하던데 그건 잘 모르겠고, 그냥 수분감 많아서 가볍고 부드럽게 잘 발립니다.근데 생각보다 가벼워서 겨울엔 이거 바르고 라로수포제 재생크림까지 발라줬어요.요즘엔 덥고 습해서 이거로 마무리해줘도 괜찮더라고요.순하고 제 피부에 잘 맞아서 저는 계속 구매해서 쓰려고요."
"starblue","복합성","가을웜톤","모공","잡티","5점만점에 5점","2025.05.23","건성에 좋아요","보습에 좋아요","자극없이 순해요","건성 민감성 피부입니다.수분크림은 키엘이 유명하다고 해서 구매하고 잘 맞아서 쟁여두려고 구매했습니다..생크림같은 제형이라고들 하던데 그건 잘 모르겠고, 그냥 수분감 많아서 가볍고 부드럽게 잘 발립니다.근데 생각보다 가벼워서 겨울엔 이거 바르고 라로수포제 재생크림까지 발라줬어요.요즘엔 덥고 습해서 이거로 마무리해줘도 괜찮더라고요.순하고 제 피부에 잘 맞아서 저는 계속 구매해서 쓰려고요."
"starblue","복합성","가을웜톤","모공","잡티","5점만점에 5점","2025.05.23","건성에 좋아요","보습에 좋아요","자극없이 순해요","건성 민감성 피부입니다.수분크림은 키엘이 유명하다고 해서 구매하고 잘 맞아서 쟁여두려고 구매했습니다..생크림같은 제형이라고들 하던데 그건 잘 모르겠고, 그냥 수분감 많아서 가볍고 부드럽게 잘 발립니다.근데 생각보다 가벼워서 겨울엔 이거 바르고 라로수포제 재생크림까지 발라줬어요.요즘엔 덥고 습해서 이거로 마무리해줘도 괜찮더라고요.순하고 제 피부에 잘 맞아서 저는 계속 구매해서 쓰려고요."
"starblue","복합성","가을웜톤","모공","잡티","5점만점에 5점","2025.05.12","복합성에 좋아요","진정에 좋아요","보통이에요","건성 민감성 피부입니다.수분크림은 키엘이 유명하다고 해서 구매해봤어요.생크림같은 제형이라고들 하던데 그건 잘 모르겠고, 그냥 수분감 많아서 가볍고 부드럽게 잘 발립니다.근데 생각보다 많이 가벼워서 저는 이거 바르고 라로수포제 재생크림까지 발라주고 있어요.꾸덕한 크림 전단계에 발라주는 가벼운 크림 정도로 생각하면 좋을 것 같습니다.순하고 제 피부에 잘 맞아서 저는 계속 구매해서 쓰려고요."
"보캅성","복합성","여름쿨톤","각질","민감성","5점만점에 5점","2025.04.24","복합성에 좋아요","보습에 좋아요","보통이에요","수부지가 무난하게 쓸 수 있는 수분크림입니다보습력 무난하고 자극은 약간 있긴해요홍조 개선은 이것보단 그 뭐더라 피지오겔? 그게 순해서 그런가 그게 더 나은것 같고요대신 이건 피지오겔보단 발림성도 좋고 더 깊숙히 충전되는 느낌은 있습니다이거 쓰고 이마에 난 좁쌀 여드름 사라짐 ㅎ그래서 결론은 저자극 홍조개선은 피지오겔속보습, 좁쌀여드름은 키엘크림 이렇게 추천합니다근데 또 사람 피부에 따라 다르니까 각자 직접 테스터 해주세용"
"겨울브라이트21호","건성","겨울쿨톤","각질","잡티","5점만점에 5점","2025.04.20","건성에 좋아요","보습에 좋아요","자극없이 순해요","❄ 흡수력이 빠르고 가벼움.❄ 젤과 크림사이의 텍스처를 가지고 있으나 보습 및 지속력은 오래감❄ 수부지·민감성 피부에 최적화(유분이 적고 수분이 많아 유수분 밸런스 잡기 좋음)❄ 건성 피부는 단독 사용 시 보습감 부족할 수 있어 이중보습 추천."
"겨울브라이트21호","건성","겨울쿨톤","각질","잡티","5점만점에 5점","2025.04.20","건성에 좋아요","보습에 좋아요","자극없이 순해요","❄ 성분식물성 스쿠알란은 피부 보습과 피부 장벽을 높여주고남극 빙하에서 유래된 당단백질 성분은 피부 보호와 진정, 수분 유지에 기여합니다.❄ 텍스처가볍고 빠르게 흡수되어 끈적임이 없습니다.모든 피부 타입에 적합한 편이며 특히 민감성 피부에 효과적입니다.❄ 제품 활용밤 보다는 아침 메이크업 전 수분 보충건조한 계절에 (환절기, 겨울) 당기지 않는 피부 연출피부 보습과 장벽 강화를 원하는 모든 연령대의 민감피부"
"들숨에재력날숨에건강","트러블성","쿨톤","모공","민감성","5점만점에 5점","2025.01.10","복합성에 좋아요","보습에 좋아요","자극없이 순해요","키엘에서도 유명한 바로 그 크림 키엘 울트라 페이셜 크림이 올리브영에 입점^^심지어 1일 특가~안살 이유가 없어서 바로 구입했어요.말이 필요없을만큼 대중적인 크림입니다.일단 용기가 콤팩트하고 가벼워서 자리 차지도 않하고 50ml 용기라도 여행갈때 그대로 가져가기에도 편합니다.키엘 울트라 크림은 크림이지만 뻑뻑하지 않고 답답하지 않아요.꾸덕한 그릭 요거트 제형인데 손으로 펴서 바르면 사르륵 부드럽게 잘 펴발라집니다.끈적임없고 겉도는 유분감도 거의없어서 아침에 사용해도 메이크업이 밀리지 않고 당김이 없어요.저녁에는 양을 조금 더 많이 발라주면 아침까지 촉촉 부들부들~겉돌지 않고 잘 흡수되서 세럼후에 이 크림으로 마무리해주면 촉촉하고 당기지 않네요~면세점에서 항상 구입하던 키엘인데 이제는 올리브영에서 구입하네요~"
"들숨에재력날숨에건강","트러블성","쿨톤","모공","민감성","5점만점에 5점","2024.12.10","지성에 좋아요","보습에 좋아요","자극없이 순해요","키엘에서도 유명한 바로 그 크림 키엘 울트라 페이셜 크림이 올리브영에 입점^^심지어 1일 특가~안살 이유가 없어서 바로 구입했어요.말이 필요없을만큼 대중적인 크림입니다.일단 용기가 콤팩트하고 가벼워서 자리 차지도 않하고 50ml 용기라도 여행갈때 그대로 가져가기에도 편합니다.키엘 울트라 크림은 크림이지만 뻑뻑하지 않고 답답하지 않아요.꾸덕한 그릭 요거트 제형인데 손으로 펴서 바르면 사르륵 부드럽게 잘 펴발라집니다.끈적임없고 겉도는 유분감도 거의없어서 아침에 사용해도 메이크업이 밀리지 않고 당김이 없어요.저녁에는 양을 조금 더 많이 발라주면 아침까지 촉촉 부들부들~겉돌지 않고 잘 흡수되서 세럼후에 이 크림으로 마무리해주면 촉촉하고 당기지 않네요~면세점에서 항상 구입하던 키엘인데 이제는 올리브영에서 구입하네요~"
"복복숭","민감성","모공","홍조","","5점만점에 5점","2025.03.04","지성에 좋아요","보습에 좋아요","자극없이 순해요","키엘 수분크림 예전부터 써보고싶었는데 기획세트 너무 좋아요 제형도 무겁지않고 발랐을때 엄청 촉촉해요수부지 피부인데 바르자마자 발림이 좋다고 느껴졌어요 수분감이 좋아요 지성 복합성이 쓰기 좋을거같아요!!"
"jieun****","","","","","5점만점에 3점","2025.09.14","복합성에 좋아요","진정에 좋아요","보통이에요","젤크림 구매했고수부지, 주사피부염 있는 개예민피부에요처음에 썼을 때 잘 맞는 거 같아서 다음날 오전에 세수하고 발랐는데 얼굴 후끈후끈햐지고 개빨개짐요..하 안 맞나봐요 비싼데;;"
"brenday****","","","","","5점만점에 5점","2025.09.12","지성에 좋아요","보습에 좋아요","자극없이 순해요","구성이 너무 알차서 아직 쓰고 있는 크림 있는데 또 쟁였습니다. 부드럽고 가벼운 제형이라 금방 흡수되고, 바르고 나면 피부가 촉촉해서 세 번 째 구매했어요."
"boggle****","","","","","5점만점에 5점","2025.09.11","복합성에 좋아요","보습에 좋아요","자극없이 순해요","왜 유명하고 가격이 나가는지 이해가 됨 진짜 너무 좋음 앞으로 이것만 쓸 듯. 얘 쓰면 피부가 진짜 건강해지는게 느껴짐"
"kjh234****","","","","","5점만점에 5점","2025.09.11","건성에 좋아요","보습에 좋아요","자극없이 순해요","엄마가 무조건 이것만 쓰시는데 건조함 잡는데 이것만 한게 없대요"
"tsumi****","","","","","5점만점에 5점","2025.09.10","건성에 좋아요","보습에 좋아요","보통이에요","바르자마자 피부결 좋아지는 수분크림키엘이 짱입니다 스테디셀러인 이유가 있음"
"sunspo****","","","","","5점만점에 5점","2025.09.09","건성에 좋아요","보습에 좋아요","자극없이 순해요","수분감이 좋아서 엄마도 잘 사용하시고 있어서 추석 선물로 구매했어요"
"no****","","","","","5점만점에 5점","2025.09.08","복합성에 좋아요","보습에 좋아요","자극없이 순해요","순하게 사용하기 좋은 키엘 제품이네요! 행시에 사은품까지 주니까 구매했는데 확실히 순하고 보습 좋아요"
"amylov****","","","","","5점만점에 5점","2025.09.07","복합성에 좋아요","진정에 좋아요","보통이에요","수부지 면세점 필수 구매템인데 출국할 일 당분간 없기도 하고 작은 용량 여행용으로 좋을거같아서 구매해썽요"
"o0linm****","","","","","5점만점에 5점","2025.09.05","복합성에 좋아요","진정에 좋아요","보통이에요","키엘 수분크림 순하고 좋습니다.가격에 비해 양이 아쉽지만 행사때 사서 잘 쓰고 있어요."
"shinkoos****","","","","","5점만점에 5점","2025.09.05","복합성에 좋아요","보습에 좋아요","자극없이 순해요","여러 수분크림 써봣는데 진짜 비교해봐도 엄청 순하고 좋아요 근데 전 지성이라 겨울에 샀으면 좋았을듯.."
"tyg****","","","","","5점만점에 5점","2025.09.04","복합성에 좋아요","진정에 좋아요","보통이에요","여행시에 작은 사이즈로 가지고 다니시라고 엄마 보내드림키엘 좋은거야 뭐"
"alswl****","","","","","5점만점에 2점","2025.09.03","건성에 좋아요","보습에 좋아요","자극없이 순해요","그 전에도 썼던 수분크림인데이번에 올영에서 시킨 제품은 용기 프린팅이 다 떨어집니다...쓰면서 찝찝한 기분이었어요"
"tovlf****","","","","","5점만점에 5점","2025.09.03","복합성에 좋아요","보습에 좋아요","보통이에요","컨디션안졸으면 따가움 텍스쳐는 진짜 좋음 건성은 여름용임"
"dlwns****","","","","","5점만점에 5점","2025.09.01","건성에 좋아요","보습에 좋아요","자극없이 순해요","예전에 면세점에서 구매하고 너무좋았던 기억이 있어서 구매했는데 끈적거림도 없고 괜찮네요"
"토낑이공쥬","","","","","5점만점에 4점","2025.08.22","복합성에 좋아요","보습에 좋아요","자극없이 순해요","생각보다 유분기가 돌아서 저한텐 안맞아요 ㅠㅠ 오히려 수분밤이 나아요"
"파르페먹고싶다","","","","","5점만점에 5점","2025.08.03","복합성에 좋아요","보습에 좋아요","자극없이 순해요","너무 좋아요ㅠㅠㅠ자극하나도 없이 순하고 보습하기 너무 좋습니다 완전 추천해요"
"Cos","","","","","5점만점에 5점","2025.08.02","복합성에 좋아요","보습에 좋아요","자극없이 순해요","피부결 좋아보이고 진정도 잘되고 최애 중 하나에요 이벤트 자주 해주면 좋겠어요"
"하림보","복합성","쿨톤","탄력","","5점만점에 5점","2025.06.03","건성에 좋아요","보습에 좋아요","자극없이 순해요","키엘이 보습에 좋은 것 같아요. 건성한테 추천입니다. 요즘에 올리브영에서 필요한 것들을 많이 팔다보니 너무 좋은 것 같습니다. 접근성이 쉬우니까 더 자주 들어가서 보게 되는 거 같아요. 제품들의 종류와 질 자체가 너무 좋아서 뒤도 안 돌아보고 믿고 삽니다. 다른 경쟁사들에 비해 신뢰도가 많이 올라가서 믿음을 갖고 살 수 있는 곳이 올리브영이 된 것 같아요. 올리브영이 항상 말하는 '건강한 아름다움'을 제 일상에서 추구하면서 살고 있는 거 같아요. 그 슬로건에 딱 맞는 제품들이 많아서 너무 좋습니다. 그리고 또한 포인트 적립도 너무 좋고 다른 사람들의 리뷰를 한번에 종합해서 볼 수 있는 것도 너무 좋은 것 같습니다. 건강한 아름다움을 유지하는 데에 큰 도움이 되어 리뷰를 남겨봅니다"
"복구","복합성","가을웜톤","모공","탄력","5점만점에 5점","2025.04.12","복합성에 좋아요","보습에 좋아요","자극없이 순해요","피부과에 다녀온 이후로 얼굴이 뒤집어지고 가라앉는 과정에서 가볍게 수분크림을 발라주고 보습크림을 발라주니 금방 가라앉았어요. 저는 복합성피부인데 단독으로 사용하기에는 좀 건조함을 느꼈어요. 날씨가 점점 따뜻해지고 더워질경우에는 단독으로 사용해도 괜찮을 것 같다는 생각을 했어요. 다른 수분크림에 비해 워낙 가벼운 제형이지만 그 가벼운제형이라 피부에 그대로 흡수되는 느낌이 들었어요."
"Ch0a","건성","","","","5점만점에 5점","2025.04.06","복합성에 좋아요","보습에 좋아요","자극없이 순해요","역시 유명한건 이유가 있네요정말 자극이 1도 없어서 바를때 아껴서 써요ㅠㅠ가격이 사악하지만 비싼이유를 알겠어요지금까지 많은 크림을 써봤고 특히나 저는 건성이라기초를 중요시하는데 극건성만 아니시라면 여름에도 산뜻하고 가볍게 수분 보충하기 좋아요진짜 엄청 가볍게 올라가고 당연히 끈적임도 없었어요가격 좀만 내려주세요ㅠㅠ그래도 미니 증정했을때 사서 기분이 좋습니당@"
"복구","복합성","가을웜톤","모공","탄력","5점만점에 5점","2025.04.03","복합성에 좋아요","보습에 좋아요","자극없이 순해요","피부가 한 번 확 뒤집어진 상태라 주변에서 좋다고 하는 키엘을 구매해서 샀습니다. 1. 피부가 너무 예민하거나 2. 피부가 뒤집어졌다가 조금 가라앉고 있는 시기이거나 3. 너무 건조한 시기(겨울, 습도가 너무 낮을때)는 아무리 수분크림이라고 해도 효과가 있진 않았어요. 그럼에도 불구하고 잔뜩 예민해도 따갑지는 않았어요.또 묽은 타입이지만 흡수시키면 그상태 그대로 흡수 되는 느낌이였어요."
"하림보","복합성","쿨톤","탄력","","5점만점에 5점","2025.03.13","건성에 좋아요","보습에 좋아요","자극없이 순해요","겨울에 건조를 잡아주는 얼굴 크림으로는 이게 좋은 것 같아요. 요즘에 올리브영에서 필요한 것들을 많이 팔다보니 너무 좋은 것 같습니다. 접근성이 쉬우니까 더 자주 들어가서 보게 되는 거 같아요. 제품들의 종류와 질 자체가 너무 좋아서 뒤도 안 돌아보고 믿고 삽니다. 다른 경쟁사들에 비해 신뢰도가 많이 올라가서 믿음을 갖고 살 수 있는 곳이 올리브영이 된 것 같아요. 올리브영이 항상 말하는 '건강한 아름다움'을 제 일상에서 추구하면서 살고 있는 거 같아요. 그 슬로건에 딱 맞는 제품들이 많아서 너무 좋습니다. 그리고 또한 포인트 적립도 너무 좋고 다른 사람들의 리뷰를 한번에 종합해서 볼 수 있는 것도 너무 좋은 것 같습니다. 건강한 아름다움을 유지하는 데에 큰 도움이 되어 리뷰를 남겨봅니다"
"복구","복합성","가을웜톤","모공","탄력","5점만점에 5점","2025.03.08","복합성에 좋아요","보습에 좋아요","자극없이 순해요","수분부족복합성피부고 속건조를 크게 느끼지 못하지만 피부과에서 세상 수분이 부족하다고 이야기해준 피부타입 입니다. 키엘 수분크림이 좋다좋다해서 기획상품을 사 본 후 얼마나 좋나 사용해봤는데 엄청 가볍고 묽은 재형인데 그 상태 그대로 흡수하더라구요~속건조가 심한 엄마가 생각이 나 바로 구매! 엄마도 묽은타입인데 그대로 흡수해서 촉촉해서 좋다고 만족하셨습니다."
"풀밭점심","","","","","5점만점에 5점","2025.05.22","건성에 좋아요","보습에 좋아요","자극없이 순해요","오랜만에 키엘 크림 다시 사봤는데 여전히 좋구요 스쿠알란 성분이 피지 조절에도 도움된다고 해서 기대 중이에요 ㅎㅎ"
"구핑","","","","","5점만점에 5점","2025.05.14","건성에 좋아요","보습에 좋아요","보통이에요","10년 전에 백화점에서 삿 키엘 수분 크림바를땐따가운 자극이 있었는데 확실히 제품이 업그레이드 되서인지 자극없이 피부 촉촉한 보습을 느낄수 있어서 좋네요!"
"김아짱","","","","","5점만점에 5점","2025.03.10","복합성에 좋아요","진정에 좋아요","자극없이 순해요","세일할때 저렴하게 잘 샀어용!!!> < 좋다고 해서 사봄🌼키엘 토너 쓰는중인데 크림 써보고 괜찮으면 갈아타야징!!"
"그햇살이나에게","","","","","5점만점에 1점","2024.12.06","건성에 좋아요","보습에 좋아요","자극없이 순해요","화장품 포장도 없이 본품만 덩그러니 왔네요병행수입인가요?"
"mk****","","","","","5점만점에 5점","2025.08.27","복합성에 좋아요","진정에 좋아요","보통이에요","친구 선물해줬는데 좋아해서 저도 좋았습니다. 세일도 하고 좀 더 저렴하게 구매했어요. 키엘 수분크림은 뭐 워낙 유명템!"
"hyejin****","","","","","5점만점에 5점","2025.08.10","건성에 좋아요","보습에 좋아요","자극없이 순해요","제가 진짜 건성인데 이 크림만 쓰면 피부가 너무 좋아요. 저한테 유수분밸런스가 완벽하게 맞는 제품인거 같아요"
"둠치칫","복합성","모공","민감성","","5점만점에 5점","2024.12.08","지성에 좋아요","진정에 좋아요","보통이에요","꽃잎토너도 그렇고 유명템이다보니 알고만 있었는데오특에 있길래 냅다 결제갈긴 제품이에요ㅎ생각보다 제형이 산뜻한데 보습감이 좋아서 놀랐고아침에 보니까 피부가 수분감을 잘 잡고 있어서어떤 느낌없이 편안하더라고용👍이래서(비싼건가)유명한가! 하면서 장바구니에 또 넣었어요🥰"
"치즈고냥이","","","","","5점만점에 5점","2025.05.14","건성에 좋아요","보습에 좋아요","자극없이 순해요","키엘 수분크림 워낙 유명해서 항상 사고싶었는데 가격이 좀 있어서 세일할때를 노렸어요!! 역시나 엄청 촉촉하고 발림성이 너무 좋아용 피부에 상관없이 모두가 쓰기 좋을것 같아요~"
"스룰루루","","","","","5점만점에 5점","2025.04.25","복합성에 좋아요","보습에 좋아요","자극없이 순해요","키엘 너무 궁금했는데 세일해서 잘 구매했어용 ! 샘플도 많이 줘서 넘 좋아요!!"
"인유리아","","","","","5점만점에 5점","2025.01.29","건성에 좋아요","보습에 좋아요","자극없이 순해요","수분크림이 뭘 발라도 건조한 느낌이 들어서 다시 키엘로 돌아왔습니다. 키엘에 바세린 살짝 섞어 발라도 좋네요. 극건성에 추천."
"15151","","","","","5점만점에 4점","2025.01.12","건성에 좋아요","보습에 좋아요","자극없이 순해요","수분 크림 재형인데 약간 막이 씌어지는 듯한느낌이랄까..뽀송한 마무리 감이 느껴져요"
"15151","","","","","5점만점에 5점","2024.12.09","건성에 좋아요","보습에 좋아요","자극없이 순해요","생각보다 크기가 더 작지만 이미 좋기로 유명한 제품이니 기대돼요"
"인유리아","","","","","5점만점에 5점","2024.12.02","건성에 좋아요","보습에 좋아요","자극없이 순해요","예전에 키엘 수분크림을 쓰다가 오랜만에 다시 구매해봤어요. 키엘은 수분크림 수분크림은 키엘"
"rhrnj****","","","","","5점만점에 5점","2025.05.13","복합성에 좋아요","진정에 좋아요","자극없이 순해요","올영 라이브에서 기분 좋게 구매한 키엘 수분크림. 주문 다음날 바로 배송 받았어요. 올영에서 키엘 주문은 처음인데, 세일까지 해서 기분 좋게 구매했습니다. 키엘 수분 크림은 복합성에 정말 너무 좋은것 같습니다. 촉촉하고 속건조를 잘 잡아줘요. 평소 사용해 보고 싶었던 토너랑 선크림이 샘플 구성으로 있어서 더 마음에 듭니다. 샘플로 같이 온 클렌징, 오일, 토너, 크림으로 키엘 세트로 기분 좋게 사용할께요. 앞으로도 세일 많이 해 주세요."
"ke****","","","","","5점만점에 5점","2024.12.16","건성에 좋아요","보습에 좋아요","자극없이 순해요","저번에 선크림 사면서 샘플로 받은 게 있어 써 봤는데 촉촉하고 건조함을 잡아줍니다. 가볍고 흡수력이 아주 좋습니다. 정가로 사기에 너무나 비싸서 쿠폰하고 마일리지, 세일 기간에 샀습니다. 그래도 여전히 비싸네요. 대용량이 출시 되었으면 좋겠습니다. 밀림 없이 잘 스며들어요."
"최예진","","","","","5점만점에 5점","2025.05.05","복합성에 좋아요","보습에 좋아요","자극없이 순해요","워낙 유명하길래 혹해서 구입해봤는데 촉촉하니 좋네요아쉬운점은 가격이 비싸요."
"최예진","","","","","5점만점에 4점","2025.03.28","복합성에 좋아요","진정에 좋아요","자극없이 순해요","모르고 오늘드림해서 증정품 21ml. 못받았는데아깝네요 수분크림은 촉촉하고 좋아요."
"bella****","","","","","5점만점에 5점","2025.08.31","복합성에 좋아요","보습에 좋아요","자극없이 순해요","크림이 마니 써봤는데 이건 지짠 인생그림이에요~~~~ 잘 쓰고 있어요"
"whf****","","","","","5점만점에 4점","2025.08.31","복합성에 좋아요","진정에 좋아요","보통이에요","겨울에 쓰는 수분크림으로 항상 쟁여놓는거 같아요 추천합니다"
"anive****","","","","","5점만점에 5점","2025.08.29","건성에 좋아요","보습에 좋아요","자극없이 순해요","순하고 촉촉하고 발림성이 부드러워서 좋아요 샘플많이줘서 좋아요"
"pktk****","","","","","5점만점에 5점","2025.08.27","건성에 좋아요","보습에 좋아요","보통이에요","지인이 쓰고있기에 샘플받아보아 써보니  좋아서 구매하게 되었습ㄴ다"
"dont****","","","","","5점만점에 5점","2025.08.18","복합성에 좋아요","보습에 좋아요","자극없이 순해요","말이 필요없는 최고의 보습 크림입니다 여름에도 잘 사용 중입니다"
"as81****","","","","","5점만점에 5점","2025.08.16","지성에 좋아요","보습에 좋아요","자극없이 순해요","크림이 아주 부드럽게 잘 발리고 피부에 잘 스며들고 보습도 아지 좋아요 지성피부인데 나쁘지않고 시간 좀 지나면 잘 흡수되요  50용량도 작긴 작네요 더 큰것도 있으면 좋겠어요 마음에 들어요 더 써보고 재구매 할 생각입니다~"
"0717che****","","","","","5점만점에 5점","2025.08.12","복합성에 좋아요","보습에 좋아요","자극없이 순해요","항상 쓰는 제품이에요!! 다음에도 재구매할 예정입니다~!!"
"rasua****","","","","","5점만점에 4점","2025.08.12","복합성에 좋아요","보습에 좋아요","자극없이 순해요","수분감이 많아서 촉촉하고 시간이 지나도 건조하지 않고 보습력이 오래가요"
"suj****","","","","","5점만점에 5점","2025.08.11","복합성에 좋아요","진정에 좋아요","보통이에요","샘플사용후 좋아서 올영에서 혜택이많아 구매했어요끈적이지않고 흡수가잘되고 수분감도 적당해요같이온 미니제품들도 잘사용하고있어요추천합니다"
"kath****","","","","","5점만점에 5점","2025.08.11","복합성에 좋아요","보습에 좋아요","자극없이 순해요","키엘 할인때 구입했어요.계속 사용하는 제품이라 만족합니다."
"sangku****","","","","","5점만점에 5점","2025.08.09","복합성에 좋아요","진정에 좋아요","보통이에요","수부지에 너무 좋아요 ㅎㅎ 통이 작아졌지만 용량은 그대로라던데,, 왜케 금방 쓰는 걸까요 ㅠㅋㅋ"
"dkffpr****","","","","","5점만점에 5점","2025.08.06","복합성에 좋아요","진정에 좋아요","보통이에요","극극극악 지성이라 여름엔 조금 무리인데 나머지 계절엔 이만한게 없어요"
"sja****","","","","","5점만점에 5점","2025.08.05","복합성에 좋아요","보습에 좋아요","자극없이 순해요","키엘 행사때 저렴하게 구매했는데 발림성도 괜찮고  촉촉해요"
"rlatnf****","","","","","5점만점에 5점","2025.08.05","복합성에 좋아요","진정에 좋아요","보통이에요","발림성 부드럽고 너무 기름지지도않고 완벽한 크림의 정석같달까"
"cks2****","","","","","5점만점에 5점","2025.08.04","지성에 좋아요","주름/미백에 좋아요","보통이에요","제형이 가볍고 스쿠알렌 고함량 크림이라는게 특징입니다."
"shinkoos****","","","","","5점만점에 5점","2025.08.02","지성에 좋아요","진정에 좋아요","자극없이 순해요","키엘 작은거 써보고 지성인데도 너무좋아서 바로 큰거로 구매.. 답답하지않고 트러블도 안나서 좋아요"
"rlaskdu****","","","","","5점만점에 5점","2025.08.02","복합성에 좋아요","진정에 좋아요","자극없이 순해요","선물로 줬는데 잘사용하네요~ 이거 보다 좀더 큰사이즈가있는데 여긴없네요 남자가 사용하기도 좋아요  여기제품 껀크림하고 잘사용하네요"
"fnzl****","","","","","5점만점에 5점","2025.07.24","건성에 좋아요","보습에 좋아요","자극없이 순해요","자극없고 피부장벽 약한분은 걍 사계절 내내 추천합니다만 ㅋㅅㅌㅋ가 더 쌉니다"