product_name,id,tag,tag 2,tag 3,tag 4,point_flag,point,date,txt,txt 2,txt 3,txt_inner
후시다인 후시드 크림,꼬북2,건성,여름쿨톤,미백,잡티,한달이상사용,5점만점에 5점,2024.11.04,복합성에 좋아요,진정에 좋아요,자극없이 순해요,일단 내용물 양이 넉넉해서 듬뿍 쓰기 좋았고 은은한 화장품향이라 호불호 없을듯. 피부에 자극도 딱히 없고 진득거리지 않아 얼굴부터 목까지 골고루 바를 수 있어서 좋았음!!연한 기미가 올라오는 것 같아서 예방차원에서 샀는데 안생겼으면..ㅠㅠ
후시다인 후시드 크림,꼬북2,건성,여름쿨톤,미백,잡티,,5점만점에 5점,2024.10.04,건성에 좋아요,주름/미백에 좋아요,자극없이 순해요,살짝 꾸덕한 제형이고 피부에 잘 스며듦. 적당량바르면 끈적함은 거의 없고 다크스팟 어느 부위에 발라도 상관없어서 좋음!향은 화장품향이 살짝 났고 머리아픈 정도는 아니었음.개인적으로 세럼처럼 부드럽게 발리는 걸 선호해서 살짝 아쉬웠음:)
후시다인 후시드 크림,찐찐리뷰어,건성,쿨톤,잡티,주름,,5점만점에 5점,2024.06.09,건성에 좋아요,주름/미백에 좋아요,자극없이 순해요,잡티에 효과가 있길 바라면서 상품평 보고 샀어요!!일단 제형은 연고랑 립밤 섞어놓은듯한 제형이고 발림성이나 흡수력은 좋습니다미끌거리거나 겉돌지 않아서 아침 메이크업 전 사용해도 괜찮았습니다!!매일 사용하곤 있는데 잡티는 조금 더 써봐야할 것 같아요건성 타입은 스킨 후 앰플 바른 후 사용하는 걸 추천!!
후시다인 후시드 크림,세일조아,트러블성,가을웜톤,모공,미백,한달이상사용,5점만점에 5점,2024.05.11,복합성에 좋아요,보습에 좋아요,자극없이 순해요,"아... 한창 크림유목민이던 시절 홀린듯이 구매했던 크림인데요..크림 한통 다쓰기 어려웠던 제가 꾸준히 사용하게 되어서 스스로도 신기했어요!일단 양조절이 편하고, 아침 저녁 모구 사용하기 좋다는 것이 큰 장점입니다. 화장밀림은 없으면서 보습력은 있어요!그리고 용기 부피도 양이 너무 작지도 않으면서 여행 갈때 등 휴대하기 부담없는 크기라 만족스러웠습니다!"
후시다인 후시드 크림,너굴리,건성,웜톤,모공,미백,한달이상사용,5점만점에 5점,2024.03.22,복합성에 좋아요,보습에 좋아요,자극없이 순해요,엄마랑 같이 쓰는데 엄마도 아주 만족한 제품이에요. 두 개 들어있어서 오랜만에 새걸 뜯었는데 소비기한도 넉넉하고 수분크림 이것저것 돌아가면서 사용하는 저에게는 딱이네요. 엄마랑 저 둘다 속건조가 심한데 이 제품은 속건조를 잘 잡아주는것 같아 만족스럽습니다.
후시다인 후시드 크림,너굴리,건성,웜톤,모공,미백,,5점만점에 4점,2024.02.01,복합성에 좋아요,주름/미백에 좋아요,자극없이 순해요,"아무래도 제약회사 화장품이다보니 후시딘같은 재생력이 있을것같은 느낌에 구매했어요. 후시딘이 연고이다보니 아무래도 좀 꾸덕한 제형을 기대했는데 생각보다 가벼운 느낌이에요. 보습보다는 미백, 주름개선에 중점을 둔 크림이라 아무래도 건조함이 금방 찾아오더라구요. 크게 미백 효과가 있는지는 조금 더 지켜봐야 할 것 같습니다."
후시다인 후시드 크림,키드에이,복합성,웜톤,각질,모공,,5점만점에 5점,2024.01.29,복합성에 좋아요,진정에 좋아요,자극없이 순해요,🤍 소중한 내얼굴 멀티크림 🤍요즘 툭하면 피부가 뒤집어지고 목의 탄력도 떨어지는 것 같아요.마치 닭살이 돋았는데 고정적이라고 해야하나 ?제가 얼굴만 신경쓰다보니 이제야 다른 피부에 신경쓰더라구요.일단 피부 트러블에 좋은 보습크림인데 집중케어보습크림인 것도 좋고 겉돌지 않은 마무리가 최고에요 !예전 리뉴얼버전과 비교해도 더 좋음 👋간소한 리뷰지만 도움 되셨다면 도움 꾹꾹 !
후시다인 후시드 크림,세일조아,트러블성,가을웜톤,모공,미백,,5점만점에 5점,2024.01.12,복합성에 좋아요,보습에 좋아요,자극없이 순해요,"보습력은 리치하게 있으면서도 무겁지 않고, 발림성이 좋아 화장 전에 슥슥 발라도 밀리지 않아 자주 사용하고 있어요.수부지분들도 건조함 없이 보습감을 챙기실 수 있을 것 같아요. 겨울마다 재구매 의사가 생길 것 같습니다!사실 잡티 out 문구를 보고 구매했는데, 그건 드라마틱한지는 모르겠지만, 피부 컨디션이 전체적으로 탄탄해 지는 것 같아 만족스러워요!"
후시다인 후시드 크림,예쁘게올영,,,,,,5점만점에 5점,2024.01.11,복합성에 좋아요,보습에 좋아요,자극없이 순해요,"홈쇼핑에서 본 적있었는데 오특에 떴더라고요홈쇼핑에어 그냥 지나쳤었는데 오특에서 보니 흔적에도 좋다고 .,요즘 피부트러블로 고민이 많아 이것저것 알아보다 평점이 높고 후기가 좋아 관심이 갔어요제형은 연고와 보습크림을 합쳐놓은듯한 느낌이네요  꾸준히 써봐야겠어요트러블로 인해 요즘 파티온노스카나인 제품라인으로 갈아탔는데 이제품도 도움이 될 것 같아요 요즘 제약회사에서 화장품이 많이 나오네요"
후시다인 후시드 크림,쇼당,복합성,웜톤,각질,모공,,5점만점에 5점,2025.05.28,복합성에 좋아요,진정에 좋아요,자극없이 순해요,자극없이 순하고 바르기 전에는 점성이 조금 있는편이지만 끈적이지는 않아서 보습에 효과적인 듯 합니다.  피부탄력에 정말 효과가 있는지는 잘 모르겠어요~제형이나 발림성 자체는 만족합니다.
후시다인 후시드 크림,사과꽃17,지성,겨울쿨톤,모공,미백,한달이상사용,5점만점에 4점,2024.03.29,복합성에 좋아요,주름/미백에 좋아요,보통이에요,기미 잡티가 연해지는지는 모르겠지만전체적으로 환해지는 효과가 있는 듯 하네요
후시다인 후시드 크림,사과꽃17,지성,겨울쿨톤,모공,미백,,5점만점에 4점,2024.02.28,복합성에 좋아요,진정에 좋아요,보통이에요,너무 좋아보여서 샀는데 아직 안 썼어요ㅎㅎㅎ후기가 좋으니까 효과있겠죠?
후시다인 후시드 크림,리브올리비아,건성,겨울쿨톤,잡티,주름,한달이상사용,5점만점에 4점,2023.12.13,건성에 좋아요,진정에 좋아요,자극없이 순해요,약간 얇~~게 풀 바른듯한 느낌으로 마무리됩니다. 건성피부가 겨울에 메인크림으로 바르기엔 보습력이 조금 부족하지만 이거바르고 도톰크림 덧발라주면 주름걱정 덜해요.
후시다인 후시드 크림,리브올리비아,,,,,,5점만점에 5점,2023.11.11,건성에 좋아요,보습에 좋아요,자극없이 순해요,원래 사용하던 제품인데 올리브영 라이브에서 저렴한 가격과 좋은 구성으로 판매하고 있길래 2세트 구매했습니다. 선착순 500명 안에 들어서 베개 커버도 받았네요.
후시다인 후시드 크림,k202405177****,지성,블랙헤드,트러블,,한달이상사용,5점만점에 5점,2025.06.28,지성에 좋아요,주름/미백에 좋아요,자극없이 순해요,딱히 큰 효과는 못 본 것 같음. 근데 끈적임이 없어서 밤에 바르고 자면 좋음
후시다인 후시드 크림,snfori,,,,,,5점만점에 5점,2024.10.12,복합성에 좋아요,진정에 좋아요,보통이에요,잡티에좋은거며꾸준히쓰겠습니다~^^잡티없이꾸준히바르고효과잇으면또구매하려고합니다~^^
후시다인 후시드 크림,profitji,복합성,웜톤,미백,블랙헤드,,5점만점에 5점,2023.10.17,건성에 좋아요,주름/미백에 좋아요,자극없이 순해요,요즘  피부가 너무 건조해졌는데 스킨케어 마지막단계에서 듬뿍발랐더니 건조하지않았어요용량이 좀 작긴하지만 더블기획으로 행사해서 잘 산것같아요주름개선과 미백기능성 성분도 들어있는데 꾸준히 써서 효과보고싶네요
후시다인 후시드 크림,clubj****,,,,,,5점만점에 4점,2023.10.18,복합성에 좋아요,주름/미백에 좋아요,자극없이 순해요,눈 주변 자극없이 순하다유분감없이 피부에 밀착된다메이컵할때 밀리거나 뜨지 않는다
후시다인 후시드 크림,chichiii,,,,,,5점만점에 5점,2023.10.04,복합성에 좋아요,주름/미백에 좋아요,자극없이 순해요,2개 구성이여서 오래 쓸 수 있을 것 같네요!꾸준히 발라볼게요!
후시다인 후시드 크림,몽집사,,,,,,5점만점에 5점,2024.06.08,건성에 좋아요,보습에 좋아요,자극없이 순해요,아토피가 있어 안 맞는걸 바르며 엄청 간지러워서 피날 정도로 긁기도하고 건조해서 버즘도 필때도 있는데 여드름도 좀 나는 복합성 예민 피부입니다.목이랑 팔이 젤 심한데 세일하길래 그래도 후시딘 약 유명하니까 기존 쓰는거랑 섞어서 써보려고 구매했어요.일단 합격!  샘플 팔에 발랐다가 밤새 긁으면서 잤는지 피딱지 앉았는데 이거 발랐더니 하루만에 재생이 꽤 됬더라고요. 기대 전혀안했는데 기대이상이라 놀람.재형은 요즘 이니스프리 비자크림인가? 그거랑 비슷해서 약간 투명한데 쓱 잘 발리고 흡수 빨라요. 순한지 따갑거나 하지 않았구요.성분 좋고 화장전 많이 발라도 밀림없고 피부에 겉돌지않아서 좋더라고요.유분감 없긴한데 부담되시는분들은 재생 필요한 부분만 도포해서 사용하면 좋을것같아요.전 1+1이라 목이랑 팔에 듬뿍 발라주는 중입니다.다쓰면 재구매 할 예정입니다전 계속 사용할 예정입니다.
후시다인 후시드 크림,키로네,지성,가을웜톤,각질,모공,한달이상사용,5점만점에 5점,2024.02.12,지성에 좋아요,진정에 좋아요,자극없이 순해요,"지성피부라 유분감 많은제품 잘못쓰면 흡수못하고 트러블 바로올라오고 가렵고한데 요건 겨울용 피부보습으로 짱좋아요!지성인데도 듬뿍바르고 자면 흡수가되고 여드름이나 뾰루지 진정, 회복에도 좋습니다! 이미 3통째 사용중인 제품이라 강력추천드려용:)"
후시다인 후시드 크림,키로네,지성,가을웜톤,각질,모공,,5점만점에 5점,2024.01.13,복합성에 좋아요,진정에 좋아요,자극없이 순해요,"너무좋아요! 지성이라 너무 리치한 크림 잘못쓰면 트러블로 난리나는데 제피부에 딱맞는 제품찾아서 너무 행복해요!지금 3통째 쓰고있고 쟁임용으로 구입했어요~보습력, 진정용으로 탁월하고 끈적임없이 쫀쫀하게 피부에 스며드는편입니다~ 여드름 압출후 케어용으로도 좋고 올인원으로 여행때 요거하나만 챙겨가면 끝! 추천합니다:)"
후시다인 후시드 크림,우쮸니,민감성,쿨톤,각질,다크서클,,5점만점에 5점,2023.10.25,건성에 좋아요,주름/미백에 좋아요,자극없이 순해요,기대 이상 제품얼굴이 너무 건조해서 까칠까칠 입주위가 각질이 올라오고 있었는데요 바르니까 자극도 없이 촉촉하게 얼굴이 톤이 균일해졌어요 환해졌어요 그리고 크림이 나오는 입구가 뾰족해서 아이크림처럼 부위별로 양조절 해가며 바를 수 있어서 좋았어요 꾸준히 발라볼게요 건성인분들에게 추천합니다
후시다인 후시드 크림,초코초꼬,민감성,봄웜톤,모공,민감성,,5점만점에 5점,2024.12.12,복합성에 좋아요,보습에 좋아요,자극없이 순해요,후시딘처럼 생긴게 신기해서 구매해봤어요보습에 좋네요민감한 저에게도 잘 맞았어요
후시다인 후시드 크림,핑크체리,,,,,한달이상사용,5점만점에 4점,2024.03.26,복합성에 좋아요,보습에 좋아요,자극없이 순해요,크림 처음 써봤는데 화장품 향기가 진해서 할머니 드렸더니 할머니가 완전 잘 쓰고 계세요♡
후시다인 후시드 크림,핑크체리,,,,,,5점만점에 5점,2024.02.19,복합성에 좋아요,보습에 좋아요,자극없이 순해요,후시다인에서 크림을 구매하였어요! 1+1이라 더욱 좋았구요!! 꾸준히 써서 좋은 효과를 보도록 하겠습니당
후시다인 후시드 크림,tnwjd12,건성,봄웜톤,다크서클,미백,,5점만점에 5점,2023.12.09,건성에 좋아요,주름/미백에 좋아요,자극없이 순해요,반투명한 겔 제형이라 부드럽게 잘 발리고 자극도 크게 못 느꼈어요. 저녁에 자기전에 스킨케어를 다 하고 그 위에 죽은깨가 신경쓰이는곳에 슬리핑팩처럼 두툼하게 올리고 자면 다음날 조금 환해진거같은 느낌이 들더라고요. 매일 쓰지는 않았지만 일주일에 1-2회 꾸준히 그런 방법으로 쓰다보니까 요즘은 피부 화장할 때 죽은깨가 크게 눈에 거슬리지 않고 조금 옅어진거같아요
후시다인 후시드 크림,posey666,,,,,,5점만점에 5점,2024.04.04,건성에 좋아요,진정에 좋아요,자극없이 순해요,환절기라 건조하고 예민해진 피부에 사용하려고 구매했는데 제게는 잘 맞는 제품입니다. 쫀쫀한듯 촉촉하게 발리지만 흡수가 빨라 번들거리지 않아요. 아침에 바르고 메이크업하면 퇴근할때까지 얼굴에 촉촉함이 남아있어요.
후시다인 후시드 크림,enz,,,,,,5점만점에 5점,2023.11.06,복합성에 좋아요,진정에 좋아요,자극없이 순해요,아직 발라보기 전이애요.양 충분해 보여서 좋네요.주름과 탄력 개선에 효과 봤으면 좋겠어요.
후시다인 후시드 크림,jack****,,,,,한달이상사용,5점만점에 5점,2025.06.18,건성에 좋아요,보습에 좋아요,자극없이 순해요,유분기를 잡아줘서 하루 종일 뽀송해요. 번들거리지 않아요 추천 드려요 ㅎㅎ!!
후시다인 후시드 크림,dlvrhk****,,,,,한달이상사용,5점만점에 3점,2024.01.17,복합성에 좋아요,주름/미백에 좋아요,보통이에요,주름 미백에 좋다해서 열심히 발라봤는데 아직 잘 모르겠어용 ㅎㅎ..
후시다인 후시드 크림,dlvrhk****,,,,,,5점만점에 5점,2023.12.02,지성에 좋아요,주름/미백에 좋아요,자극없이 순해요,연고도 늘 후시딘을 써왔는데 크림이 있대서 바로 구매해봤어요..! 나온지는 꽤 된 것 같은데 이번에 알게됐어요. 제형은 약간 꾸덕한 크림이고 겨울인데 발라도 건조하지 않아요. 3주 정도 썼는데 좋은 것 같아요.
후시다인 후시드 크림,k202306133****,,,,,,5점만점에 3점,2024.02.28,복합성에 좋아요,주름/미백에 좋아요,보통이에요,1️⃣냄새냄새난다는 리뷰가 꽤 있어서 걱정됐는데 독특한 냄새가 나는건 맞지만 저한테는 크게 신경 안쓰였어요. 자고일어나면 냄새 다 사라져요2️⃣ 효과주름이랑 미백효과 있다고 했는데 사실 효과 못봤어요..그런데 이거 바르고나서부터 얼굴에 자꾸 뭐가 나기 시작했어요ㅠㅠ3️⃣ 발림성약간 묽은 연고 바르는 느낌이에요 약간 기름진느낌나요🌟총평🌟기대가 커서그랬는지 생각보다 많이 별로였어요ㅠㅠ 주름미백효과는 잘 모르겠고 피부가 더 나빠졌어요..
후시다인 후시드 크림,올영프로,,,,,한달이상사용,5점만점에 1점,2025.03.29,건성에 좋아요,보습에 좋아요,자극없이 순해요,후시딘 브랜드에서 크림이 나온 것 같아서 1번 구매해 보았습니다. 굉장히 꾸덕꾸덕하게 되어 있구요. 발림성이 아주 좋지는 않습니다. 얼굴 전체 발라야 할지 일부에만 발라야 할지 고민이 되기는 합니다. 여름에는 바르기 어려울 것 같아요.
후시다인 후시드 크림,kac****,,,,,,5점만점에 4점,2024.10.06,복합성에 좋아요,진정에 좋아요,보통이에요,아직까지는 효과는 잘 모르겠어요발림성이 좋아서 꾸준히 사용해볼라구요!
후시다인 후시드 크림,hopang****,,,,,한달이상사용,5점만점에 5점,2024.08.10,복합성에 좋아요,진정에 좋아요,보통이에요,여러가지 상품들 사용해보는데 더 묵직하고 쫀쫀한 느낌이에요 여름에는 살짝..
후시다인 후시드 크림,sona****,,,,,한달이상사용,5점만점에 5점,2024.08.05,복합성에 좋아요,보습에 좋아요,자극없이 순해요,열심히 쓰고 있는데 진짜 연고를 연하게 바르는 느낌입니다. 드라마틱한 효과는 모르겠는데 안바르는거 보다는 바른게 다음날 피부가 매끈? 화사? 느낌이 좀 있어요.
후시다인 후시드 크림,hopang****,,,,,,5점만점에 5점,2024.07.06,복합성에 좋아요,보습에 좋아요,자극없이 순해요,발림성이 좋아 엄청 자주 구매하고 있습니다 널리 소문내고 있어요 효과 기대중
후시다인 후시드 크림,sona****,,,,,,5점만점에 5점,2024.06.17,복합성에 좋아요,주름/미백에 좋아요,자극없이 순해요,약하게 오일감이 느껴지는 밤 느낌의 크림인데 입구가 좁아 양조절 편한거 좋고 다 바른 뒤에 생각보다 덜 끈적이면서 당김없고 묘하네요! 열씸 써볼께요.
후시다인 후시드 크림,jychu****,,,,,,5점만점에 4점,2024.05.31,복합성에 좋아요,주름/미백에 좋아요,자극없이 순해요,이 제품을 얼굴에 바르면 피부톤이 밝아지는 걸 느낄수 있어요!!
후시다인 후시드 크림,xp****,,,,,,5점만점에 5점,2024.05.27,건성에 좋아요,보습에 좋아요,자극없이 순해요,좋습니다.바르면 살짝 따갑긴한데트러블없이 좋은것 같습니다
후시다인 후시드 크림,wlwlls2l****,,,,,한달이상사용,5점만점에 4점,2024.05.09,복합성에 좋아요,주름/미백에 좋아요,자극없이 순해요,꾸준히 써서 효과가 있으면좋겠네요자극없이 순하고 사용하기엔 좋네요
후시다인 후시드 크림,wlwlls2l****,,,,,,5점만점에 5점,2024.04.05,복합성에 좋아요,주름/미백에 좋아요,자극없이 순해요,자극없이 순하고 미백 주름에도움이 된다고하니 꾸준히 써볼께요부드럽게 발리고흡수도 좋아요
후시다인 후시드 크림,vi****,,,,,한달이상사용,5점만점에 3점,2024.03.26,복합성에 좋아요,진정에 좋아요,보통이에요,효과가있는건지 잘 모르겠네여 뾰루지나는거 같고 뭔가 별루인거같음
후시다인 후시드 크림,ssom****,,,,,,5점만점에 5점,2024.03.01,건성에 좋아요,보습에 좋아요,자극없이 순해요,입구가 좁아서 얼굴에 직접 짜서 사용하기에 편하네요!아직 사용한지 얼마 되지 않아서 꾸준히 써볼게요~
후시다인 후시드 크림,vi****,,,,,,5점만점에 3점,2024.02.23,복합성에 좋아요,진정에 좋아요,보통이에요,유툽 보고 구매해봤는대 효과가 어떨지는 잘 모르겠지만 기대중~~~
후시다인 후시드 크림,msk197****,,,,,,5점만점에 5점,2024.02.05,지성에 좋아요,주름/미백에 좋아요,자극이 느껴져요,저렴하게 구매해서 좋아요 피부가 좋아지는 느낌 ㅎㅎㅎ좋어요
후시다인 후시드 크림,shdm****,,,,,,5점만점에 5점,2024.01.14,복합성에 좋아요,주름/미백에 좋아요,자극없이 순해요,제가 비타민c가 안맞는 피분데 후시드크림은 발라도 뽀류지도 안나고 촉촉해서 너무 좋아여^^
후시다인 후시드 크림,jmh****,,,,,,5점만점에 3점,2024.01.14,복합성에 좋아요,진정에 좋아요,보통이에요,향에 민감한 편인데 향이 너무 안 맞아요. 크림 자체는 괜찮은데 향 때문에 아쉽네요. 무향이면 더 좋을 것 같아요.   향 때문에 저는 못 쓸 것 같아 다른 사람 줬어요.
후시다인 후시드 크림,joyya****,,,,,,5점만점에 5점,2023.12.24,복합성에 좋아요,주름/미백에 좋아요,자극없이 순해요,제형이 두껍지 않고 얇고 촉촉해서 좋아요아침 저녁으로 기초 후 발라주고있어요
후시다인 후시드 크림,뭉이꼬순내,중성,여름쿨톤,다크서클,블랙헤드,,5점만점에 5점,2024.07.08,복합성에 좋아요,진정에 좋아요,보통이에요,지인에게 선물해드렸어요! 좋아하셔서 다행이에요ㅎㅎ 배송도 빨랐어요
후시다인 후시드 크림,올영다람지,민감성,겨울쿨톤,민감성,홍조,한달이상사용,5점만점에 3점,2024.03.29,건성에 좋아요,보습에 좋아요,보통이에요,피부에 유분기있으면 좁쌀올라오는 피부는 안맞고 훨씬 건성인사람이 썼을때 더 잘맞는것같아요.일단저는 피부가 간지러워서 저보다 더 건성인 사람한테 줬더니 잘쓰더라구욥...
후시다인 후시드 크림,이거이거,건성,웜톤,각질,모공,,5점만점에 5점,2024.01.20,건성에 좋아요,보습에 좋아요,자극없이 순해요,와.. 처음 바르고 바로 효과가 느껴지긴 해요피부결이 너무 좋았거든요?그런데 바르고 난 후부터 이마에 조금씩 뭐가 나는데컨디션때문인지느 ㄴ모르겠네요제품 자체가 좋은 것 같긴해요더 사용해봐야 알것같지만 ㅎㅎㅎ
후시다인 후시드 크림,suga82****,,,,,,5점만점에 5점,2024.01.10,건성에 좋아요,보습에 좋아요,자극없이 순해요,마치 유명한 상처치료제 후시딘 같은 외형에 끌러서 첫주문해봅니다 주름 미백에 좋다해서  구매한건데  약간 오일리한 느낌이 밤에 자기전 수면팩처럼 쓰면 좋을것같아요 담날 화장 잘 먹을듯..향은 진하진 않지만 약간 있는데 꽃향기이런건아니고 좀익숙해지기까지 호불호는 있을것같네요 역하거나 그렇지는않는데 상큼하거나 그런향은 또 아니고 🤔..  무향 선호하는저는 향이 느껴져서 다소 아쉬운부분입니다
후시다인 후시드 크림,올영다람지,복합성,겨울쿨톤,모공,민감성,,5점만점에 4점,2023.11.30,건성에 좋아요,보습에 좋아요,자극없이 순해요,젤크림제형인데 생각보다 더 유분감이 있어요 요새 건조한편인데도 살짝 피지가 올라와서 아쉽
후시다인 후시드 크림,텐몽,,,,,,5점만점에 3점,2024.03.20,복합성에 좋아요,보습에 좋아요,보통이에요,효과가 눈에 띄게 좋치는 않았고 그냥 보습크림 느낌?그냥 그랬습니당 재구매는 안할거 같애요
후시다인 후시드 크림,도와줘요뽀빠이,복합성,웜톤,모공,블랙헤드,한달이상사용,5점만점에 5점,2024.01.26,건성에 좋아요,보습에 좋아요,자극없이 순해요,재구매하려고 알아보던 중에 마침 할인 하길래 맹큼 구매했어요 기본에 충실한 제품인것 같아요
후시다인 후시드 크림,도와줘요뽀빠이,복합성,웜톤,모공,블랙헤드,,5점만점에 4점,2023.12.25,건성에 좋아요,보습에 좋아요,자극없이 순해요,꾸준히 사용하던건데 올영에서 저렴하게 구매할 수 있어서 좋아요
후시다인 후시드 크림,orang****,,,,,한달이상사용,5점만점에 5점,2024.04.09,건성에 좋아요,보습에 좋아요,자극없이 순해요,언니가 줘서 사용해봤는데  이제품은  타 화장품에서 좋다는것  그 이상으로 좋은것 같아요~~ 처음은 어? 연고 같으네 싶었는데  바르다 보니 좋아서 엄마도 사용중인데 역시나  좋다고 제가  보기에도 엄마의 피부가 한결 더 좋아 보이는 ㅋㅋ느낌입니다
후시다인 후시드 크림,orang****,,,,,,5점만점에 5점,2024.03.04,복합성에 좋아요,보습에 좋아요,자극없이 순해요,좋다는  소문이 많아서 일반 쇼핑몰서 구입하다가  간만에  본  올리브영에  있더라구요~~~세일때 사서  저렴하게 2개의 제품을 득템하니 좋군요~~^^ 마치 연고를 바르는 기분이지만 어느 사이에 쏙~~스며들어 있구요~~품절 되기전에 잘 구매해서 좋아요 ㅋ
후시다인 후시드 크림,k202405177****,지성,블랙헤드,트러블,,,5점만점에 5점,2025.04.11,지성에 좋아요,보습에 좋아요,자극없이 순해요,개기름끼는 지성인데 바르고 자면 아침에 크게 끈적이지 않아서 좋음. 무난한 듯.
후시다인 후시드 크림,pppp****,복합성,웜톤,민감성,잡티,한달이상사용,5점만점에 5점,2024.05.03,복합성에 좋아요,진정에 좋아요,보통이에요,저는 수분 크림 바르고 그 위에 이거 얹어주는데 되게 안색 밝아진거같아요
후시다인 후시드 크림,pppp****,복합성,웜톤,민감성,잡티,,5점만점에 5점,2024.03.22,복합성에 좋아요,진정에 좋아요,보통이에요,"진짜 좀 밝아 지는거 같기도하고,,, 처음부터 바르지 말고 얹는 용도로 좋아요"
후시다인 후시드 크림,kyeseul****,복합성,여름쿨톤,미백,잡티,,5점만점에 5점,2024.01.07,복합성에 좋아요,진정에 좋아요,보통이에요,잡티에 미백효과 기대하고 구매했어요 ㅎㅎ 보습력 있고 좋아요
후시다인 후시드 크림,ryeo****,복합성,쿨톤,각질,잡티,,5점만점에 5점,2023.12.21,복합성에 좋아요,보습에 좋아요,자극없이 순해요,이거 밤에 나이트케어용으로 자기전에 발라주는데다음날에 피부가 너무 보들거리고 좋아요!!!신기신기
후시다인 후시드 크림,been콩,,,,,,5점만점에 4점,2024.12.01,건성에 좋아요,주름/미백에 좋아요,자극없이 순해요,요즘 기미가 계속 생겨서 구매했었는데 기미가 옅어지거나 그러진 않아요..그래도 기미가 더 짙어지지 않아서 계속 사용중입니다.
후시다인 후시드 크림,k202306133****,,,,,한달이상사용,5점만점에 2점,2024.03.31,복합성에 좋아요,주름/미백에 좋아요,보통이에요,기대를 많이 했었는데 사실 생각보다 효과는 잘 모르겠어요. 1+1이라 아까워서 쓰고는 있는데 사실 보습도 좋지 않고 이거 쓰고 잡티가 더 많이 생겼어요
후시다인 후시드 크림,oolivee,,,,,한달이상사용,5점만점에 5점,2023.12.11,건성에 좋아요,보습에 좋아요,자극없이 순해요,리치한 제형이에요 겨울에 사용하기 더 좋은거같고요 효과는 모르겠어요
후시다인 후시드 크림,oolivee,,,,,,5점만점에 5점,2023.10.18,건성에 좋아요,보습에 좋아요,자극없이 순해요,궁금한 제품이라 구매해봤어요 생각보다 리치해서 촉촉하네요 괜찮은거같아요
후시다인 후시드 크림,올영프로,,,,,,5점만점에 4점,2025.02.22,복합성에 좋아요,진정에 좋아요,보통이에요,후시딘 연고처럼 너무 꾸덕해서 잘 안발려요 딱 후시딘 생각 나고 촉촉 합니다. 쪼끔 오일리 해요.
후시다인 후시드 크림,리앙이,,,,,한달이상사용,5점만점에 3점,2024.07.04,건성에 좋아요,보습에 좋아요,보통이에요,진짜 꾸덕해요 후시딘보다 약간 덜 꾸덕한 정도? 얼굴에 바르기 기분나쁠 정도예요 ㅠ 산거 후회돼요..
후시다인 후시드 크림,리앙이,,,,,,5점만점에 5점,2024.03.19,건성에 좋아요,주름/미백에 좋아요,보통이에요,일단 향은 시트러스 계열로 제 취향이었구요!디자인이 예뻐서 사봤는데 생각보다 덜 꾸덕해서 좋았습니다 (후시딘만큼 꾸덕할줄 알았어요) 그래도 꾸덕하긴 해요...다만 광고만큼의 미백 효과는... 없는 것 같아요 허허
후시다인 후시드 크림,Millie,,,,,한달이상사용,5점만점에 5점,2023.12.16,복합성에 좋아요,주름/미백에 좋아요,자극없이 순해요,바르고 자고 일어니면 피부에 윤기가 돌아요 좋아요 양도 많아서 아직도 한통 다 못 썼네요!
후시다인 후시드 크림,채채1,,,,,,5점만점에 5점,2023.11.16,복합성에 좋아요,진정에 좋아요,자극없이 순해요,"저는  깊은주름에 효가 있는거 같아서, 주름부위에 집중적으로 사용해요."
후시다인 후시드 크림,Millie,,,,,,5점만점에 5점,2023.11.09,복합성에 좋아요,주름/미백에 좋아요,자극없이 순해요,피부에 자극 없이 순하고 얼굴에 기름지는걸 싫어해서 세럼만 발랐다가 잡티가 고민이라 샀는데 한번 발랐는데 톤이 밝아진걸 느꼈고 보송한 느낌이라 좋아요
후시다인 후시드 크림,유리구술술술,,,,,한달이상사용,5점만점에 3점,2024.10.03,복합성에 좋아요,보습에 좋아요,자극없이 순해요,매일 밤마다 꾸준히 발라줬는데 효과를 거의 못봤어요.....
후시다인 후시드 크림,이송강,,,,,한달이상사용,5점만점에 5점,2024.10.01,건성에 좋아요,보습에 좋아요,자극없이 순해요,되게 꾸덕하고 향이 좋아서 바르기 좋아요!엄청난 효과가 있는지는 모르겠는데 나쁘지 않습니다!
후시다인 후시드 크림,이송강,,,,,,5점만점에 3점,2024.08.31,건성에 좋아요,보습에 좋아요,자극없이 순해요,향도 좋고 보습에 좋아요건성분들이 쓰기에 좋은 듯합니다!!
후시다인 후시드 크림,유리구술술술,,,,,,5점만점에 4점,2024.08.24,복합성에 좋아요,주름/미백에 좋아요,보통이에요,꾸준히 쓰고 있는데 효과는 아직 잘 모르겠엉요. 좀 더 꾸준히 써봐야 알 것 갘습니다
후시다인 후시드 크림,오싫모,건성,여름쿨톤,각질,모공,재구매,5점만점에 5점,2024.03.22,건성에 좋아요,주름/미백에 좋아요,보통이에요,자극없이 순하고 좋아요. 밤에 발라주고 다음날 세수하면 피부가 보들거리는 느낌이에요
후시다인 후시드 크림,오싫모,건성,여름쿨톤,각질,모공,한달이상사용,5점만점에 5점,2024.03.22,건성에 좋아요,주름/미백에 좋아요,자극없이 순해요,제형은 라이트한 후시딘 느낌이에요.드라마틱한 효과는 없는데 바르고 다음날 세수할 때 피부가 보들거리는 느낌은 있어요
후시다인 후시드 크림,jiahn0109,,,,,한달이상사용,5점만점에 5점,2024.02.21,건성에 좋아요,진정에 좋아요,자극없이 순해요,여드름흉터나 피부고민이 많아서 그냥 한번 사봤는데 생각보다 잘 쓰고있어요연고보다는 가볍고 크림보다는 무거운 제형인데자기전에 바르고 다음날에 피부결이 개선된느낌을 받았어요.
후시다인 후시드 크림,오싫모,건성,여름쿨톤,각질,모공,재구매,5점만점에 5점,2024.02.12,건성에 좋아요,보습에 좋아요,자극없이 순해요,바르고 다음날 일어나면 피부가 좀 보들보들해지는 느낌이라 재구매했습니다.
후시다인 후시드 크림,ASDFGHJKLMN,,,,,한달이상사용,5점만점에 4점,2024.02.05,복합성에 좋아요,보습에 좋아요,보통이에요,냄새는 포근한 크림 냄새고 엄청 꾸덕해요 보습용으로 쓰기 좋은 것 같아요
후시다인 후시드 크림,ASDFGHJKLMN,,,,,,5점만점에 5점,2024.01.04,복합성에 좋아요,보습에 좋아요,자극없이 순해요,꾸덕한 제형으로 보습에 좋은 제품이고 향도 포근하고 좋아요
후시다인 후시드 크림,jiahn0109,,,,,,5점만점에 5점,2023.12.14,건성에 좋아요,진정에 좋아요,자극없이 순해요,스킨케어 맨 마지막 단계에 바르는데요거 쓰고나서 좁쌀올라오는게 많이 줄었어요.(식단도 있겠디만!)연고냄새가 나긴하는데 거슬릴정도는 아니구 괜찮아요.생각보다 흡수가 빠르긴한데 나이트용으로만 사용해야될거같아요
후시다인 후시드 크림,hay****,,,,,,5점만점에 5점,2024.05.14,건성에 좋아요,주름/미백에 좋아요,보통이에요,꾸준히 쓰면 확실히 효과 좋은 거 같아요! 매일 아침 저녁으로 사용하고 있고 피부 개선 되는 거 같아서 너무 만족스럽습니당~
후시다인 후시드 크림,fuma****,,,,,,5점만점에 5점,2024.02.20,건성에 좋아요,보습에 좋아요,자극없이 순해요,정말 잘 쓰고 있어요 쓰고나서 피부가 조금은 밝아졌습니다 좋아요
후시다인 후시드 크림,dhrrhkfl****,,,,,,5점만점에 3점,2024.02.06,건성에 좋아요,보습에 좋아요,보통이에요,더 써봐야 알겠지만 보습감은 좋은듯해요 기미에도 좋길 바래보며
후시다인 후시드 크림,suga82****,,,,,재구매,5점만점에 5점,2024.01.22,복합성에 좋아요,주름/미백에 좋아요,자극없이 순해요,여드름 과  블랙해드  생기기  시작하는  아들램 에게  구매해주었습니다  이쁜 피부  지킬수있기를  바랍니다
후시다인 후시드 크림,jh****,,,,,,5점만점에 5점,2024.09.18,복합성에 좋아요,진정에 좋아요,자극없이 순해요,거뭇거뭇 으로 변할 만한 곳에 듬뿍 몇일 바르고 잤는데티 안나게 금방 원랴 피부색 됐음
후시다인 후시드 크림,jha****,,,,,,5점만점에 5점,2024.09.02,복합성에 좋아요,보습에 좋아요,자극없이 순해요,저 이거 지인한테 추천받고 지금까지 열통 넘게 썼어요 이거 진짜 너무 좋고 피부 장벽부터 튼튼해지는 느낌? 올해 30돼서 써마지 하러 신사유명 대형 피부과갔는데 저보거 피부 너무 좋다고 해서 기분 좋았는데 이거 쓴 덕분인거 같아요ㅎㅎ
후시다인 후시드 크림,lj****,,,,,,5점만점에 5점,2024.08.12,건성에 좋아요,보습에 좋아요,자극없이 순해요,늘 사용중인데 아주 좋은거같아요 추천합니다 👍 😎 ✨️
후시다인 후시드 크림,noma****,,,,,,5점만점에 5점,2024.08.01,복합성에 좋아요,주름/미백에 좋아요,자극없이 순해요,열심히써 볼께요....친정아빠는 꾸준히바르시니 효과가 있으신듯...
후시다인 후시드 크림,jychu****,,,,,한달이상사용,5점만점에 4점,2024.07.04,복합성에 좋아요,주름/미백에 좋아요,자극없이 순해요,"부드럽게 잘 발리고 향이 없어서 호불호 없어요~ 아침,저녁으로 바르면 톤업 효과 있어요!"
후시다인 후시드 크림,dkrkdk****,,,,,,5점만점에 4점,2024.06.09,건성에 좋아요,보습에 좋아요,보통이에요,극건성인 저에겐 밤에 바르기에는 약간 건조해요두툼하게 바르고 자야 할거같아요
후시다인 후시드 크림,mijin****,,,,,,5점만점에 3점,2024.05.19,건성에 좋아요,보습에 좋아요,보통이에요,잡티랑 기미 잡아주고 미백에 도움 준다고 해서 구매했는데 엄마가 한달 이상 바르신거 같은데 별료 효과 없다고 하시네요 ㅠㅠ 재구매 의사 없습니다
후시다인 후시드 크림,gin****,,,,,,5점만점에 5점,2024.04.13,복합성에 좋아요,보습에 좋아요,자극없이 순해요,아버지 피부타입이 건성으로 바뀌면서 보습을 많이 찾으세요 그래서 사드렸는데 좋다고 또 사달라고 하세요
후시다인 후시드 크림,chanmi****,,,,,한달이상사용,5점만점에 2점,2024.04.05,복합성에 좋아요,주름/미백에 좋아요,보통이에요,제약회사에서 만들엇다길래 기대햇는데ㅠㅠ 실망입니당ㅠㅠ
후시다인 후시드 크림,jr****,,,,,,5점만점에 5점,2024.03.20,복합성에 좋아요,주름/미백에 좋아요,자극없이 순해요,주름 미백에 골고루 펴서 잘 바르고 있어요.느낌 일수도 있겠지만 조금은 깨끗해진 것 같아요.
후시다인 후시드 크림,hyun88****,,,,,재구매,5점만점에 5점,2024.03.12,건성에 좋아요,보습에 좋아요,자극없이 순해요,처음 바를땐 살짝 유분끼가 많나? 하고 느끼지만 조금있음 다 스면들고 반짝거림만 남아요. 세일할땐 얼른 쟁여놨네요
후시다인 후시드 크림,puee****,,,,,,5점만점에 5점,2024.03.08,건성에 좋아요,보습에 좋아요,자극없이 순해요,끈적임도 없고 쓰기 아주 편해요. 효과 좋으면 계속 구매할것 같아요.
후시다인 후시드 크림,soo****,,,,,,5점만점에 5점,2024.03.02,복합성에 좋아요,주름/미백에 좋아요,자극없이 순해요,샘플로 써봤는데 맘에들어서 샀어요 보습에 좋은거 같고 미백과 주름에 도움된다하니 눈밑에도 계속 써보려구요
후시다인 후시드 크림,hyun88****,,,,,,5점만점에 5점,2024.02.22,건성에 좋아요,보습에 좋아요,자극없이 순해요,제형은 살짝 꾸덕한 제형이구요. 기름이 좔좔~~머리가 붙을정도로 하지만 아침에 일어나면 촉촉하고 쫀득한 느낌입니다.
후시다인 후시드 크림,llknk2****,,,,,,5점만점에 5점,2024.02.21,건성에 좋아요,진정에 좋아요,자극없이 순해요,너무좋네요 1+1이었는데 다써갑니다재구매하려구 다시들어왔어요
후시다인 후시드 크림,moun****,,,,,한달이상사용,5점만점에 5점,2024.02.15,복합성에 좋아요,주름/미백에 좋아요,자극없이 순해요,촉촉하고 너무 좋아요.저녁에 바르면 아침에 느낌이 다르네요.만족합니다
후시다인 후시드 크림,parkkwo****,,,,,,5점만점에 5점,2024.02.14,복합성에 좋아요,보습에 좋아요,보통이에요,너무 밝고  타입이네요  미백 잡티 조금줄여가는지 괜찮습니다
후시다인 후시드 크림,chanmi****,,,,,,5점만점에 2점,2024.01.21,건성에 좋아요,보습에 좋아요,보통이에요,ㅠㅠㅠ제약회사 로고보고 샀은데 바르면 바꾸 좁쌀여드름 올라와요.. 그래서 지금 서랍에 처박아뒀답니다~
후시다인 후시드 크림,zy****,,,,,재구매,5점만점에 5점,2024.01.20,건성에 좋아요,보습에 좋아요,자극없이 순해요,건조한사람이 쓰면 딱입니다 번들 끈적임 없고 바르고 나면 광이 납니다 너무 만족하고 있어요
후시다인 후시드 크림,phy****,,,,,,5점만점에 5점,2023.11.21,복합성에 좋아요,주름/미백에 좋아요,보통이에요,흡수도 잘되고 너무 무겁지 않아 환절기때 좋아요.주름 특히 목주름에 효과 있어요. 좀 옅어진듯요.잡티는 더 써봐야할듯요.
후시다인 후시드 크림,catwoma****,,,,,,5점만점에 5점,2023.11.02,복합성에 좋아요,보습에 좋아요,자극없이 순해요,이거 쓰는 사람 없었음 좋겠다. 나만 쓰게ㅋㅋㅋ이거바르고 파데 살짝 하고 나갔는데 피부 좋다는 소리 많이 들음. 이거 쓰고 잡티도 점점 옅어지고 안색도 허여지는중. 기미도 옅어진거 같네요.
후시다인 후시드 크림,park01****,,,,,,5점만점에 5점,2023.10.15,건성에 좋아요,주름/미백에 좋아요,자극없이 순해요,타홈쇼핑에서 계속구매해서 쓰는제품 이네요.우연히 올리브영에서 세일하길래 또구매했어요.
