product_name,id,tag,tag 2,tag 3,tag 4,point,date,txt,txt 2,txt 3,txt_inner,inner href 4,thum src 4,slick-slide href,thum src 5,thum src 9
ë‹¥í„°ë©œë½ì‹  ì•„ì¿ ì•„ ì´ì˜¨ í”Œë¼ì¦ˆë§ˆ ìˆ˜ë¶„ í¬ë¦¼,ê¸°ì´ˆì¼€ì–´ì§‘ì°©ë…€,ë³µí•©ì„±,ë´„ì›œí†¤,ëª¨ê³µ,íŠ¸ëŸ¬ë¸”,5ì ë§Œì ì— 5ì ,2025.01.31,ì§€ì„±ì— ì¢‹ì•„ìš”,ë³´ìŠµì— ì¢‹ì•„ìš”,ìžê·¹ì—†ì´ ìˆœí•´ìš”,"ë‹¥í„°ë©œë½ì‹  ì§„ì§œ ë„ˆë¬´ ì¢‹ì€ ë¸Œëžœë“œê³ ìš”, ë” ì•Œë ¤ì ¸ì•¼í•´ìš”.. ì €ë„ ì§€ì¼œë§Œë³´ê³  ìžˆë‹¤ê°€ ì‚¬ê³ ë‚˜ì„œ ë¦¬ë·°ì“°ê¸° ì „ì— ê°œë´‰í•´ì„œ ì‚¬ìš©í•´ë´¤ëŠ”ë° ë„ˆë¬´ ë§Œì¡±í•©ë‹ˆë‹¤. ìˆ˜ë¶„í¬ë¦¼ì´ ì—„ì²­ ê°€ë²¼ìš´ë° ë³´ìŠµê°ì´ íœ˜ë°œë˜ì§€ ì•Šê³  ì§„ì§œ ìˆ˜ë¶„ì„ ì¶©ë¶„í•˜ê²Œ í”¼ë¶€ì— ê³µê¸‰ì‹œì¼œì£¼ëŠ” ëŠë‚Œì´ íŒíŒ ë“¤ì–´ìš”. ì‚¬ì„¸ìš”.",,,,,
ë‹¥í„°ë©œë½ì‹  ì•„ì¿ ì•„ ì´ì˜¨ í”Œë¼ì¦ˆë§ˆ ìˆ˜ë¶„ í¬ë¦¼,ë°©ê¸€ê¸°ì¨,ì§€ì„±,ì›œí†¤,ëª¨ê³µ,í”¼ì§€ê³¼ë‹¤,5ì ë§Œì ì— 5ì ,2024.04.10,ì§€ì„±ì— ì¢‹ì•„ìš”,ë³´ìŠµì— ì¢‹ì•„ìš”,ìžê·¹ì—†ì´ ìˆœí•´ìš”,ìˆ˜ë¶„ í¬ë¦¼ì´ ë–¨ì–´ì ¸ ì°¾ê³  ìžˆë‹¤ê°€ êµ¬ë§¤í–ˆì–´ìš”. 100ì‹œê°„ ìˆ˜ë¶„ ë³´ìŠµ ì§€ì† ì¸ì²´ ì ìš© ì‹œí—˜ì„ ì™„ë£Œ í–ˆë‹¤ê³  í•˜ë‹ˆ ì•ˆì‚´ìˆ˜ê°€ ì—†ì—ˆì–´ìš”. ì˜¤í”ˆí•´ë³´ë‹ˆ í•˜ëŠ˜ìƒ‰ì— ì ¤ íƒ€ìž…ì˜ ìˆ˜ë¶„ í¬ë¦¼ì´ë¼ ë³´ëŠ” ê²ƒë§Œìœ¼ë¡œë„ ì‹œì› í–ˆì–´ìš”. ê°œì¸ì ìœ¼ë¡œ ì €ëŠ” ìˆ˜ë¶„ í¬ë¦¼ì€ í¬ë¦¼ íƒ€ìž… ë³´ë‹¤ëŠ” ì ¤ íƒ€ìž…ì„ ì„ í˜¸í•´ìš”. ë” ìˆ˜ë¶„ê°ì´ ëŠê»´ì§€ëŠ” ëŠë‚Œ ì´ì˜ˆìš”. ì €ìžê·¹ íƒ€ìž…ì´ë¼ ì–¼êµ´ì´ë„ ë¶€ë‹´ ì—†ìœ¼ë©° ë¯¸ë°±ê³¼ ì£¼ë¦„ ê°œì„ ê¹Œì§€ ë„ì™€ì¤˜ì„œ ì°¸ ë“ ë“ í•´ìš”. í•˜ë‚˜ë¡œ ëª‡ê°€ì§€ì˜ íš¨ê³¼ë¥¼ ë³´ëŠ”ì§€ ëª¨ë¥´ê² ë„¤ìš”. ì¼ì£¼ì¼ì§¸ ë°”ë¥´ëŠ”ë° ìˆ˜ë¶„ê°ì´ ì°¨ì˜¤ë¥´ëŠ” ëŠë‚Œì´ê³  ì–¼êµ´ì´ ë§‘ì•„ì¡Œì–´ìš”. ë³´ê¸° ì¢‹ì•„ìš”,https://www.oliveyoung.co.kr/store/goods/getGoodsDetail.do?goodsNo=A000000197659&t_page=%ED%86%B5%ED%95%A9%EA%B2%80%EC%83%89%EA%B2%B0%EA%B3%BC%ED%8E%98%EC%9D%B4%EC%A7%80&t_click=%EA%B2%80%EC%83%89%EC%83%81%ED%92%88%EC%83%81%EC%84%B8&t_search_name=%EA%B1%B4%EC%84%A0&t_number=104&dispCatNo=1000001000100150001&trackingCd=Result_61_all#,https://image.oliveyoung.co.kr/uploads/images/gdasEditor/2024/04/10/1712730685381.png?QT=85&SF=webp,,,
ë‹¥í„°ë©œë½ì‹  ì•„ì¿ ì•„ ì´ì˜¨ í”Œë¼ì¦ˆë§ˆ ìˆ˜ë¶„ í¬ë¦¼,ê¶Œì§€ìˆ™,ë³µí•©ì„±,ê°€ì„ì›œí†¤,ë‹¤í¬ì„œí´,ëª¨ê³µ,5ì ë§Œì ì— 5ì ,2024.04.04,ë³µí•©ì„±ì— ì¢‹ì•„ìš”,ì£¼ë¦„/ë¯¸ë°±ì— ì¢‹ì•„ìš”,ìžê·¹ì—†ì´ ìˆœí•´ìš”,"í¡ìˆ˜ ë˜ëŠ”ê²Œ ë„ˆë¬´ ì¢‹ì€ë°ìš”?í–¥ì´ ê±°ì˜ ë¬´í–¥ì´ì–´ì„œ ê±°ë¶€ê°ì—†ì´ ë‚¨ë…€ë…¸ì†Œ ëˆ„êµ¬ë“  ì‚¬ìš© ê°€ëŠ¥í•  ê²ƒ ê°™êµ¬ìš”.ì €ëŠ” ì§€ë³µí•©ì„± í”¼ë¶€ì¸ë° ì‚°ëœ»í•˜ë„¤ìš”. ë†€ëžìŠµë‹ˆë‹¤.ìœ ë¶„ìžˆëŠ”ê±°ëŠ” ì¢€ í”¼í•˜ê²Œ ë˜ëŠ”ë° ì‚°ëœ»í•˜ê²Œ ë°œë¦¬ë‹ˆê¹Œ ì•„ì¹¨ì— ë°œë¼ë„ ì•ˆë°€ë¦¬ê³  ì¢‹ì„ ê²ƒ ê°™ì•„ìš”!ê±´ì¡°í•˜ê³  í‘¸ì„í•œ í”¼ë¶€ì— ìˆ˜ë¶„ì„ ì‹ ì†í•˜ê²Œ í¡ìˆ˜ì‹œì¼œ ì´‰ì´‰í•˜ê²Œ ë¹›ë‚˜ëŠ” í”¼ë¶€ë¡œ ë§ˆë¬´ë¦¬ í•´ì£¼ëŠ” ìˆ˜ë¶„ ë¬¼ê´‘ í¬ë¦¼ì´ë¼ëŠ”ë° ëˆ„êµ°ì§€ ì„¤ëª…ì„ ê¸°ê°€ ë§‰ížˆê²Œ í•´ë‘ì‹ ê²ƒ ê°™ì•„ìš”ã…Žã…Žì˜ˆë¯¼í•œ í”¼ë¶€ë„ ê´œì°®ì„ ê²ƒ ê°™ì•„ìš”, ì¶”ì²œí•©ë‹ˆë‹¤",https://www.oliveyoung.co.kr/store/goods/getGoodsDetail.do?goodsNo=A000000197659&t_page=%ED%86%B5%ED%95%A9%EA%B2%80%EC%83%89%EA%B2%B0%EA%B3%BC%ED%8E%98%EC%9D%B4%EC%A7%80&t_click=%EA%B2%80%EC%83%89%EC%83%81%ED%92%88%EC%83%81%EC%84%B8&t_search_name=%EA%B1%B4%EC%84%A0&t_number=104&dispCatNo=1000001000100150001&trackingCd=Result_61_all#,https://image.oliveyoung.co.kr/uploads/images/gdasEditor/2024/04/04/1712223420000.png?QT=85&SF=webp,,,
ë‹¥í„°ë©œë½ì‹  ì•„ì¿ ì•„ ì´ì˜¨ í”Œë¼ì¦ˆë§ˆ ìˆ˜ë¶„ í¬ë¦¼,ì¡°ì´í’€ë¼ìžŽ,ë³µí•©ì„±,ì¿¨í†¤,ê°ì§ˆ,ëª¨ê³µ,5ì ë§Œì ì— 5ì ,2024.04.04,ê±´ì„±ì— ì¢‹ì•„ìš”,ë³´ìŠµì— ì¢‹ì•„ìš”,ìžê·¹ì—†ì´ ìˆœí•´ìš”,"ê°€ì¡±ì´ ë³‘ì›ì— ìž…ì›í•´ì„œ ë³´í˜¸ìžë¡œ ê³„ì† ë“¤ë½ê±°ë¦¬ëŠ” ìš”ì¦˜ì¸ë°, ë³‘ì›ì•ˆì´ ì–´ì°Œë‚˜ ê±´ì¡°í•œì§€ ì–¼êµ´ì— ë­˜ ë°œë¼ë„ ë•¡ê¸°ëŠ”ê²Œ ë„ˆë¬´ ë¶ˆíŽ¸í–ˆì–´ìš”. ìˆ˜ë¶„í¬ë¦¼ ì•Œì•„ë³´ë‹¤ ë‹¥í„°ë©œë¼ì‹  ì•„ì¿ ì•„ ì´ì˜¨ í”Œë¼ì¦ˆë§ˆ ìˆ˜ë¶„í¬ë¦¼ì´ ë³´ìŠµ ì§€ì†ë ¥ 100ì‹œê°„ì— ìˆ˜ë¶„ì†ì‹¤ëŸ‰ì„ ìµœëŒ€ 123í”„ë¡œ ì´ìƒ ê°œì„ í•´ì¤€ë‹¤í•´ì„œ êµ¬ë§¤í–ˆì–´ìš”.* ë¬´í–¥ì˜ ë¶ˆíˆ¬ëª…í•˜ê³  ìˆ˜ë¶„ê° ìž”ëœ© ë¨¸ê¸ˆê³  ìžˆëŠ” ë§¤ìš° ì´‰ì´‰í•œ ì œí˜•ì´ì—ìš”.* ë°œë¦¼ì„± ì•„ì£¼ ì¢‹ì•„ìš”. ìžê·¹ 1ë„ ì—†ì´ ë„“ì€ ë©´ì  ë„í¬ ê°€ëŠ¥í•´ìš”.* íŽ´ë°”ë¥´ë©´ íˆ¬ëª…í•˜ê³  ë°˜ì§ë°˜ì§ ê´‘ì´ë‚˜ìš”. * ë°”ë¥´ìžë§ˆìž ì¦‰ì‹œ ì–¼êµ´ì— ìˆ˜ë¶„ê°ì´ ìž”ëœ© ì±„ì›Œì§€ëŠ”ê²Œ ëŠê»´ì ¸ìš”. * ì¶œê·¼ì „ ê¸°ì´ˆ ë§ˆì§€ë§‰ ë‹¨ê³„ì—ì„œ ë°”ë¥´ê³  ì„ í¬ë¦¼ ë°”ë¥´ê³  íŒ©íŠ¸ë°”ë¥´ê³  í–ˆëŠ”ë° í™”ìž¥ 1ë„ ì•ˆë°€ë ¤ìš”.* ì´‰ì´‰í•¨ì´ ì˜¤ëž˜ê°€ìš”.ë¯¸ë°± ë° ì£¼ë¦„ê°œì„  ê¸°ëŠ¥ë„ ìžˆê³ , í”¼ë¶€ìžê·¹í…ŒìŠ¤íŠ¸ê°€ ë¬´ë ¤ ë¬´ìžê·¹ì´ëž˜ìš”. ì•„ë¬´ëž˜ê³  ì´í¬ë¦¼ ë‹¬ê³  ì‚´ê²ƒ ê°™ì•„ìš”. ìˆ˜ë¶„í¬ë¦¼ ì—¬ì™• ë“±ê·¹ìž…ë‹ˆë‹¤.",,https://image.oliveyoung.co.kr/uploads/images/gdasEditor/2024/04/04/1712186912074.png?QT=85&SF=webp,https://www.oliveyoung.co.kr/store/goods/getGoodsDetail.do?goodsNo=A000000197659&t_page=%ED%86%B5%ED%95%A9%EA%B2%80%EC%83%89%EA%B2%B0%EA%B3%BC%ED%8E%98%EC%9D%B4%EC%A7%80&t_click=%EA%B2%80%EC%83%89%EC%83%81%ED%92%88%EC%83%81%EC%84%B8&t_search_name=%EA%B1%B4%EC%84%A0&t_number=104&dispCatNo=1000001000100150001&trackingCd=Result_61_all#,https://image.oliveyoung.co.kr/uploads/images/gdasEditor/2024/04/04/1712186918970.png?QT=85&SF=webp,
ë‹¥í„°ë©œë½ì‹  ì•„ì¿ ì•„ ì´ì˜¨ í”Œë¼ì¦ˆë§ˆ ìˆ˜ë¶„ í¬ë¦¼,ë ˆëª¬í¼í”Œ,ë³µí•©ì„±,ì›œí†¤,ëª¨ê³µ,ë¯¸ë°±,5ì ë§Œì ì— 5ì ,2024.04.03,ë³µí•©ì„±ì— ì¢‹ì•„ìš”,ë³´ìŠµì— ì¢‹ì•„ìš”,ìžê·¹ì—†ì´ ìˆœí•´ìš”,"ì•„ì¿ ì•„ ì´ì˜¨ í”Œë¼ì¦ˆë§ˆ ìˆ˜ë¶„ í¬ë¦¼ì€ êµ‰ìž¥ížˆ ì´‰ì´‰í•˜ê³  ì‚°ëœ»í•´ìš”.í¬ë¦¼ ì œí˜•ì€ ì‚´ì§ í‘¸ë¥¸ë¹›ì„ ë„ê³  ê°€ë²¼ìš´ë° í”¼ë¶€ íƒ„ë ¥ê³¼ ë³´ìŠµì€ ì¶©ë¶„ížˆ ì³¥ê²¨ì£¼ëŠ”ê²ƒ ê°™ì•„ìš”. í–¥ì€ ë¬´í–¥ì´ë¼ í˜¸ë¶ˆí˜¸ê°€ ì—†ì„ê²ƒ ê°™êµ¬ìš”. ë°œë¦¼ì„±ë„ ë¶€ë“œëŸ½ê²Œ ì°© ë‹¬ë¼ë¶™ê³  í¡ìˆ˜ê°€ ìž˜ë˜ì„œ ê·¸ëŸ°ì§€ í™”ìž¥ë„ ë°€ë¦¼ì—†  ìž˜ ë¨¹ì–´ìš”. ë¯¸ë°± ì£¼ë¦„ì—ë„ íš¨ê³¼ê°€ ì¢‹ë‹¤ê³  í•˜ë‹ˆ ë”ìš±ë§Œì¡±ìœ¼ëŸ¬ì›Œìš”. ì•„ì¹­,ì €ë…ìœ¼ë¡œ ì•„ì£¼ ìž˜ ë°”ë¥´ê³  ì´‰ì´‰í•œ í”¼ë¶€ë¡œ ê±°ë“­ë‚˜ ë³´ë µë‹ˆë‹¤^^",,https://image.oliveyoung.co.kr/uploads/images/gdasEditor/2024/04/03/1712131240625.png?QT=85&SF=webp,https://www.oliveyoung.co.kr/store/goods/getGoodsDetail.do?goodsNo=A000000197659&t_page=%ED%86%B5%ED%95%A9%EA%B2%80%EC%83%89%EA%B2%B0%EA%B3%BC%ED%8E%98%EC%9D%B4%EC%A7%80&t_click=%EA%B2%80%EC%83%89%EC%83%81%ED%92%88%EC%83%81%EC%84%B8&t_search_name=%EA%B1%B4%EC%84%A0&t_number=104&dispCatNo=1000001000100150001&trackingCd=Result_61_all#,https://image.oliveyoung.co.kr/uploads/images/gdasEditor/2024/04/03/1712131243185.png?QT=85&SF=webp,
ë‹¥í„°ë©œë½ì‹  ì•„ì¿ ì•„ ì´ì˜¨ í”Œë¼ì¦ˆë§ˆ ìˆ˜ë¶„ í¬ë¦¼,lay132,ë³µí•©ì„±,ì›œí†¤,ë‹¤í¬ì„œí´,ìž¡í‹°,5ì ë§Œì ì— 5ì ,2024.01.29,ì§€ì„±ì— ì¢‹ì•„ìš”,ë³´ìŠµì— ì¢‹ì•„ìš”,ìžê·¹ì—†ì´ ìˆœí•´ìš”,ì†ê±´ì¡°ê°€ ë„ˆë¬´ ì‹¬í•´ì„œ ì£¼ë¬¸í–ˆì–´ìš”.ì˜¬ë¦¬ë¸Œì˜ ìˆ˜ë¶„í¬ë¦¼ì„ êµ¬ê²½í•˜ë‹¤ê°€ ì´‰ì´‰í•´ ë³´ì—¬ì„œ ì£¼ë¬¸í–ˆëŠ”ë° í™•ì‹¤ížˆ ì¢‹ì€ ê²ƒ ê°™ì•„ìš”.ê·¸ëƒ¥ ë´ë„ ìˆ˜ë¶„ì´ ê°€ë“í•´ ë³´ì—¬ìš”.ì†ê±´ì¡° ë¨¼ì € ìž¡ëŠ” ì¤„ ì•Œì•˜ëŠ”ë° ê²‰ë¶€í„° ì†ê¹Œì§€ ìž¡ëŠ” ì¤„ì€ ëª°ëžì–´ìš”.ì´ì œë¶€í„° ê²‰ë¶€í„° ì†ê¹Œì§€ ìˆ˜ë¶„ì„ ê½‰ ìž¡ì•„ì•¼ê² ì–´ìš”.ì œí˜•ì€ ë¡œì…˜ê³¼ í¬ë¦¼ì˜ ì¤‘ê°„ë‹¨ê³„ì¸ ê²ƒ ê°™ì•„ìš”.ì˜¤ìžë§ˆìž ì¨ë´¤ëŠ”ë° ì•„ì¹¨ì— ì´ ìˆ˜ë¶„ í¬ë¦¼ë§Œ ë°”ë¥´ê³  ê°€ë„ ì´‰ì´‰í–ˆì–´ìš”.ëˆì ì´ê±°ë‚˜ ì°ë“í•œ ì—†ì´ ìž˜ ë°œë¦¬ê³  í¡ìˆ˜ê°€ ìž˜ ë¼ìš”.ì•„ì¹¨ ì €ë…ìœ¼ë¡œ ë°”ë¥´ë‹ˆê¹Œ ë„ˆë¬´ ì¢‹ì•„ìš”.,,,,,
ë‹¥í„°ë©œë½ì‹  ì•„ì¿ ì•„ ì´ì˜¨ í”Œë¼ì¦ˆë§ˆ ìˆ˜ë¶„ í¬ë¦¼,ëƒí•˜jj,ë³µí•©ì„±,ì¿¨í†¤,ëª¨ê³µ,ë¸”ëž™í—¤ë“œ,5ì ë§Œì ì— 5ì ,2024.01.25,ë³µí•©ì„±ì— ì¢‹ì•„ìš”,ë³´ìŠµì— ì¢‹ì•„ìš”,ìžê·¹ì—†ì´ ìˆœí•´ìš”,ìˆ˜ë¶„í¬ë¦¼ ìœ ëª©ë¯¼ ìž…ë‹ˆë‹¤.ê²¨ìš¸ë˜ê³  ì–¼êµ´ì´ ë„˜ ê±´ì¡°í•´ì„œ  ì´ê²ƒì €ê²ƒ ì°¾ì•„ë³´ë‹¤ê°€ êµ¬ë§¤í•´ë´¤ëŠ”ë°ìš”.ë”± ì œê°€ ì°¾ë˜ ëŠë‚Œì´ì—ìš”! ã…Žã…Žì•„ë¬´ë¦¬ ê±´ì¡°í•´ë„ ë¬´ê²ê³  ëˆì ì´ëŠ”ê±´ í”¼ë¶€ê°€ ë‹µë‹µí•´ì„œ ëª»ì°¸ê±°ë“ ìš”ã… ã… ê¾¸ë•ê¾¸ë•í•˜ì§€ ì•Šê³  ì•½ê°„ ë¬½ì€ê°€? ì‹¶ì—ˆëŠ”ë° í”¼ë¶€ì— ë°”ë¥´ë‹ˆ ê°€ë²¼ìš°ë©´ì„œë„ ë³´ìŠµì€ ì±™ê²¨ì£¼ëŠ” ëŠë‚Œìž…ë‹ˆë‹¤.ë‚¨íŽ¸ë„ ë°”ë¥´ë”ë‹ˆ ì¢‹ì•„í•˜ë„¤ìš©ã…‹ã…‹ ë‚¨ìžë“¤ íŠ¹ížˆë‚˜ ê¾¸ë•í•œì œí˜• ì•ˆì¢‹ì•„í•˜ëŠ”ë° ë”±ì¼ë“¯í•œ í¬ë¦¼ì´ë„¤ìš©ã…Ž,,,,,
ë‹¥í„°ë©œë½ì‹  ì•„ì¿ ì•„ ì´ì˜¨ í”Œë¼ì¦ˆë§ˆ ìˆ˜ë¶„ í¬ë¦¼,ë¬¸ì§€í˜œ,ê±´ì„±,ì›œí†¤,ìž¡í‹°,,5ì ë§Œì ì— 5ì ,2024.01.25,ê±´ì„±ì— ì¢‹ì•„ìš”,ë³´ìŠµì— ì¢‹ì•„ìš”,ìžê·¹ì—†ì´ ìˆœí•´ìš”,"ì´‰ì´‰í•˜ê³  íƒ„ë ¥ìžˆê²Œ ë§ˆë¬´ë¦¬ë˜ìš”  30ëŒ€ê°€ ë„˜ì–´ê°€ë‹ˆ í™•ì‹¤ížˆ íƒ„ë ¥ì´ ë–¨ì–´ì§€ëŠ” ê±°ì˜ˆìš” ..í”¼ë¶€ë„ ì¡°ê¸ˆì”© ì²˜ëŠ” ê±° ê°™ê³  ì£¼ë¦„ë„ ìƒê¸°ëŠ” ê±° ê°™ê³  í•´ê°€ì§€ê³ . ê±´ì¡°í•˜ê³  í•´ì„œ êµ¬ë§¤ë¥¼ í•´ë´¤ìŠµë‹ˆë‹¤ì €ëŠ” ì•„ì¹¨ê³¼ ì €ë… ì„¸ì•ˆ í›„, ì´ í¬ë¦¼ì„ ì‚¬ìš©í•˜ê³  ìžˆì–´ìš”ã…Žã…Ž í¬ë¦¼ì€ í°ìƒ‰ + íˆ¬ëª…ìƒ‰ì˜ ì´‰ì´‰ ì«€ì«€í•œ ì œí˜•ìœ¼ë¡œ, ë°œë¦¼ì„±ì´ ë¶€ë“œëŸ½ê³  í”¼ë¶€ì— ìž˜ ë°€ì°©ë˜ìš”!! ê±°ì˜ ë¬´í–¥ì— ê°€ê¹ê³ ìš” ã…Žã…Žë°”ë¥´ê³  ë‚˜ë©´ í”¼ë¶€ì— ì´‰ì´‰í•¨ê³¼ íƒ„ë ¥ì´ ëŠê»´ì ¸ì„œ ë§Œì¡±ìŠ¤ëŸ¬ì›Œìš”!! ë³´ìŠµê° ì •ë§ í›Œë¥­í•´ì„œìš”!!í”¼ë¶€ê°€ ì „ë°˜ì ìœ¼ë¡œ ë” ì´‰ì´‰í•´ì§€ê³  íƒ„ë ¥ì´ ì¢‹ì•„ì§„ ê²ƒ ê°™ì•„ìš” ã…Žã…Ž",,https://image.oliveyoung.co.kr/uploads/images/gdasEditor/2024/01/25/1706117759216.png?QT=85&SF=webp,https://www.oliveyoung.co.kr/store/goods/getGoodsDetail.do?goodsNo=A000000197659&t_page=%ED%86%B5%ED%95%A9%EA%B2%80%EC%83%89%EA%B2%B0%EA%B3%BC%ED%8E%98%EC%9D%B4%EC%A7%80&t_click=%EA%B2%80%EC%83%89%EC%83%81%ED%92%88%EC%83%81%EC%84%B8&t_search_name=%EA%B1%B4%EC%84%A0&t_number=104&dispCatNo=1000001000100150001&trackingCd=Result_61_all#,https://image.oliveyoung.co.kr/uploads/images/gdasEditor/2024/01/25/1706117763435.png?QT=85&SF=webp,
ë‹¥í„°ë©œë½ì‹  ì•„ì¿ ì•„ ì´ì˜¨ í”Œë¼ì¦ˆë§ˆ ìˆ˜ë¶„ í¬ë¦¼,í–‰ë³µê°€ë“ë‚˜,ë³µí•©ì„±,ì›œí†¤,ê°ì§ˆ,ëª¨ê³µ,5ì ë§Œì ì— 5ì ,2024.01.18,ê±´ì„±ì— ì¢‹ì•„ìš”,ë³´ìŠµì— ì¢‹ì•„ìš”,ìžê·¹ì—†ì´ ìˆœí•´ìš”,ìš”ì¦˜ í”¼ë¶€ê°€ ë„ˆë¬´ ê±´ì¡°í•´ì„œ ë³´ìŠµì´ í•„ìˆ˜ì˜ˆìš”.í”¼ë¶€ëŠ” ì‹ ê²½ì„ ì“°ëŠ”ê²ƒê³¼ ì•ˆì“°ëŠ”ê²ƒì´ ì²œì§€ì°¨ì´ë”ë¼ê³ ìš”.ê·¸ëž˜ì„œ ìš”ì¦˜ ë³´ìŠµê´€ë¦¬ë¥¼ íž˜ì¨ë³´ê³ ìž ìˆ˜ë¶„í¬ë¦¼ì„ êµ¬ìž…í•´ë³´ê²Œ ë˜ì—ˆì–´ìš”.ì œí˜•ìžì²´ëŠ” ë¬½ì§€ë„ ë˜ì§í•˜ì§€ë„ ì•ŠëŠ” ì¤‘ê°„ì •ë„ì˜ ì ì„±ì´ì˜ˆìš”.ê¾¸ë•í•œ ëŠë‚Œì´ ì•„ë‹ˆë¼ ê°€ë³ê³  ë¶€ë“œëŸ½ê²Œ í”¼ë¶€ì— ë°œë¼ì¡Œì–´ìš”.ìžê¸°ì „ ìˆ˜ë¶„í¬ë¦¼ì„ ë“¬ë¿ ë°”ë¥´ê³  ìžê³  ì•„ì¹¨ì— ì¼ì–´ë‚˜ë³´ë‹ˆ í™•ì‹¤ížˆ í”¼ë¶€ê°€ ë¶€ë“œëŸ¬ì›Œì§„ê±¸ ëŠë‚„ìˆ˜ ìžˆì—ˆì–´ìš”.,https://www.oliveyoung.co.kr/store/goods/getGoodsDetail.do?goodsNo=A000000197659&t_page=%ED%86%B5%ED%95%A9%EA%B2%80%EC%83%89%EA%B2%B0%EA%B3%BC%ED%8E%98%EC%9D%B4%EC%A7%80&t_click=%EA%B2%80%EC%83%89%EC%83%81%ED%92%88%EC%83%81%EC%84%B8&t_search_name=%EA%B1%B4%EC%84%A0&t_number=104&dispCatNo=1000001000100150001&trackingCd=Result_61_all#,https://image.oliveyoung.co.kr/uploads/images/gdasEditor/2024/01/18/1705545505900.png?QT=85&SF=webp,,,
ë‹¥í„°ë©œë½ì‹  ì•„ì¿ ì•„ ì´ì˜¨ í”Œë¼ì¦ˆë§ˆ ìˆ˜ë¶„ í¬ë¦¼,wnfud321,ê±´ì„±,ì›œí†¤,ê°ì§ˆ,ëª¨ê³µ,5ì ë§Œì ì— 5ì ,2024.01.17,ê±´ì„±ì— ì¢‹ì•„ìš”,ë³´ìŠµì— ì¢‹ì•„ìš”,ìžê·¹ì—†ì´ ìˆœí•´ìš”,"ì•…ê±´ì„± í”¼ë¶€ë¼ ì°¬ë°”ëžŒ ë§Žì´ ë¶€ëŠ” ê²¨ìš¸ì— íŠ¹ížˆë‚˜ íž˜ë“¤ì–´ì„œ ë³´ìŠµì— ì¢‹ë‹¤ëŠ” í¬ë¦¼ì€ ë‹¤ ì¨ë³¸ ê²ƒ ê°™ì•„ìš”~ì´ ì œí’ˆì€ ì²˜ìŒ ë°œëžì„ë•Œ ë¬½ì€ ì œí˜•ì´ë¼ ë³´ìŠµë ¥ì´ ì•½í• ê±°ë¼ ìƒê°ì´ ë“¤ì—ˆëŠ”ë° ìˆ˜ë¶„ê°ì´ ë§Žì•„ ì˜¤ëž«ë™ì•ˆ ì´‰ì´‰í–ˆì–´ìš”!ë³´ìŠµë ¥ì´ ê°•í•œ ì œí’ˆë“¤ì€ ë³´í†µ ê¾¸ë•í•˜ê³ , ê¾¸ë•í•˜ë‹¤ë³´ë‹ˆ í¡ìˆ˜ê°€ ëŠë¦¬ê³  í™”ìž¥ì´ ë°€ë¦¬ê¸° ì‰¬ìš´ë°, ì´ ì œí’ˆì€ í¡ìˆ˜ë ¥ì´ ì¢‹ì•„ ë°€ë¦¬ì§€ ì•Šê³  í™”ìž¥ë„ ìž˜ ë¨¹ì—ˆì–´ìš”~ì˜¬ ê²¨ìš¸ì€ ì´ ìˆ˜ë¶„í¬ë¦¼ìœ¼ë¡œ ë‚  ê²ƒ ê°™ì•„ìš”",,https://image.oliveyoung.co.kr/uploads/images/gdasEditor/2024/01/17/1705500781945.png?QT=85&SF=webp,https://www.oliveyoung.co.kr/store/goods/getGoodsDetail.do?goodsNo=A000000197659&t_page=%ED%86%B5%ED%95%A9%EA%B2%80%EC%83%89%EA%B2%B0%EA%B3%BC%ED%8E%98%EC%9D%B4%EC%A7%80&t_click=%EA%B2%80%EC%83%89%EC%83%81%ED%92%88%EC%83%81%EC%84%B8&t_search_name=%EA%B1%B4%EC%84%A0&t_number=104&dispCatNo=1000001000100150001&trackingCd=Result_61_all#,https://image.oliveyoung.co.kr/uploads/images/gdasEditor/2024/01/17/1705500786565.png?QT=85&SF=webp,
ë‹¥í„°ë©œë½ì‹  ì•„ì¿ ì•„ ì´ì˜¨ í”Œë¼ì¦ˆë§ˆ ìˆ˜ë¶„ í¬ë¦¼,ëˆˆì‹œë¦¬,ê±´ì„±,ë´„ì›œí†¤,ê°ì§ˆ,ëª¨ê³µ,5ì ë§Œì ì— 5ì ,2024.01.17,ê±´ì„±ì— ì¢‹ì•„ìš”,ë³´ìŠµì— ì¢‹ì•„ìš”,ìžê·¹ì—†ì´ ìˆœí•´ìš”,"ìˆ˜ë¶„ ì •ë§ ë„‰ë„‰í•œ í¬ë¦¼ì´ì—ìš”. ì¸ìŠ¤íƒ€ ê´‘ê³  ê³„ì† ë– ì„œ ê¶êµ¼í•´ì„œ ì°¾ì•„ë³´ë‹¤ ë³´ë‹ˆ ì •ë§ ëª¨ë“  ê¸°ì´ˆì œí’ˆ ì—¬ê¸°ë¡œ ë°”ê¾¸ê³  ì‹¶ì€ ì •ë„ë¡œ í™€ë ¤ë²„ë¦°.. ì¼ë‹¨ ë‹¤ì“´ê±°ë¶€í„° í•˜ë‚˜ì”© ë°”ê¾¸ê³  ìžˆëŠ”ë°., ìˆ˜ë¶„í¬ë¦¼ ì—„ì²­ ë§Œì¡± ã… ã…  ì—„ì²­ë‚˜ê²Œ ì´‰ì´‰í•˜ê³  ìˆ˜ë¶„ìœ ì§€ë„ ì˜¤ëž˜ê°€ìš”!!ìˆ˜ë¶„í¬ë¦¼ ë°”ë¥´ê³  í™”ìž¥í•˜ë©´ ë°€ë¦¬ëŠ” ê²½ìš°ê°€ ë§Žì€ë° í¡ìˆ˜ë„ ìž˜ë˜ê³  ëˆì ìž„ ì—†ì–´ ê·¸ëŸ°ì§€ í™”ìž¥ ë°€ì°©ë ¥ë„ ì¢‹ê³  ì•…ê±´ì„±í”¼ë¶€ì¸ë° ìˆ˜ë¶„ì„ ìž˜ ìž¡ì•„ì£¼ì–´ ë§Œì¡± ë§Œì¡±ìž…ë‹ˆë‹¤ ã…œã…œ",,https://image.oliveyoung.co.kr/uploads/images/gdasEditor/2024/01/17/1705452094177.png?QT=85&SF=webp,https://www.oliveyoung.co.kr/store/goods/getGoodsDetail.do?goodsNo=A000000197659&t_page=%ED%86%B5%ED%95%A9%EA%B2%80%EC%83%89%EA%B2%B0%EA%B3%BC%ED%8E%98%EC%9D%B4%EC%A7%80&t_click=%EA%B2%80%EC%83%89%EC%83%81%ED%92%88%EC%83%81%EC%84%B8&t_search_name=%EA%B1%B4%EC%84%A0&t_number=104&dispCatNo=1000001000100150001&trackingCd=Result_61_all#,https://image.oliveyoung.co.kr/uploads/images/gdasEditor/2024/01/17/1705452099412.png?QT=85&SF=webp,
ë‹¥í„°ë©œë½ì‹  ì•„ì¿ ì•„ ì´ì˜¨ í”Œë¼ì¦ˆë§ˆ ìˆ˜ë¶„ í¬ë¦¼,ë°˜ì¨•ë¹¤ì¨•,ê±´ì„±,ê°€ì„ì›œí†¤,ê°ì§ˆ,ë‹¤í¬ì„œí´,5ì ë§Œì ì— 5ì ,2024.01.16,ê±´ì„±ì— ì¢‹ì•„ìš”,ë³´ìŠµì— ì¢‹ì•„ìš”,ìžê·¹ì—†ì´ ìˆœí•´ìš”,ìœ í†µê¸°í•œë„ ë„‰ë„‰.ìˆ˜ë¶„í¬ë¦¼ë§ˆì € í™€ë”± ë°˜í•´ë²„ë¦° ë‹¥í„°ë©œë½ì‹ ~ì—­ì‹œ ì¢‹ì•„ìš”ë°”ë¥¸ ì†ê³¼ ì•ˆë°”ë¥¸ ì†ì˜ì°¨ì´! ë³´ì´ì‹œë‚˜ìš” ã…‹ì‚¬ì§„ ëŒ€ë°•ì´ì£  ì‚¬ì§„ë³´ê³  ë†€ë¼ê¸°ì „ì—ë°”ë¥´ë©´ì„œ ë†€ëžë‹µë‹ˆë‹¤~ì •ë§ ì´‰ì´‰í•¨ì´ ì˜¤ëž˜ ì§€ì†ë¼ìš”ã…¡L22íš¨ê³¼ë¼ë‹ˆ í”¼ë¶€ë¼ë„ 22ì„¸ë¡œ ëŒì•„ê°€ë©´ ì¢‹ê² ë„¤ìš”ã…Žã…ŽëŒ€ë§Œì¡± ìŠ¤ëŸ¬ìš´ ìš” ìˆ˜ë¶„í¬ë¦¼~ ê°•ì¶”í•©ë‹ˆë‹¤!>_<,,https://image.oliveyoung.co.kr/uploads/images/gdasEditor/2024/01/16/1705414998605.png?QT=85&SF=webp,https://www.oliveyoung.co.kr/store/goods/getGoodsDetail.do?goodsNo=A000000197659&t_page=%ED%86%B5%ED%95%A9%EA%B2%80%EC%83%89%EA%B2%B0%EA%B3%BC%ED%8E%98%EC%9D%B4%EC%A7%80&t_click=%EA%B2%80%EC%83%89%EC%83%81%ED%92%88%EC%83%81%EC%84%B8&t_search_name=%EA%B1%B4%EC%84%A0&t_number=104&dispCatNo=1000001000100150001&trackingCd=Result_61_all#,https://image.oliveyoung.co.kr/uploads/images/gdasEditor/2024/01/16/1705415004383.png?QT=85&SF=webp,https://image.oliveyoung.co.kr/uploads/images/gdasEditor/2024/01/16/1705415027628.png?QT=85&SF=webp
ë‹¥í„°ë©œë½ì‹  ì•„ì¿ ì•„ ì´ì˜¨ í”Œë¼ì¦ˆë§ˆ ìˆ˜ë¶„ í¬ë¦¼,ì‚°ë¦¬ì˜¤ì¿ ë¡œë¯¸,,,,,5ì ë§Œì ì— 5ì ,2024.01.14,ê±´ì„±ì— ì¢‹ì•„ìš”,ë³´ìŠµì— ì¢‹ì•„ìš”,ìžê·¹ì—†ì´ ìˆœí•´ìš”,"ê²¨ìš¸ì² ì´ë¼ íŠ¹ížˆ í”¼ë¶€ê°€ ë§Žì´ ê±´ì¡°í•˜ê³  í™”ìž¥ì´ ë“¤ëœ¨ëŠ” ëŠë‚Œì´ ë“¤ì–´ì„œ êµ¬ë§¤í•´ë³´ê²Œ ë˜ì—ˆì–´ìš”.ê¸°ì´ˆí™”ìž¥ìœ¼ë¡œ ìˆ˜ë¶„í¬ë¦¼ë„ í•„ìˆ˜ì¸ê²ƒ ê°™ì•„ìš”.í”¼ë¶€ ì €ìžê·¹ í…ŒìŠ¤íŠ¸ ì™„ë£Œ, ë¯¸ë°± ê¸°ëŠ¥ì„± ì¸ì¦, ì£¼ë¦„ê°œì„  ê¸°ëŠ¥ì„± ì¸ì¦ëœ ì œí’ˆì´ë”ë¼ê³ ìš”.ì œí’ˆì„ ì—´ì–´ë³´ë‹ˆ ì‚´ì§ í‘¸ë¥¸ë¹›ì´ ëŒë©´ì„œë¬½ì§€ë„ ë˜ì§í•˜ê¸°ë„ ì•ŠëŠ” ì–´ëŠì •ë„ì˜ ì ì„±ì„ ê°€ì§€ê³  ìžˆëŠ” ì œí˜•ì´ì—ˆì–´ìš”.ì €ë…ì— ì”»ê³ ë‚˜ì„œ ë°œë¼ë´¤ëŠ”ë° ë¶€ë“œëŸ½ê²Œ ìž˜ ë°œë¼ì§€ë©° í¡ìˆ˜ë ¥ì´ ì¢‹ë”ë¼ê³ ìš”.ê·¸ë¦¬ê³  ì§€ê¸ˆ ëª‡ì‹œê°„ì´ í•œì°¸ ì§€ë‚¬ëŠ”ë°ë„ í”¼ë¶€ì— ìž˜ ë°€ì°©ë˜ë©´ì„œ í”¼ë¶€ì— ìˆ˜ë¶„ê°ì„ ì¶©ë¶„ížˆ ì£¼ê³  ìžˆëŠ”ë“¯í•œ ëŠë‚Œì´ ë“¤ì–´ìš”.",,https://image.oliveyoung.co.kr/uploads/images/gdasEditor/2024/01/14/1705161040845_KakaoTalk_20240114_005011014_03.jpg?QT=85&SF=webp,https://www.oliveyoung.co.kr/store/goods/getGoodsDetail.do?goodsNo=A000000197659&t_page=%ED%86%B5%ED%95%A9%EA%B2%80%EC%83%89%EA%B2%B0%EA%B3%BC%ED%8E%98%EC%9D%B4%EC%A7%80&t_click=%EA%B2%80%EC%83%89%EC%83%81%ED%92%88%EC%83%81%EC%84%B8&t_search_name=%EA%B1%B4%EC%84%A0&t_number=104&dispCatNo=1000001000100150001&trackingCd=Result_61_all#,https://image.oliveyoung.co.kr/uploads/images/gdasEditor/2024/01/14/1705161043497_KakaoTalk_20240114_005011014_04.jpg?QT=85&SF=webp,
ë‹¥í„°ë©œë½ì‹  ì•„ì¿ ì•„ ì´ì˜¨ í”Œë¼ì¦ˆë§ˆ ìˆ˜ë¶„ í¬ë¦¼,ë¯¼ì´ëª½,ë³µí•©ì„±,ê²¨ìš¸ì¿¨í†¤,ê°ì§ˆ,ëª¨ê³µ,5ì ë§Œì ì— 5ì ,2024.01.13,ê±´ì„±ì— ì¢‹ì•„ìš”,ë³´ìŠµì— ì¢‹ì•„ìš”,ìžê·¹ì—†ì´ ìˆœí•´ìš”,ë©œë½ì‹  ê´‘ê³ ì—ì„œ ë³¸ì ì´ ìžˆì–´ì„œ í•­ìƒ ê¶ê¸ˆí–ˆë˜ ë¸Œëžœë“œì—ìš”~~ì¼ë‹¨ ì˜¤í”ˆí•´ë´¤ë”ë‹ˆ ìƒ‰ì´ ë„ˆë¬´ ì´ë»ìš”~í–¥ì€ ì–´ë–¤ê°€ ë§¡ì•„ë´¤ë”ë‹ˆ ê±°ì˜ ì—†ë‹¤í•´ë„ ë¬´ë°©í• ì •ë„ì—ìš”~ë°œë¦¼ì„±ë„ ë¬´ì²™ì¢‹ê³  í”¼ë¶€ì— ì°© ë¶™ëŠ” ëŠë‚Œì´ì—ìš”~ì–¼êµ´ì— í™”ìž¥ì„ í•´ë†“ì€ìƒíƒœë¼ ì¼ë‹¨ ë„ì°©í•˜ìžë§ˆìž ì†ë“±ì— ë°œë¼ë´¤ì–´ìš”~ì˜¤~  ê´‘ì´ ë‚©ë‹ˆë‹¤~~ê¾¸ë•í•œ ì œí˜•ì€ ì•„ë‹ˆê³  ê·¸ëƒ¥ ê°€ë²¼ìš´ ë¡œì…˜ê°™ì€ í•˜ì§€ë§Œ ì£¼ë¥´ë¥µ ë¯¸ëŒì–´ë–¨ì–´ì§€ì§€ëŠ” ì•ŠëŠ” ìˆ˜ì¤€ì´ì—ìš” ^^í¬ë¦¼ì€ ì•„ë¬´ëž˜ë„ ë¡œì…˜ë³´ë‹¤ëŠ” ê·¸ëž˜ë„ ë¬´ê±°ìš´ ëŠë‚Œì´ì£ ~ ì „ ì´ ëŠë‚Œë“¤ì´ ì¢‹ì•„ì„œ ë¡œì…˜ë³´ë‹¤ëŠ” í¬ë¦¼ì„ ì„ í˜¸í•©ë‹ˆë‹¤^^ë‹¹ë¶„ê°„ ìš” í¬ë¦¼ìœ¼ë¡œ ì—´ì‹¬ížˆ ìˆ˜ë¶„ì±™ê¸¸ê²Œìš”!,https://www.oliveyoung.co.kr/store/goods/getGoodsDetail.do?goodsNo=A000000197659&t_page=%ED%86%B5%ED%95%A9%EA%B2%80%EC%83%89%EA%B2%B0%EA%B3%BC%ED%8E%98%EC%9D%B4%EC%A7%80&t_click=%EA%B2%80%EC%83%89%EC%83%81%ED%92%88%EC%83%81%EC%84%B8&t_search_name=%EA%B1%B4%EC%84%A0&t_number=104&dispCatNo=1000001000100150001&trackingCd=Result_61_all#,https://image.oliveyoung.co.kr/uploads/images/gdasEditor/2024/01/13/1705155522981.png?QT=85&SF=webp,,,
ë‹¥í„°ë©œë½ì‹  ì•„ì¿ ì•„ ì´ì˜¨ í”Œë¼ì¦ˆë§ˆ ìˆ˜ë¶„ í¬ë¦¼,ì´ë³´ì˜ìž…ë‹ˆë‹¤,ê±´ì„±,ì›œí†¤,ëª¨ê³µ,ë¯¼ê°ì„±,5ì ë§Œì ì— 5ì ,2024.04.04,ê±´ì„±ì— ì¢‹ì•„ìš”,ë³´ìŠµì— ì¢‹ì•„ìš”,ìžê·¹ì—†ì´ ìˆœí•´ìš”,"í”¼ë¶€ê°€ ë’¤ì§‘ì–´ì§€ê³  ê±´ì¡°í•´ì„œ ìˆ˜ë¶„í¬ë¦¼ì„ ì°¾ì•„ë³´ë‹¤ê°€ ë‹¥í„°ë©œë½ì‹  ì•„ì¿ ì•„ì´ì˜¨ í”Œë¼ì¦ˆë§ˆ ìˆ˜ë¶„í¬ë¦¼ ë³´ê³  ì£¼ë¬¸í–ˆì–´ìš”ë‹¥í„°ë©œë½ì‹ ì—ì„œ ë‚˜ì˜¨ ê¸°ë¯¸í¬ë¦¼ë„ ì§€ê¸ˆ ìž˜ì“°ê³  ìžˆì–´ì„œ ìˆ˜ë¶„í¬ë¦¼ë„ ì¢‹ì„ ê²ƒ ê°™ì•„ì„œ ì£¼ë¬¸í–ˆëŠ”ë° ì§ì ‘ ë°œë¼ë³´ë‹ˆ ìž˜ì‚°ê±° ê°™ì•„ìš”í™˜ì ˆê¸°ë§ˆë‹¤ ë’¤ì§‘ì–´ì§€ëŠ” ë¯¼ê°ì„± í”¼ë¶€ì¸ë° ì˜¬ë´„ì—ë„ ê°ì§ˆì¼ì–´ë‚˜ê³  ê±´ì¡°í•˜ê³  í™”ìž¥ ë‹¤ ë“¤ëœ¨ê³  ë‚œë¦¬ë„ ì•„ë‹ˆì˜€ê±°ë“ ìš” ê·¸ëŸ°ë° ì•„ì¿ ì•„ì´ì˜¨ í”Œë¼ì§€ë§ˆ ìˆ˜ë¶„í¬ë¦¼ì„ ë°”ë¥´ë‹ˆ ì†ê±´ì¡°ê°€ ë°”ë¡œ ìž¡í˜€ì„œ ì†ë¶€í„° ì´‰ì´‰í•˜ê³  í™”ìž¥ì„ í•˜ë©´ ì–¼êµ´ì— ì€ì€í•˜ê²Œ ê´‘ì´ ëŒë©´ì„œ í”¼ë¶€ê°€ ìžì—°ìŠ¤ëŸ½ê²Œ ì´ë»ë³´ì—¬ì„œ ë„ˆë¬´ ë§Œì¡±í•˜ë©´ì„œ ë°”ë¥´ê³  ìžˆì–´ìš”ë‹¤ë“¤ ì–¼êµ´ì´ ê±´ì¡°í•˜ê³  ê°ì§ˆì´ ëœ¨ë©´ í”¼ë¶€ê°ì§ˆ ì œê±°í•œë‹¤ê³  ìžê·¹ì¤˜ì„œ ë” ì•ˆì¢‹ì•„ì§€ëŠ”ê²Œ íƒœë°˜ì¸ë°ìš”ì´ ìˆ˜ë¶„í¬ë¦¼ì€ ê°ì§ˆì¸µì˜ êµ¬ì¡°ì  ì•ˆì •ì„±ì„ ìœ ì§€í•´ì£¼ê³  ìˆ˜ë¶„ì´ ë¹ ì ¸ë‚˜ê°€ì§€ ëª»í•˜ê²Œ ìž¡ì•„ì£¼ê¸° ë•Œë¬¸ì— ê°ì§ˆì œê±°ë¡œ í”¼ë¶€ê°€ ìžê·¹ë˜ë„ ê¸ˆë°© ì§„ì •ë˜ë©´ì„œ í”¼ë¶€ì†ë¶€í„° ê¹Šìˆ™ížˆ ìˆ˜ë¶„ìœ¼ë¡œ ì±„ì›Œì ¸ì„œ ë‹¤ìŒë‚ ì´ë©´ ì›ëž˜ì˜ í”¼ë¶€ ì»¨ë””ì…˜ì„ ë˜ì°¾ë”ë¼êµ¬ìš”ë°”ë¥´ë©´ ê²‰ë„ëŠ” ìœ ë¶„, ìˆ˜ë¶„ì´ ì•„ë‹ˆë¼ ë¹ ë¥´ê²Œ í¡ìˆ˜ë˜ê¸° ë•Œë¬¸ì— ë°”ìœ ì•„ì¹¨ì—ë„ ì‚¬ìš©í•˜ê¸° ì¢‹ì•˜ì–´ìš”ì €ëŠ” ìŠ¤í‚¨, ìˆ˜ë¶„í¬ë¦¼ ë°”ë¥´ê³  ìžì™¸ì„ ì°¨ë‹¤ì œ í›„ í™”ìž¥í•˜ëŠ”ë°ìš” ì¡°ê¸ˆë§Œ ì§€ë‚˜ë©´ ê±´ì¡°í•´ì„œ ê°„ì§€ëŸ¬ì› ë˜ í”¼ë¶€ê°€ ì´ì œëŠ” ìˆ˜ë¶„ë°¸ëŸ°ìŠ¤ê°€ ìž˜ë§žì•„ì„œ ê°„ì§€ëŸ½ì§€ë„ í™”ìž¥ì´ ë“¤ëœ¨ì§€ ì•Šê³  ì´ì˜ê²Œ í‘œí˜„ë˜ëŠ” ì ì´ ë¬´ì²™ ì¢‹ìŠµë‹ˆë‹¤ì‹ì•½ì²˜ê³ ì‹œ ì¸ì •ë°›ì€ ë¯¸ë°±, ì£¼ë¦„ ê°œì„  2ì¤‘ ê¸°ëŠ¥ì„± íš¨ê³¼ë¡œ ë¯¿ê³  ì‚¬ìš©í•  ìˆ˜ ìžˆëŠ” ìˆ˜ë¶„í¬ë¦¼ì„ ì°¾ëŠ”ë‹¤ë©´ ì´ì œí’ˆ ì¶”ì²œí• ê²Œìš”ê¼­ í•œë²ˆ ë°œë¼ë³´ì„¸ìš” í”¼ë¶€ ë’¤ì§‘ì–´ì§€ëŠ” í™˜ì ˆê¸°ì— ìš°ë¦¬ì˜ í”¼ë¶€ë¥¼ ì§€ì¼œì¤„ê±°ì—ìš”",,https://image.oliveyoung.co.kr/uploads/images/gdasEditor/2024/04/04/1712238066240.png?QT=85&SF=webp,https://www.oliveyoung.co.kr/store/goods/getGoodsDetail.do?goodsNo=A000000197659&t_page=%ED%86%B5%ED%95%A9%EA%B2%80%EC%83%89%EA%B2%B0%EA%B3%BC%ED%8E%98%EC%9D%B4%EC%A7%80&t_click=%EA%B2%80%EC%83%89%EC%83%81%ED%92%88%EC%83%81%EC%84%B8&t_search_name=%EA%B1%B4%EC%84%A0&t_number=104&dispCatNo=1000001000100150001&trackingCd=Result_61_all#,https://image.oliveyoung.co.kr/uploads/images/gdasEditor/2024/04/04/1712238072642.png?QT=85&SF=webp,https://static.oliveyoung.co.kr/pc-static-root/image/comm/my_picture_base.jpg
ë‹¥í„°ë©œë½ì‹  ì•„ì¿ ì•„ ì´ì˜¨ í”Œë¼ì¦ˆë§ˆ ìˆ˜ë¶„ í¬ë¦¼,ë©€ë³´ìŠˆ,ë³µí•©ì„±,ì—¬ë¦„ì¿¨í†¤,ë‹¤í¬ì„œí´,ë¯¸ë°±,5ì ë§Œì ì— 5ì ,2024.06.12,ê±´ì„±ì— ì¢‹ì•„ìš”,ë³´ìŠµì— ì¢‹ì•„ìš”,ìžê·¹ì—†ì´ ìˆœí•´ìš”,ì •ë§ ë”±!! ìˆ˜ë¶„í¬ë¦¼ ê·¸ìž¡ì±„ì—ìš© ì œí˜•ë„ ì ë‹¹í•˜ê³  ìˆ˜ë¶„ê° íŒ¡íŒ¡ ì±„ì›Œì£¼ëŠ”ëŠë‚Œ ã…Žã…Ž ê³„ì ˆ ìƒê´€ì—†ì´ ì‚¬ìš©í•˜ê¸° ì¢‹ì§€ë§Œ ê²¨ìš¸ì² ì— ê±´ì„±ë¶„ë“¤ì€ ìœ„ì— ë³´ìŠµí¬ë¦¼ê¹Œì§€ ë°œë¼ì£¼ë©´ ì§± ì¢‹ì„ ê²ƒ ê°™ë„¤ì—¬ ì¶”ì²œ~,,,,,
ë‹¥í„°ë©œë½ì‹  ì•„ì¿ ì•„ ì´ì˜¨ í”Œë¼ì¦ˆë§ˆ ìˆ˜ë¶„ í¬ë¦¼,ë©€ë³´ìŠˆ,ë³µí•©ì„±,ì—¬ë¦„ì¿¨í†¤,ë‹¤í¬ì„œí´,ë¯¸ë°±,5ì ë§Œì ì— 4ì ,2024.04.19,ê±´ì„±ì— ì¢‹ì•„ìš”,ë³´ìŠµì— ì¢‹ì•„ìš”,ìžê·¹ì—†ì´ ìˆœí•´ìš”,ë°œë¦¼ì„±ì´ ì‹ ê¸°í•´ì—¬ ë­”ê°€ ë”± ë´¤ì„ë•ŒëŠ” ë³´ìŠµê° ì—†ì´ ìˆ˜ë¶„ê°ë§Œ ìžˆì„ ê²ƒ ê²‰ì€ë° ë§‰ìƒ ë°”ë¥´ë©´ ì ë‹¹ížˆ ì«€ì«€í•˜ê³  ë³´ìŠµ ìˆ˜ë¶„ê°ì´ ê°™ì´ ëŠê»´ì ¸ìš”!! ê±´ì„±ë¶„ë“¤ ì—¬ë¦„ì— ì“°ê¸° ë„ˆë¬´ ì¢‹ì„ ê²ƒ ê°™ì•„ìš” êµ¿,,,,,
ë‹¥í„°ë©œë½ì‹  ì•„ì¿ ì•„ ì´ì˜¨ í”Œë¼ì¦ˆë§ˆ ìˆ˜ë¶„ í¬ë¦¼,ë°•ê¹”ê¾œ,íŠ¸ëŸ¬ë¸”ì„±,ì›œí†¤,ëª¨ê³µ,ë¸”ëž™í—¤ë“œ,5ì ë§Œì ì— 5ì ,2024.05.31,ë³µí•©ì„±ì— ì¢‹ì•„ìš”,ë³´ìŠµì— ì¢‹ì•„ìš”,ìžê·¹ì—†ì´ ìˆœí•´ìš”,ì´ê±° ì§„ì§œ í™”ìž˜ë¨¹í…œì´ì—ì—¬..!!!í™˜ì ˆê¸°ëŠ” ë¬¼ë¡  ë‹¤ê°€ì˜¤ëŠ” ì—¬ë¦„ì— ì§±ì¼ ê±° ê°™ì•„ìš”ìˆ˜ë¶„ê°ë„ ê°€ë“í•˜ê³  ì´‰ì´‰í•˜ê³  ê°€ë³ì§€ë§Œ ë³´ìŠµê°ë„ ë„˜ì¹˜ëŠ”ë° ë§‰ ê¸°ë¦„ì§€ì§€ë„ ì•Šì•„ì„œ ìˆ˜ë¶€ì§€ë“¤ì´ë¼ë©´ ë¬´ì¡°ê±´ ì¶”ì²œí•©ë‹ˆë‹¤!!!ì§„ì‹¬ ë‘í†µì´ë‚˜ ë¹„ìš°ê³  ìƒˆê±°ì“°ëŠ”ë™ì•ˆ ìŸì—¬ë‘˜ë¼ê³  ì‚°ê±´ë°ê³µë³‘ì¸ì¦ ì‚½ê°€ëŠ¥ ê¿€í…œìž…ë‹ˆë‹¤ ì§„ì§œã… ã… ì˜¬ë¦¬ë¸Œì˜ëª° ë“¤ì–´ì™€ì„œ ë„ˆë¬´ ì¢‹ì•„ìš” ë¹¨ë¦¬ ë§¤ìž¥ì—ë„ ë“¤ì–´ì™”ìœ¼ë©´ã… ã…œã…œã…œã… ,,,,,https://static.oliveyoung.co.kr/pc-static-root/image/comm/my_picture_base.jpg
ë‹¥í„°ë©œë½ì‹  ì•„ì¿ ì•„ ì´ì˜¨ í”Œë¼ì¦ˆë§ˆ ìˆ˜ë¶„ í¬ë¦¼,sira,,,,,5ì ë§Œì ì— 5ì ,2024.04.07,ê±´ì„±ì— ì¢‹ì•„ìš”,ë³´ìŠµì— ì¢‹ì•„ìš”,ìžê·¹ì—†ì´ ìˆœí•´ìš”,ì†ŒëŸ‰ì„ ë°œëžëŠ”ë°ë„ ìˆ˜ë¶„ê°ì´ ê°€ë“í•´ì„œ ì´‰ì´‰í•¨ì˜ ì§€ì†ë ¥ì´ êµ‰ìž¥í•˜ë„¤ìš”.í”¼ë¶€ê°€ ë§Žì´ ê±´ì¡°í–ˆì—ˆëŠ”ë° ì´ ìˆ˜ë¶„ í¬ë¦¼ ë°”ë¥´ê³  ëª‡ ì‹œê°„ì´ ì§€ë‚˜ì„œ ë‹¤ì‹œ ì–¼êµ´ì„ ë§Œì ¸ë³´ë‹ˆê¹Œ ê³„ì† ì´‰ì´‰í•˜ë”ë¼ê³ ìš”.ì´‰ì´‰í•˜ë‹ˆê¹Œ í™•ì‹¤ížˆ ê±´ì¡°í•´ì„œ ìƒê¸°ë˜ ìž”ì£¼ë¦„ì—ë„ ë§Žì€ ë„ì›€ì„ ì£¼ëŠ” ê±° ê°™ì•„ìš”.ì‹¬ì§€ì–´ ë¯¸ë°±ì—ë„ ë„ì›€ì„ ì¤€ë‹¤ë‹ˆ ê¸ˆìƒì²¨í™”ë„¤ìš”. ë¬´í–¥ì´ë¼ í–¥ìœ¼ë¡œ ì¸í•œ ìžê·¹ì´ ëŠê»´ì§ˆ ìˆ˜ ìžˆëŠ” ë¶€ë¶„ë„ ì—†ê³  ì† ìˆ˜ë¶„ì´ ì±„ì›Œì§€ë‹ˆê¹Œ ì–¼êµ´ì´ ë•…ê¸°ëŠ” ê±¸ ëª» ëŠë¼ê² ì–´ìš”.ëˆì ìž„ ì—†ê³  ë°œë¦¼ì„±ë„ ì¢‹ì•„ì„œ ìˆ˜ì‹œë¡œ ë°”ë¥´ê³  ìžˆì–´ìš”.ìžê·¹ì´ ì—†ì–´ì„œ ë¯¼ê°í•˜ê³  ìˆ˜ë¶„ ë¶€ì¡±í•œ ì €ì—ê²Œ ì •ë§ ìž˜ë§žì•„ìš”.,,https://image.oliveyoung.co.kr/uploads/images/gdasEditor/2024/04/07/1712476339980.png?QT=85&SF=webp,https://www.oliveyoung.co.kr/store/goods/getGoodsDetail.do?goodsNo=A000000197659&t_page=%ED%86%B5%ED%95%A9%EA%B2%80%EC%83%89%EA%B2%B0%EA%B3%BC%ED%8E%98%EC%9D%B4%EC%A7%80&t_click=%EA%B2%80%EC%83%89%EC%83%81%ED%92%88%EC%83%81%EC%84%B8&t_search_name=%EA%B1%B4%EC%84%A0&t_number=104&dispCatNo=1000001000100150001&trackingCd=Result_61_all#,https://image.oliveyoung.co.kr/uploads/images/gdasEditor/2024/04/07/1712476346095.png?QT=85&SF=webp,https://static.oliveyoung.co.kr/pc-static-root/image/comm/my_picture_base.jpg
ë‹¥í„°ë©œë½ì‹  ì•„ì¿ ì•„ ì´ì˜¨ í”Œë¼ì¦ˆë§ˆ ìˆ˜ë¶„ í¬ë¦¼,KJHM,ë³µí•©ì„±,ì¿¨í†¤,ìž¡í‹°,ì£¼ë¦„,5ì ë§Œì ì— 5ì ,2024.04.04,ë³µí•©ì„±ì— ì¢‹ì•„ìš”,ì£¼ë¦„/ë¯¸ë°±ì— ì¢‹ì•„ìš”,ìžê·¹ì—†ì´ ìˆœí•´ìš”,ì—„ì²­ ì—„ì²­ ì´‰ì´‰í•˜ë„¤ìš”ë¯¸ë°±ì£¼ë¦„ì—ë„ ì¢‹ë‹¤ê³ í•´ì„œ êµ¬ë§¤í–ˆëŠ”ë°ìˆ˜ë¶„ê° ì¶©ë§Œí•©ë‹ˆë‹¤.í–¥ì€ ê±°ì˜ ë¬´í–¥ì— ê°€ê¹êµ¬ìš” ì²­ëŸ‰í•œ í‘¸ë¥¸ë¹›ì„ ë„ì–´ì„œê¸°ë¶„ë§ˆì ¸ ìƒì¾Œí•´ì§€ëŠ”ê²ƒ ê°™ì•„ìš”ì´‰ì´‰í•œë° ëˆì ì´ì§€ ì•Šì•„ì„œ ì—¬ë¦„ì² ì— ë°”ë¥´ê¸°ì— ë¶€ë‹´ì´ ì—†ì„ê²ƒê°™ì•„ìš”ì €ëŠ” ë³µí•©ì„± í”¼ë¶€ì˜€ëŠ”ë° ì ì  ê±´ì„±ìœ¼ë¡œ ë³€í•´ ê°€ëŠ”ê²ƒ ê°™ì•„ìš” ì €ë… ì˜¤ì¼ì„¸ì•ˆí›„ì— ì¢€ ë‹¹ê¸°ëŠ” ëŠë‚Œì´ ìžˆì–´ì„œ ìˆ˜ë¶„í¬ë¦¼ ë°”ë¡œ ë°œë¼ë„ ì¢€ ë‹¹ê²¨ì„œ ì´ì¤‘ìœ¼ë¡œ ë°”ë¥´ëŠ”ë° ë‹¥í„°ë©œë½ì‹  ì œí’ˆì€ í•œë²ˆë§Œ ì“± ë°œë¼ë„ ì´‰ì´‰í•¨ì´ ëŠê»´ì§€ë„¤ìš” ê²°ì •ë¦¬ëŠ” ë¤ìœ¼ë¡œ ë˜ëŠ”ê²ƒ ê°™ì•„ìš”ë¯¸ë°±ì— ì£¼ë¦„ê°œì„ ê¹Œì§€ ëœë‹¤ê³ í•˜ë‹ˆ ì¢€ ë” ì—´ì‹¬ížˆ ì¨ë³¼ê²Œìš”í•œë‘ë²ˆ ì¨ë´ë„ ë§Œì¡±ìŠ¤ëŸ½ìŠµë‹ˆë‹¤.,,https://image.oliveyoung.co.kr/uploads/images/gdasEditor/2024/04/04/1712190086475.png?QT=85&SF=webp,https://www.oliveyoung.co.kr/store/goods/getGoodsDetail.do?goodsNo=A000000197659&t_page=%ED%86%B5%ED%95%A9%EA%B2%80%EC%83%89%EA%B2%B0%EA%B3%BC%ED%8E%98%EC%9D%B4%EC%A7%80&t_click=%EA%B2%80%EC%83%89%EC%83%81%ED%92%88%EC%83%81%EC%84%B8&t_search_name=%EA%B1%B4%EC%84%A0&t_number=104&dispCatNo=1000001000100150001&trackingCd=Result_61_all#,https://image.oliveyoung.co.kr/uploads/images/gdasEditor/2024/04/04/1712190090681.png?QT=85&SF=webp,
ë‹¥í„°ë©œë½ì‹  ì•„ì¿ ì•„ ì´ì˜¨ í”Œë¼ì¦ˆë§ˆ ìˆ˜ë¶„ í¬ë¦¼,ooorg,ë¯¼ê°ì„±,ë´„ì›œí†¤,íŠ¸ëŸ¬ë¸”,í”¼ì§€ê³¼ë‹¤,5ì ë§Œì ì— 5ì ,2024.02.01,ê±´ì„±ì— ì¢‹ì•„ìš”,ë³´ìŠµì— ì¢‹ì•„ìš”,ìžê·¹ì—†ì´ ìˆœí•´ìš”,"ìžê·¹ì—†ì´ ìˆœí•œ ìˆ˜ë¶„í¬ë¦¼ í•„ìš”í–ˆëŠ”ë° ë”± ì°¾ë˜ ëŠë‚Œì˜ í¬ë¦¼ì´ë¼ì„œ ìž˜ ì“°ê³  ìžˆìŠµë‹ˆë‹¤. ê±´ì„±í”¼ë¶€ ì´ì§€ë§Œ ë¯¼ê°í•´ì„œ íŠ¸ëŸ¬ë¸”ì´ ìž˜ ìƒê¸°ëŠ” íƒ€ìž…ì´ì˜ˆìš”. ë¬´ê²ê±°ë‚˜ ê¸°ë¦„ì§€ì§€ì•Šì€ ì´‰ì´‰í•œ ìˆ˜ë¶„í¬ë¦¼ ë°”ë¥¼ë•Œ í”¼ë¶€ ìƒíƒœê°€ ê°€ìž¥ ì¢‹ì€ë°, ë‹¥í„°ë©œë¼ì‹  ìˆ˜ë¶„í¬ë¦¼ì´ ë”± ì´‰ì´‰í•¨ê³¼ ì§„ì •íš¨ê³¼ê°€ ì¢‹ë”ë¼êµ¬ìš”!!! í”¼ë¶€ì— í¡ìˆ˜ë„ ìž˜ë˜ê³  ë²ˆë“¤ê±°ë¦¬ì§€ ì•Šì€ ì‚¬ìš©ê°ì´ ë§ˆìŒì— ë“¤ì—ˆì–´ìš”. ê²¨ìš¸ì²  ë³´ìŠµí¬ë¦¼ì€ ë„ˆë¬´ ë¬´ê²ê³  ë‹µë‹µí•˜ë‹¤ ëŠë‚€ ë¶„ë“¤ì—ê²Œ ì¶”ì²œë“œë¦¬ë‹ˆëŠ” ìˆ˜ë¶„í¬ë¦¼ ìž…ë‹ˆë‹¤~! ë³´ìŠµë ¥ë„ ì¢‹ì•„ì„œ í”¼ë¶€ ê±´ì¡°í•¨ ì „í˜€ ëª»ëŠê¼ˆì–´ìš” !!",,https://image.oliveyoung.co.kr/uploads/images/gdasEditor/2024/02/01/1706744339249.png?QT=85&SF=webp,https://www.oliveyoung.co.kr/store/goods/getGoodsDetail.do?goodsNo=A000000197659&t_page=%ED%86%B5%ED%95%A9%EA%B2%80%EC%83%89%EA%B2%B0%EA%B3%BC%ED%8E%98%EC%9D%B4%EC%A7%80&t_click=%EA%B2%80%EC%83%89%EC%83%81%ED%92%88%EC%83%81%EC%84%B8&t_search_name=%EA%B1%B4%EC%84%A0&t_number=104&dispCatNo=1000001000100150001&trackingCd=Result_61_all#,https://image.oliveyoung.co.kr/uploads/images/gdasEditor/2024/02/01/1706744343296.png?QT=85&SF=webp,
ë‹¥í„°ë©œë½ì‹  ì•„ì¿ ì•„ ì´ì˜¨ í”Œë¼ì¦ˆë§ˆ ìˆ˜ë¶„ í¬ë¦¼,Winny80,ë³µí•©ì„±,,,,5ì ë§Œì ì— 5ì ,2024.01.17,ê±´ì„±ì— ì¢‹ì•„ìš”,ë³´ìŠµì— ì¢‹ì•„ìš”,ìžê·¹ì—†ì´ ìˆœí•´ìš”,í•˜ëŠ˜ë¹› ê°ë„ëŠ” ë¶€ë“œëŸ¬ìš´ ì§ˆê°ì˜ ìˆ˜ë¶„í¬ë¦¼ì´ì˜ˆìš”.í”¼ë¶€ì— ë°”ë¥´ë©´ ê¸ˆì„¸ ì‹¸ì•…~ í¡ìˆ˜ë˜ê³  ëˆì ìž„ì—†ì´ ì¦‰ê°ì ì¸ ìˆ˜ë¶„ê°ì´ ëŠê»´ì ¸ìš”.ìˆ˜ë¶„ í”ŒëŸ¼í•‘ì´ëž€ê²Œ ìš”ëŸ°ê±´ê°€ ì‹¶ì„ ì •ë„ë¡œ ì´‰ì´‰í•˜êµ¬ìš”.ì–´ì„¤í”ˆ í–¥ë‚˜ëŠ” í™”ìž¥í’ˆ ë”± ì§ˆìƒ‰ì¸ë° ë¬´í–¥ì´ë¼ ë”ë§˜ì— ë“¤ì–´ìš”.L22ëž€ íŠ¹í—ˆì„±ë¶„ì´ 22ì„¸ì˜ í”¼ë¶€ ì§€ì§ˆêµ¬ì¡°ë¥¼ ëª¨ë°©í•œê±°ë¼ë‹ˆ ë¬˜í•œ ê¸°ëŒ€ê°ë§ˆì € ë“¤êµ¬ìš”ã…Žã…Ží™”ìž¥ë„ ë„ˆë¬´ ìž˜ ë¨¹ê³  ë°€ë¦¬ì§€ì•Šì•„ ì¢‹ë„¤ìš”.ìˆ˜ë¶„ê° ë¿ ì•„ë‹ˆë¼ ë¯¸ë°±ì— ì£¼ë¦„ê°œì„  íš¨ê³¼ê¹Œì§€ ìžˆìœ¼ë‹ˆ ë„ˆë¬´ ë§Œì¡±ìŠ¤ëŸ¬ì›Œìš”:),,https://image.oliveyoung.co.kr/uploads/images/gdasEditor/2024/01/17/1705481468860.png?QT=85&SF=webp,https://www.oliveyoung.co.kr/store/goods/getGoodsDetail.do?goodsNo=A000000197659&t_page=%ED%86%B5%ED%95%A9%EA%B2%80%EC%83%89%EA%B2%B0%EA%B3%BC%ED%8E%98%EC%9D%B4%EC%A7%80&t_click=%EA%B2%80%EC%83%89%EC%83%81%ED%92%88%EC%83%81%EC%84%B8&t_search_name=%EA%B1%B4%EC%84%A0&t_number=104&dispCatNo=1000001000100150001&trackingCd=Result_61_all#,https://image.oliveyoung.co.kr/uploads/images/gdasEditor/2024/01/17/1705481471759.png?QT=85&SF=webp,
ë‹¥í„°ë©œë½ì‹  ì•„ì¿ ì•„ ì´ì˜¨ í”Œë¼ì¦ˆë§ˆ ìˆ˜ë¶„ í¬ë¦¼,wooby84,ê±´ì„±,ê°ì§ˆ,ìž¡í‹°,,5ì ë§Œì ì— 5ì ,2024.04.11,ê±´ì„±ì— ì¢‹ì•„ìš”,ë³´ìŠµì— ì¢‹ì•„ìš”,ìžê·¹ì—†ì´ ìˆœí•´ìš”,ê±´ì„±ì— ì¢‹ì€ê±° ê°™ì•„ìš”~~ì›ëž˜ í”¼ë¶€ê°€ ì›ì²´ ì•…ê±´ì„±ì´ì–´ì„œ ê²¨ìš¸ì—ëŠ” ë¬¼ë¡  ì—¬ë¦„ì—ë„ í¬ë¦¼ì€ í•­ìƒ ë°œë¼ìš”~ê²¨ìš¸ì—” ì›Œë‚™ ê±´ì¡°í•˜ë‹¤ê³  ìž˜ ì±™ê²¨ë°”ë¥´ëŠ”ë° ë´„ì— ëŠ” ë‘ê»ê²Œ ë°”ë¥´ë©´ ë‹µë‹µí•˜ê³  í™”ìž¥ì´ ë°€ë¦¬ê¸° ì‰¬ì›Œì„œ í¬ë¦¼ë°”ë¥´ê¸° ì• ë§¤í•˜ìž–ì•„ìš”ã… ê·¸ëž˜ì„œ ìˆ˜ë¶„í¬ë¦¼ ìœ„ì£¼ë¡œ ì±™ê²¨ë°”ë¥´ëŠ”ë° ê°€ë³ê²Œ ë°”ë¥´ëŠ” ëŒ€ì‹ ì— ì´ ìˆ˜ë¶„í¬ë¦¼ í•˜ë‚˜ê°€ ì¤‘ìš” í•˜ë”ë¼êµ¬ìš”~~ë„ˆë¬´ ê°€ë²¼ìš°ë©´ ìˆ˜ë¶„ê° ì—†ì´ ê³„ì† ê±´ì¡°í•œ ëŠë‚Œì´ê³  ë˜ ì¡°ê¸ˆë§Œ ë” ë¬´ê±°ì›Œë²„ë¦¬ë©´ í”¼ë¶€ì— í¡ìˆ˜ê°€ ì•ˆë˜ê³  ê²‰ë„ëŠ” ëŠë‚Œì´ ë“¤ë”ë¼êµ¬ìš”ã… ã…œì´ ì œí’ˆì€ ì œí˜•ì´ ê°€ë²¼ì›Œì„œ ì‰½ê²Œ íŽ´ë°”ë¥´ê¸° ì¢‹ê³  í¡ìˆ˜ë„ ë¹¨ë¼ìš”~íŠ¹ížˆ ë°”ë¥´ê³  ë‚˜ë©´ ì†ë¶€í„° ì°¨ì˜¤ë¥´ëŠ” ê´‘ì±„ê°€ ë³´ì—¬ì„œ ê±´ê°•í•œ 20ëŒ€ ì²˜ëŸ¼ ë³´ì—¬ìš”~ì¼ë‹¨ ìž„ìƒì‹¤í—˜ì„ í–ˆë‹¤ëŠ”ê²ƒë„ ë¯¿ì„ìˆ˜ ìžˆëŠ”ë° ì§ì ‘ ì¨ë³´ë‹ˆê¹Œ ì´‰ì´‰í•˜ê²Œ ì˜¤ëž˜ ê°€ëŠ” ëŠë‚Œì´ì˜ˆìš”~~ê²‰ê³¼ ì†ì´ ìˆ˜ë¶„ì„ ë¨¸ê¸ˆì€ ë“¯í•œâ™¡ë‹¤ì“°ê³  ë˜ êµ¬ë§¤í• êº¼ì˜ˆìš”~~,,https://image.oliveyoung.co.kr/uploads/images/gdasEditor/2024/04/11/1712845699972.png?QT=85&SF=webp,https://www.oliveyoung.co.kr/store/goods/getGoodsDetail.do?goodsNo=A000000197659&t_page=%ED%86%B5%ED%95%A9%EA%B2%80%EC%83%89%EA%B2%B0%EA%B3%BC%ED%8E%98%EC%9D%B4%EC%A7%80&t_click=%EA%B2%80%EC%83%89%EC%83%81%ED%92%88%EC%83%81%EC%84%B8&t_search_name=%EA%B1%B4%EC%84%A0&t_number=104&dispCatNo=1000001000100150001&trackingCd=Result_61_all#,https://image.oliveyoung.co.kr/uploads/images/gdasEditor/2024/04/11/1712845706249.png?QT=85&SF=webp,https://static.oliveyoung.co.kr/pc-static-root/image/comm/my_picture_base.jpg
ë‹¥í„°ë©œë½ì‹  ì•„ì¿ ì•„ ì´ì˜¨ í”Œë¼ì¦ˆë§ˆ ìˆ˜ë¶„ í¬ë¦¼,heaven****,,,,,5ì ë§Œì ì— 5ì ,2024.04.04,ê±´ì„±ì— ì¢‹ì•„ìš”,ë³´ìŠµì— ì¢‹ì•„ìš”,ìžê·¹ì—†ì´ ìˆœí•´ìš”,ê·¹ê±´ì„±í”¼ë¶€ë¼ ìˆ˜ë¶„í¬ë¦¼ í•„ìˆ˜ì¸ë°ìš” ìš”ìƒˆ ì¢€ ì†Œí™€ížˆ ë°œëžë”ë‹ˆ ë‹¤ì‹œ ë‹¹ê¹€ì´ ì‹¬í•´ì ¸ì„œ êµ¬ë§¤í–ˆì–´ìš”ìˆ˜ë¶„í¬ë¦¼ ì¼€ì´ìŠ¤ë¶€í„°ê°€ ë¨¼ê°€ ë¯¿ìŒì´ê°€ë„¤ìš” ã…‹ã…‹ ë…ì¼ì•½í’ˆê°™ê¸°ë„í•˜ê³ ^^ì•ˆì— ì œí˜•ì€ ì‚´ì§ ë¬½ê³  ì•„ì¿ ì•„ìƒ‰ì´ë„¤ìš”  ìˆ˜ë¶„í¬ë¦¼ì¤‘ì´ëŸ°ìƒ‰ê° ì œí˜•ì¸ ì œí’ˆë“¤ ë§Žì€ë° ë‹¤ ìˆ˜ë¶„ê° ì¶©ë§Œí•˜ë”ë¼êµ¬ìš” ì´ì œí’ˆë„ ì—­ì‹œë‚˜ ì—„ì¶© ì´‰ì´‰í•˜ê³  ìˆ˜ë¶„ê° ì§±ì´ì—ìš”ë¯¸ë°±ì£¼ë¦„ê°œì„  íš¨ê³¼ë„ ìžˆë‹¤í•˜ë‹ˆ ë‚˜ì´ëŒ€ê°€ ìžˆëŠ” ì €í•œí… ë” ë”±ì´ë„¤ìš”ë°¤ì— ë“¬ë¿ ë°”ë¥´ê³  ì•„ì¹¨ì— ì¼ì–´ë‚˜ë‹ˆ í”¼ë¶€ê²°ì™ ì¼ í”¼ë¶€ì¢‹ì•„ì¡Œë‹¨ì†Œë¦¬ ì—¬ëŸ¬ë²ˆ ë“¤ì—ˆìŠµë‹ˆë‹¤!!,https://www.oliveyoung.co.kr/store/goods/getGoodsDetail.do?goodsNo=A000000197659&t_page=%ED%86%B5%ED%95%A9%EA%B2%80%EC%83%89%EA%B2%B0%EA%B3%BC%ED%8E%98%EC%9D%B4%EC%A7%80&t_click=%EA%B2%80%EC%83%89%EC%83%81%ED%92%88%EC%83%81%EC%84%B8&t_search_name=%EA%B1%B4%EC%84%A0&t_number=104&dispCatNo=1000001000100150001&trackingCd=Result_61_all#,https://image.oliveyoung.co.kr/uploads/images/gdasEditor/2024/04/04/1712189448873.png?QT=85&SF=webp,,,https://static.oliveyoung.co.kr/pc-static-root/image/comm/my_picture_base.jpg
ë‹¥í„°ë©œë½ì‹  ì•„ì¿ ì•„ ì´ì˜¨ í”Œë¼ì¦ˆë§ˆ ìˆ˜ë¶„ í¬ë¦¼,loveis0179,,,,,5ì ë§Œì ì— 5ì ,2024.01.18,ê±´ì„±ì— ì¢‹ì•„ìš”,ë³´ìŠµì— ì¢‹ì•„ìš”,ìžê·¹ì—†ì´ ìˆœí•´ìš”,ê±´ì¡°í•¨ì— ì¢‹ì€ í¬ë¦¼ì´ë¼ê³  í•´ì„œ êµ¬ë§¤í–ˆì–´ìš” íšŒì‚¬ì— ë‚œë°©ì˜¨í’ê¸°ê°€ ë¨¸ë¦¬ìœ„ì— ìžˆë‹¤ë³´ë‹ˆ ê±´ì¡°í•¨ì´ ê·¹ì— ë‹¬í–ˆì–´ìš” ì¼ë°˜ìˆ˜ë¶„ í¬ë¦¼ì´ê² ê±°ë‹ˆ í•˜ê³  ë„˜ ë¹„ì‹¸ì§€ ì•Šì€ ê°€ê²©ëŒ€ë¡œ ê³ ë¥¸ê±´ë° ì‚¬ìš©í•˜ë‹¤ë³´ë‹ˆ ì§„ì§œ ì«€ë“í•˜ê³  ì†ê¹Œì§€ ì±„ì›Œì£¼ëŠ” ìˆ˜ë¶„ê°ì€ ê¸°ë³¸ì´ê³  ê¾¸ì¤€í•´ ì‚¬ìš©í•˜ë‹ˆ í”¼ë¶€ê°€ ê±´ê°•í•´ì¡Œì–´ìš” ë˜ ê±´ì¡°í•´ì„œ ì£¼ë¦„ì§€ë˜ ì–¼êµ´í”¼ë¶€ê°€ íƒ±ê¸€íƒ±ê¸€~~  ê°€ê²©ëŒ€ë¹„ ê¸°ëŠ¥ì´ ë„ˆë¬´ ì¢‹ì€ê±°ì•„ë‹Œê°€ìš”? â™¥ï¸ë¶€ë“œëŸ½ê²Œ ë°œë¦¼ì„±ë„ ìµœê³ ðŸ‘ì €ì˜ ìµœì•  í¬ë¦¼ðŸ‘ðŸ‘ðŸ‘,,https://image.oliveyoung.co.kr/uploads/images/gdasEditor/2024/01/18/1705541963240.png?QT=85&SF=webp,https://www.oliveyoung.co.kr/store/goods/getGoodsDetail.do?goodsNo=A000000197659&t_page=%ED%86%B5%ED%95%A9%EA%B2%80%EC%83%89%EA%B2%B0%EA%B3%BC%ED%8E%98%EC%9D%B4%EC%A7%80&t_click=%EA%B2%80%EC%83%89%EC%83%81%ED%92%88%EC%83%81%EC%84%B8&t_search_name=%EA%B1%B4%EC%84%A0&t_number=104&dispCatNo=1000001000100150001&trackingCd=Result_61_all#,https://image.oliveyoung.co.kr/uploads/images/gdasEditor/2024/01/18/1705541968137.png?QT=85&SF=webp,https://static.oliveyoung.co.kr/pc-static-root/image/comm/my_picture_base.jpg
ë‹¥í„°ë©œë½ì‹  ì•„ì¿ ì•„ ì´ì˜¨ í”Œë¼ì¦ˆë§ˆ ìˆ˜ë¶„ í¬ë¦¼,ëŸ¬ë¸”ë¦¬ìŠ¬,ë³µí•©ì„±,ì›œí†¤,ëª¨ê³µ,ë¯¸ë°±,5ì ë§Œì ì— 5ì ,2024.04.18,ì§€ì„±ì— ì¢‹ì•„ìš”,ì§„ì •ì— ì¢‹ì•„ìš”,ìžê·¹ì—†ì´ ìˆœí•´ìš”,ë‹¥í„°ë©œë½ì‹  í”Œë¼ì¦ˆë§ˆ ìˆ˜ë¶„í¬ë¦¼ ì²˜ìŒ êµ¬ë§¤í•´ì„œ ì‚¬ìš©ì¤‘ì¸ë° ìˆ˜ë¶„ê°ì´ ë§¤ìš°ì¢‹ê³  ê°€ë³ê³  ì—¬ë¦„ì— ì‚¬ìš©í•˜ê¸° ì¢‹ì€ í¬ë¦¼ìž…ë‹ˆë‹¤. ì§€ì„±ì´ë‚˜ ì§€ë³µí•©ì„±ì¸ ë¶„ë“¤ ì¶”ì²œë“œë ¤ìš”. ê°™ì€ ë¼ì¸ ì•°í”Œì´ëž‘ ê°™ì´ ì‚¬ìš©ì¤‘ì¸ë° ì‹œë„ˆì§€íš¨ê³¼ë„ìžˆê³  ì œí˜•ì´ ê°€ë²¼ì›Œì„œ ëˆì ê±°ë¦¼ì´ ì—†ëŠ”íŽ¸ì´ì—ìš”! ë¬¼ê´‘í”¼ë¶€ ì¡°í•©ðŸ’š,,,,,
ë‹¥í„°ë©œë½ì‹  ì•„ì¿ ì•„ ì´ì˜¨ í”Œë¼ì¦ˆë§ˆ ìˆ˜ë¶„ í¬ë¦¼,í•œì€ì •,,,,,5ì ë§Œì ì— 5ì ,2024.04.10,ê±´ì„±ì— ì¢‹ì•„ìš”,ë³´ìŠµì— ì¢‹ì•„ìš”,ìžê·¹ì—†ì´ ìˆœí•´ìš”,ê³„ì ˆë°”ë€”ë•Œë§ˆë‹¤ í”¼ë¶€ê±´ì¡°í•¨ì„ ë„ˆë¬´ ëŠê»´ìš” ã…œã…œì†ê±´ì¡°ê°€ ë„ˆë¬´ ì‹¬í•´ì„œ ì–¼êµ´ì´ ìžê¾¸ ë•¡ê¸°ê³  ê±°ì¹ ê±°ì¹ í•´ì ¸ì„œ ì•ˆë˜ê² ë‹¤ ì‹¶ì–´ ìˆ˜ë¶„í¬ë¦¼ì„ ì£¼ë¬¸í–ˆì–´ìš”ì–¼êµ´ì— ë°”ë¥´ëŠ”ê±°ë¼ ì¸ìœ„ì ì¸ í–¥ì´ ìžˆìŒ ê±°ë¶€ê°ì´ ìžˆëŠ”ë°ì´ ì œí’ˆì€ ìš°ì„  ë¬´í–¥ì— ì œí˜•ìŠ¤íƒ€ì¼ì´ê³ ë°”ë¥´ë©´ í¡ìˆ˜ë ¥ì´ ìž¥ë‚œì•„ë‹ˆë„¤ìš”~~ëˆì ìž„ ì—†ì´ ë°”ë¡œ í¡ìˆ˜!!!! ë°”ë¥¸ ë¶€ë¶„ì´ ë°˜ì§ë°˜ì§ê·¸ëŸ¬ë‹¤ ì‚¬ë¼ì§€ë‹ˆ ê·¸ë§Œí¼ í¡ìˆ˜ë ¥ì´ ë¹ ë¥´ë‹¤ëŠ”â€¦.ìˆ˜ë¶„ë³´ì¶©ë„ ì¢‹ì§€ë§Œ ë¯¸ë°±ê³¼ ì£¼ë¦„ê°œì„  íš¨ê³¼ë„ ë³¼ìˆ˜ìžˆë‹¤ë‹ˆë„ˆë¬´ ë§˜ì— ë“œë„¤ìš”,,https://image.oliveyoung.co.kr/uploads/images/gdasEditor/2024/04/10/1712713744953.png?QT=85&SF=webp,https://www.oliveyoung.co.kr/store/goods/getGoodsDetail.do?goodsNo=A000000197659&t_page=%ED%86%B5%ED%95%A9%EA%B2%80%EC%83%89%EA%B2%B0%EA%B3%BC%ED%8E%98%EC%9D%B4%EC%A7%80&t_click=%EA%B2%80%EC%83%89%EC%83%81%ED%92%88%EC%83%81%EC%84%B8&t_search_name=%EA%B1%B4%EC%84%A0&t_number=104&dispCatNo=1000001000100150001&trackingCd=Result_61_all#,https://image.oliveyoung.co.kr/uploads/images/gdasEditor/2024/04/10/1712713749925.png?QT=85&SF=webp,https://static.oliveyoung.co.kr/pc-static-root/image/comm/my_picture_base.jpg
ë‹¥í„°ë©œë½ì‹  ì•„ì¿ ì•„ ì´ì˜¨ í”Œë¼ì¦ˆë§ˆ ìˆ˜ë¶„ í¬ë¦¼,ìŠ¹ë³´,,,,,5ì ë§Œì ì— 5ì ,2024.04.08,ê±´ì„±ì— ì¢‹ì•„ìš”,ë³´ìŠµì— ì¢‹ì•„ìš”,ìžê·¹ì—†ì´ ìˆœí•´ìš”,"í™•ì‹¤ížˆ ê°„ì ˆê¸° ì‹œì¦Œì€ ì†ê±´ì¡°ê°€ í™• ëŠê»´ì ¸ìš”. íŠ¹ížˆ ìš”ì¦˜ê°™ì€ ë´„ì² ì—” ë¾°ë£¨ì§€ê°€ ì •ë§ ìž˜ë‚˜ë”ë¼êµ¬ìš”.ë´„ì² ì—” ë¯¸ì„¸ë¨¼ì§€ë‚˜ í™©ì‚¬ë“± í”¼ë¶€ì— ë…¸íë¬¼ì´ ë  ì¡´ìž¬ë“¤ë„ ë§Žê³ ,  ê±°ê¸°ì— í–‡ë³•ì´ ë”°ê°€ì› ë‹¤ ì¶”ì› ë‹¤ê°€ê°€ ë°˜ë³µë˜ë‹ˆê¹Œ ìˆ˜ë¶„í¬ë¦¼ì´ ì •ë§ í•„ìˆ˜ì¸ ê³„ì ˆì´ ëì–´ìš”.ì „ì— ìš°ì—°ížˆ ë‹¥í„°ë©œë½ì‹  ì œí’ˆì„ ì ‘í•˜ê²Œ ëëŠ”ë°, ìƒê°ë³´ë‹¤ ë„ˆë¬´ ë§Œì¡±ìŠ¤ëŸ¬ì›Œ ì´ë²ˆ ìˆ˜ë¶„í¬ë¦¼ë„ ì„ íƒí•˜ê²Œ ë˜ì—ˆë„¤ìš”.ìš°ì„  í–¥ì€ ë¬´í–¥ì´êµ¬ìš”, ìƒ‰ê°ì€ ì•„ì´ìŠ¤ë¹™í•˜ê°™ì€ ìƒ‰ì¸ë°, ë©˜í†¨ì„±ë¶„ê°™ì€ê±´ ì—†ì–´ì„œ ë§‰ ì‹œì›!! í•˜ì§„ì•Šì§€ë§Œ ì •ë§ ì´‰ì´‰í•˜ë„¤ìš”.ì†”ì§ížˆ ë§¨ì²˜ìŒì€ ëˆì í•œê°€? ì‹¶ë‹¤ê°€ë„ ëª‡ë²ˆ ë‘ë“œë ¤ì£¼ë©´ ì™ í¡ìˆ˜ë˜ì„œ ëˆì í•œëŠë‚Œë„ ì—†ì–´ì ¸ìš”~ ë‚®ì— ë°”ë¥´ê³  ê·¸ ìœ„ì— í™”ìž¥í•´ë´¤ëŠ”ë° ì •ë§ í•˜ë£¨ì¢…ì¼ ì†ê²€ì¡°ê°€ ì—†ì–´ì„œ ë‹¤ì‹œí•œë²ˆ ë„ˆë¬´ ë§Œì¡±í–ˆìŠµë‹ˆë‹¤. ì •ë§ ìž˜ì‚°ê±°ê°™ì•„ìš”~â˜†",,https://image.oliveyoung.co.kr/uploads/images/gdasEditor/2024/04/08/1712508126067.png?QT=85&SF=webp,https://www.oliveyoung.co.kr/store/goods/getGoodsDetail.do?goodsNo=A000000197659&t_page=%ED%86%B5%ED%95%A9%EA%B2%80%EC%83%89%EA%B2%B0%EA%B3%BC%ED%8E%98%EC%9D%B4%EC%A7%80&t_click=%EA%B2%80%EC%83%89%EC%83%81%ED%92%88%EC%83%81%EC%84%B8&t_search_name=%EA%B1%B4%EC%84%A0&t_number=104&dispCatNo=1000001000100150001&trackingCd=Result_61_all#,https://image.oliveyoung.co.kr/uploads/images/gdasEditor/2024/04/08/1712508137178.png?QT=85&SF=webp,https://static.oliveyoung.co.kr/pc-static-root/image/comm/my_picture_base.jpg
ë‹¥í„°ë©œë½ì‹  ì•„ì¿ ì•„ ì´ì˜¨ í”Œë¼ì¦ˆë§ˆ ìˆ˜ë¶„ í¬ë¦¼,misong0012,,,,,5ì ë§Œì ì— 5ì ,2024.04.07,ê±´ì„±ì— ì¢‹ì•„ìš”,ë³´ìŠµì— ì¢‹ì•„ìš”,ìžê·¹ì—†ì´ ìˆœí•´ìš”,ì ¤í¬ë¦¼ê°™ì€ì œí˜•ìœ¼ë¡œ ë°œë¦¬ëŠ” íŽ¸ì´ì—ìš” ì§„ì§œ ë¶€ë“œëŸ½ê²Œ ìž˜ë°œë¼ì§€ëŠ”íŽ¸ì´ê³  ë¬´í–¥ì— ì°ë“í•¨ì—†ì´ í¡ìˆ˜ë˜ë”ë¼êµ¬ìš” ì›Œë‚™ ê±´ì¡°í•œíŽ¸ì¸ë° ìš”ì¦˜ê°™ì€ í™˜ì ˆê¸°ì—ëŠ” ì§„ì§œ ë­˜ë°œë¼ê³  ìˆ˜ë¶„ê°ì—†ì´ ì©ì©ê°ˆë¼ì§€ëŠ” ëŠë‚Œ..ìš”ê±´ ì¹œêµ¬ê°€ ì¶”ì²œí•´ì¤˜ì„œ ì¨ë´¤ëŠ”ë° ìƒê°ë³´ë‹¤ ë„ˆë¬´ì¢‹ë”ë¼êµ¬ìš” ê±´ì¡°í•˜ê³ ì˜ˆë¯¼í•œíŽ¸ì¸ë°ë„ íŽ¸ì•ˆí•˜ê²Œ ìž˜ë§žì•˜ì–´ìš” ë°”ë¥´ê³ ë‚˜ë©´ ì˜ˆì˜ê²Œ ê´‘ë‚˜ëŠ” íŽ¸ì´ë¼ì„œ í™”ìž¥í•´ë„ í”¼ë¶€í‘œí˜„ì´ ì—„ì²­ ì˜ˆì˜ê²Œë˜ë„¤ìš” í–¥ë“¤ì–´ìžˆëŠ”ê±° ì‹«ì–´í•˜ì‹œëŠ” ë¶„ë“¤í•œí…Œë„ ë”±ì´ì—ìš” ìœ ë¶„ê¸° ê·¸ë“í•´ì„œ ë³´ìŠµë˜ëŠ” ëŠë‚Œì•„ë‹ˆë¼ ì§„ì§œ ìˆ˜ë¶„ê° ê·¸ë“ê·¸ë“í•˜ë”ë¼êµ¬ìš” ì‚¬ì‹¤ ì ¤í¬ë¦¼ê°™ì€ ì œí˜•ì„ ë³„ë¡œ ì•ˆì¢‹ì•„í•˜ëŠ”ë° ê·¸ íŠ¹ìœ ì˜ ë§‰ì”Œìš´ ëŠë‚Œê°™ì€ê±¸ ë³„ë¡œ ì•ˆì¢‹ì•„í•˜ê±°ë“ ìš” ê·¼ë°ìš”ê±´ ë°œë¦¼ì„±ì€ ì ¤í¬ë¦¼ê°™ì´ ì‚´ì§ ê°€ë²¼ìš´ë“¯í•œëŠë‚Œì¸ë° ë§‰ì”Œìš´ ë¬´ê±°ìš´ëŠë‚Œì´ ì•ˆë“¤ì–´ì„œ ì¢‹ì•„ìš”,https://www.oliveyoung.co.kr/store/goods/getGoodsDetail.do?goodsNo=A000000197659&t_page=%ED%86%B5%ED%95%A9%EA%B2%80%EC%83%89%EA%B2%B0%EA%B3%BC%ED%8E%98%EC%9D%B4%EC%A7%80&t_click=%EA%B2%80%EC%83%89%EC%83%81%ED%92%88%EC%83%81%EC%84%B8&t_search_name=%EA%B1%B4%EC%84%A0&t_number=104&dispCatNo=1000001000100150001&trackingCd=Result_61_all#,https://image.oliveyoung.co.kr/uploads/images/gdasEditor/2024/04/07/1712483233932_KakaoTalk_20240407_181518409_03.jpg?QT=85&SF=webp,,,https://static.oliveyoung.co.kr/pc-static-root/image/comm/my_picture_base.jpg
ë‹¥í„°ë©œë½ì‹  ì•„ì¿ ì•„ ì´ì˜¨ í”Œë¼ì¦ˆë§ˆ ìˆ˜ë¶„ í¬ë¦¼,Calendula211,,,,,5ì ë§Œì ì— 5ì ,2024.04.05,ë³µí•©ì„±ì— ì¢‹ì•„ìš”,ë³´ìŠµì— ì¢‹ì•„ìš”,ìžê·¹ì—†ì´ ìˆœí•´ìš”,"2027ë…„ê¹Œì§€ì¸ ì œí’ˆì„ ë°›ì•„ ìœ í†µê¸°í•œ ë„‰ë„‰í•˜ê³  ì–‘ë„ ë§Žì•„ì„œ ì˜¤ëž«ë™ì•ˆ ì“¸ ìˆ˜ ìžˆì„ê²ƒê°™ì•„ ê°œë´‰ í›„ ì²« ì¸ìƒë¶€í„° ì¢‹ì•˜ìŠµë‹ˆë‹¤ðŸ¥° ì œí˜•ì´ ì´‰ì´‰í•˜ë©´ì„œë„ ë„ˆë¬´ ê°€ë³ì§€ë„, ê¾¸ë•ì´ì§€ë„ ì•Šì•„ì„œ ì‚¬ì‹¤ ì–´ë–¤ í”¼ë¶€íƒ€ìž…ì´ë“  ìž˜ ë§žì„ ê²ƒ ê°™ì•„ìš”. ê¸°ëŒ€í–ˆë˜ ë¶€ë¶„ì€ ì•„ë‹Œë° ì¿¨ë§íš¨ê³¼ë„ ì¢‹ì•„ì„œ í”¼ë¶€ ìˆ˜ë¶„ ë³´ì¶©ë¿ë§Œ ì•„ë‹ˆë¼ ìžê·¹ ê°€ë¼ì•‰ížˆëŠ”ë°ì—ë„ íš¨ê³¼ ë³¼ ìˆ˜ ìžˆì„ë“¯í•œ ëŠë‚Œì´ ë“¤ì—ˆìŠµë‹ˆë‹¤ðŸ˜Š",https://www.oliveyoung.co.kr/store/goods/getGoodsDetail.do?goodsNo=A000000197659&t_page=%ED%86%B5%ED%95%A9%EA%B2%80%EC%83%89%EA%B2%B0%EA%B3%BC%ED%8E%98%EC%9D%B4%EC%A7%80&t_click=%EA%B2%80%EC%83%89%EC%83%81%ED%92%88%EC%83%81%EC%84%B8&t_search_name=%EA%B1%B4%EC%84%A0&t_number=104&dispCatNo=1000001000100150001&trackingCd=Result_61_all#,https://image.oliveyoung.co.kr/uploads/images/gdasEditor/2024/04/05/1712327389032.png?QT=85&SF=webp,,,https://static.oliveyoung.co.kr/pc-static-root/image/comm/my_picture_base.jpg
ë‹¥í„°ë©œë½ì‹  ì•„ì¿ ì•„ ì´ì˜¨ í”Œë¼ì¦ˆë§ˆ ìˆ˜ë¶„ í¬ë¦¼,ë¬¸ì‹œì˜,,,,,5ì ë§Œì ì— 5ì ,2024.04.05,ê±´ì„±ì— ì¢‹ì•„ìš”,ë³´ìŠµì— ì¢‹ì•„ìš”,ìžê·¹ì—†ì´ ìˆœí•´ìš”,ë¬´ì¡°ê±´ ë³´ìŠµë ¥ ì¢‹ì€ ì œí’ˆ ì°¾ë‹¤ê°€ êµ¬ë§¤í–ˆì–´ìš”.ë„ˆë¬´ ë¬½ì§€ë„ ë˜ì§í•˜ì§€ë„ ì•ŠëŠ” ë¶€ë“œëŸ¬ìš´ ì œí˜•ìœ¼ë¡œ  50mlìš©ëŸ‰ì˜ ë¬´í–¥ìž…ë‹ˆë‹¤.ê·¸ëƒ¥ ë”± ë´ë„ ìˆ˜ë¶„ê°ì´ ëŠê»´ì§ˆë§Œí¼ ë¶€ë“œëŸ½ê²Œ íŽ´ë°œë¼ í¡ìˆ˜ì‹œí‚¤ë©´ ì´‰ì´‰í•´ì ¸ìš”.ëˆì ìž„ë„ ì—†ê³  ì´‰ì´‰í•¨ì´ ì˜¤ëž˜ ìœ ì§€ë˜ë„¤ìš”.ë¬´í–¥ì´ë¼ ë” ìˆœí•« ê·¸ëŸ°ëŠë‚Œì´ê³  ìžê·¹.íŠ¸ëŸ¬ë¸” ì—†ì–´ì„œ ìž˜ ì‚¬ìš©í•˜ê³  ìžˆì–´ìš”í”¼ë¶€ê³¼ ë‹¤ë…€ì™”ì„ë•Œ ë“¬ë¿ ë°œëžë”ë‹ˆ ë¶‰ì€ê¸°ë„ ì§„ì •ë˜ê³  ê±´ì¡°í•¨ë„ ìˆ˜ë¶„ìœ¼ë¡œ ìž˜ì±„ì›Œì¤˜ì„œ ë§Œì¡±í•´ìš”^^,,https://image.oliveyoung.co.kr/uploads/images/gdasEditor/2024/04/05/1712293453511.png?QT=85&SF=webp,https://www.oliveyoung.co.kr/store/goods/getGoodsDetail.do?goodsNo=A000000197659&t_page=%ED%86%B5%ED%95%A9%EA%B2%80%EC%83%89%EA%B2%B0%EA%B3%BC%ED%8E%98%EC%9D%B4%EC%A7%80&t_click=%EA%B2%80%EC%83%89%EC%83%81%ED%92%88%EC%83%81%EC%84%B8&t_search_name=%EA%B1%B4%EC%84%A0&t_number=104&dispCatNo=1000001000100150001&trackingCd=Result_61_all#,https://image.oliveyoung.co.kr/uploads/images/gdasEditor/2024/04/05/1712293470830.png?QT=85&SF=webp,https://static.oliveyoung.co.kr/pc-static-root/image/comm/my_picture_base.jpg
ë‹¥í„°ë©œë½ì‹  ì•„ì¿ ì•„ ì´ì˜¨ í”Œë¼ì¦ˆë§ˆ ìˆ˜ë¶„ í¬ë¦¼,gnfodn,,,,,5ì ë§Œì ì— 5ì ,2024.04.05,ê±´ì„±ì— ì¢‹ì•„ìš”,ë³´ìŠµì— ì¢‹ì•„ìš”,ìžê·¹ì—†ì´ ìˆœí•´ìš”,"ë‹¥í„°ë©œë½ì‹  ì•„ì¿ ì•„ ì´ì˜¨ í”Œë¼ì¦ˆë§ˆ ìˆ˜ë¶„ í¬ë¦¼ì€ ì •ë§ ë¯¿ì„ ë§Œí•œ ì œí’ˆìž…ë‹ˆë‹¤. ì œ í”¼ë¶€ëŠ” ì˜ˆë¯¼í•˜ê³  ê±´ì¡°í•´ì„œ ì ì ˆí•œ ìˆ˜ë¶„ ê³µê¸‰ì´ í•„ìš”í•œë°, ì´ í¬ë¦¼ì€ ì œ í”¼ë¶€ì— ë”± ë§žì•˜ì–´ìš”. ì‚¬ìš©í•˜ê³  ë‚˜ì„œ í”¼ë¶€ê°€ ì´‰ì´‰í•˜ê³  ìƒê¸°ê°€ ëŒì•„ì™€ì„œ ë„ˆë¬´ ê¸°ë»¤ìŠµë‹ˆë‹¤. ë¯¸ë°±ê³¼ ì£¼ë¦„ ê°œì„  íš¨ê³¼ë„ ë›°ì–´ë‚˜ì„œ í”¼ë¶€ í†¤ì´ ë°ì•„ì§€ê³  ì£¼ë¦„ë„ ê°œì„ ë˜ì—ˆìŠµë‹ˆë‹¤. ë¬´ì—‡ë³´ë‹¤ë„ í”¼ë¶€ ì €ìžê·¹ í…ŒìŠ¤íŠ¸ë¥¼ ì™„ë£Œí•œ ì œí’ˆì´ë¼ ë¶€ë‹´ ì—†ì´ ì‚¬ìš©í•  ìˆ˜ ìžˆì–´ì„œ ì¢‹ì•˜ì–´ìš”. ëŠ˜ ì˜ˆë¯¼í•œ í”¼ë¶€ ë•Œë¬¸ì— í™”ìž¥í’ˆì„ ì„ íƒí•˜ëŠ” ë° ì–´ë ¤ì›€ì„ ê²ªì—ˆëŠ”ë°, ì´ í¬ë¦¼ì€ ì •ë§ë¡œ ì œ í”¼ë¶€ë¥¼ ìœ„í•œ ìµœê³ ì˜ ì œí’ˆ ì¤‘ í•˜ë‚˜ìž…ë‹ˆë‹¤. ê°•ë ¥ížˆ ì¶”ì²œí•©ë‹ˆë‹¤!""",,https://image.oliveyoung.co.kr/uploads/images/gdasEditor/2024/04/05/1712279718631.png?QT=85&SF=webp,https://www.oliveyoung.co.kr/store/goods/getGoodsDetail.do?goodsNo=A000000197659&t_page=%ED%86%B5%ED%95%A9%EA%B2%80%EC%83%89%EA%B2%B0%EA%B3%BC%ED%8E%98%EC%9D%B4%EC%A7%80&t_click=%EA%B2%80%EC%83%89%EC%83%81%ED%92%88%EC%83%81%EC%84%B8&t_search_name=%EA%B1%B4%EC%84%A0&t_number=104&dispCatNo=1000001000100150001&trackingCd=Result_61_all#,https://image.oliveyoung.co.kr/uploads/images/gdasEditor/2024/04/05/1712279721021.png?QT=85&SF=webp,https://static.oliveyoung.co.kr/pc-static-root/image/comm/my_picture_base.jpg
ë‹¥í„°ë©œë½ì‹  ì•„ì¿ ì•„ ì´ì˜¨ í”Œë¼ì¦ˆë§ˆ ìˆ˜ë¶„ í¬ë¦¼,ë§Œë“€ë§Œë“€ë§Œë“€ë§Œë“€,,,,,5ì ë§Œì ì— 5ì ,2024.04.04,ë³µí•©ì„±ì— ì¢‹ì•„ìš”,ì§„ì •ì— ì¢‹ì•„ìš”,ìžê·¹ì—†ì´ ìˆœí•´ìš”,"ì¼ë‹¨, ë¹ ë¥¸ë°°ì†¡ ìµœê³ ìµœê³  !! ê°€ë²¼ìš´ í¬ë¦¼ì œí˜•ì´ê³  ë°œë¼ë³´ë‹ˆ í¡ìˆ˜ë ¥ì´ ì¢‹ì•„ìš”ë°€ë¦¼ í˜„ìƒì€ ì „í˜€ ì—†ì–´ìš”ê·¸ëŸ¼ì—ë„ ë¶ˆêµ¬í•˜ê³  ë³´ìŠµë ¥ë„ ì¢‹êµ¬ìš”í”¼ë¶€ê³¼ ì‹œìˆ ë‹¤ë…€ì™€ì„œ ì˜ˆë¯¼í•œ í”¼ë¶€ìƒíƒœì—ì§„ì •íš¨ê³¼ê¹Œì§€ ìžˆìœ¼ë‹ˆ ë” ë§ˆìŒì— ë“¤ì–´ìš”í–¥ë„ ê±°ì˜ ë¬´í–¥ì— ê°€ê¹Œìš¸ë§Œí¼ ìžê·¹ì ì´ì§€ ì•Šêµ¬ìš”ë‚ ì”¨ê°€ ë²Œì¨ ë”ì›Œì§€ë ¤í•˜ì§€ë§Œ ê±´ì¡°í•œ ì§€ê¸ˆ ,ì‚°ëœ»í•˜ê³  ê°€ë³ê²Œ ë°”ë¥´ê¸° ë„ˆë¬´ ì¢‹ì€ê±°ê°™ì•„ì„œ ì¶”ì²œí•©ë‹ˆë‹¤",,,,,https://static.oliveyoung.co.kr/pc-static-root/image/comm/my_picture_base.jpg
ë‹¥í„°ë©œë½ì‹  ì•„ì¿ ì•„ ì´ì˜¨ í”Œë¼ì¦ˆë§ˆ ìˆ˜ë¶„ í¬ë¦¼,shi****,,,,,5ì ë§Œì ì— 5ì ,2024.04.04,ê±´ì„±ì— ì¢‹ì•„ìš”,ë³´ìŠµì— ì¢‹ì•„ìš”,ìžê·¹ì—†ì´ ìˆœí•´ìš”,"ë•Œ ë§ˆì¹¨ ìˆ˜ë¶„í¬ë¦¼ë„ ì‚¬ì•¼í–ˆê³  100ì‹œê°„ ë³´ìŠµì´ ê°€ëŠ¥í•˜ë‹¤ëŠ” ê´‘ê³  ë³´ê³  êµ¬ìž…í–ˆì–´ìš”!! ë„ˆë¬´ ìž˜ì‚¿ë‹¤ê³  ëŠê»´ì§€ëŠ”ê²Œ ì•„ì¿ ì•„ ì´ì˜¨ í”Œë¼ì¦ˆë§ˆ í¬ë¦¼ì„ ê¾¸ì¤€ížˆ ë°œë¼ì£¼ê³  ìžˆëŠ”ë° ì«€ì«€ í”¼ë¶€ ë¬¼ê´‘íš¨ê³¼ê°€ ë‚˜íƒ€ë‚˜ í”¼ë¶€ê²°ë„ ë„ˆë¬´ ë³´ë“œëŸ¬ì›Œì¡‹ê³  í”¼ë¶€í†¤ë„ í™”ì‚¬í•´ì§€ëŠ”ê²Œ ë¯¸ë°±íš¨ê³¼ë„ ë‚˜íƒ€ë‚˜ ë¯¿ê³  ì“°ê³  ìž‡ì–´ìš”. ì´‰ì´‰í•¨ë„ ì—„ì²­ ì˜¤ëž˜ê°€ ë³´ìŠµ ì§€ì†ë ¥ì´ ì •ë§ ì˜¤ëž˜ê°€ëŠ” ì œí’ˆì´ì˜ˆìš”. ì‚°ëœ»í•œ ì œí˜•ìœ¼ë¡œ ëˆì ìž„ë„ ì—†ê³  ì´‰ì´‰í•´ì§€ë‹ˆ ê±´ì¡°ë¡œ ì¸í•´ ë“¤ëœ¸ í™”ìž¥ì´ ì—†ê³  í™”ìž¥ë„ ìž˜ ë¨¹ì–´ ì•„ì¹¨, ì €ë…ìœ¼ë¡œ ë“¬ë¿ ë°œë¼ì£¼ê³  ìžˆì–´ìš”^^",,https://image.oliveyoung.co.kr/uploads/images/gdasEditor/2024/04/04/1712234637253.png?QT=85&SF=webp,https://www.oliveyoung.co.kr/store/goods/getGoodsDetail.do?goodsNo=A000000197659&t_page=%ED%86%B5%ED%95%A9%EA%B2%80%EC%83%89%EA%B2%B0%EA%B3%BC%ED%8E%98%EC%9D%B4%EC%A7%80&t_click=%EA%B2%80%EC%83%89%EC%83%81%ED%92%88%EC%83%81%EC%84%B8&t_search_name=%EA%B1%B4%EC%84%A0&t_number=104&dispCatNo=1000001000100150001&trackingCd=Result_61_all#,https://image.oliveyoung.co.kr/uploads/images/gdasEditor/2024/04/04/1712234642182.png?QT=85&SF=webp,
ë‹¥í„°ë©œë½ì‹  ì•„ì¿ ì•„ ì´ì˜¨ í”Œë¼ì¦ˆë§ˆ ìˆ˜ë¶„ í¬ë¦¼,zbto88,,,,,5ì ë§Œì ì— 5ì ,2024.04.04,ë³µí•©ì„±ì— ì¢‹ì•„ìš”,ë³´ìŠµì— ì¢‹ì•„ìš”,ìžê·¹ì—†ì´ ìˆœí•´ìš”,í™˜ì ˆê¸°ë¼ê·¸ëŸ°ì§€ í”¼ë¶€ê°€ í‘¸ì„í‘¸ì„ ê±´ì¡°í•´ì„œìˆ˜ë¶„í¬ë¦¼ì„ ì°¾ì•„ë‹¤ë‹ˆë‹¤ ì—°êµ¬ì§„ ì´ë¦„ì„ê±¸ê³  í™˜ë¶ˆê¹Œì§€í•´ì¤€ë‹¤ëŠ” ë‹¹ë‹¹í•¨ì— í˜¸ê¸°ì‹¬ìœ¼ë¡œ êµ¬ë§¤í–ˆìŠµë‹ˆë‹¤í”¼ë¶€ ì €ìžê·¹ì— ë¯¸ë°±. ì£¼ë¦„ ê°œì„  100ì‹œê°„ ë³´ìŠµì§€ì†ìž„ìƒ ì‹¤í—˜ê¹Œì§€ í–ˆë‹¤ë‹ˆ ë”ë”ìš± ë¯¿ìŒì´ê°”ë„¤ìš”ìˆ˜ë¶„ì†ì‹¤ëŸ‰ 123.93% ê°œì„ ì„ í•´ì¤€ë‹¤í•˜ë©° íŠ¹ížˆë‚˜í™”ìž¥ì„ ìž˜ë¨¹ê²Œ í•´ì¤€ë‹¤ë„¤ìš”!í™˜ì ˆê¸°ì—” íŒ©íŠ¸í•˜ê³  ì‹œê°„ì§€ë‚˜ë©´ ëœ¨ëŠ”ê°ì´ìžˆì–´ê³¤ìš• ìŠ¤ëŸ¬ì› ëŠ”ë° ë„ˆë¬´ì¢‹ì•„ìš”ì†ë“±ì‚¬ì§„ë³´ì´ì‹œë‚˜ìš” ìˆ˜ë¶„ê°ì´ ì•„ì£¼ ë¯¸ì³¤ìŠµë‹ˆë‹¤ì €ìžê·¹ì´ë¼ í•˜ì—¬ ì• ë“¤ ì–¼êµ´ì—ë„ ë°œë¼ì£¼ê³  ì €ë„ ë°œëžë„¤ìš”ë°”ëžŒì´ë¼ë©´ ëŒ€ìš©ëŸ‰ë„ ë‚˜ì™”ìœ¼ëª€ ì¢‹ê² ìŠµë‹ˆë‹¤ìž˜ì“¸ê²Œìš”,https://www.oliveyoung.co.kr/store/goods/getGoodsDetail.do?goodsNo=A000000197659&t_page=%ED%86%B5%ED%95%A9%EA%B2%80%EC%83%89%EA%B2%B0%EA%B3%BC%ED%8E%98%EC%9D%B4%EC%A7%80&t_click=%EA%B2%80%EC%83%89%EC%83%81%ED%92%88%EC%83%81%EC%84%B8&t_search_name=%EA%B1%B4%EC%84%A0&t_number=104&dispCatNo=1000001000100150001&trackingCd=Result_61_all#,https://image.oliveyoung.co.kr/uploads/images/gdasEditor/2024/04/04/1712229558181.png?QT=85&SF=webp,,,https://static.oliveyoung.co.kr/pc-static-root/image/comm/my_picture_base.jpg
ë‹¥í„°ë©œë½ì‹  ì•„ì¿ ì•„ ì´ì˜¨ í”Œë¼ì¦ˆë§ˆ ìˆ˜ë¶„ í¬ë¦¼,sosomom,,,,,5ì ë§Œì ì— 5ì ,2024.04.04,ê±´ì„±ì— ì¢‹ì•„ìš”,ë³´ìŠµì— ì¢‹ì•„ìš”,ìžê·¹ì—†ì´ ìˆœí•´ìš”,í”¼ë¶€ê°€ ê±´ì¡°í•´ì„œ ìˆ˜ë¶„í¬ë¦¼ì€ í•„ìˆ˜ë¡œ ì‚¬ìš©í•˜ê³  ìžˆëŠ”ë° ì´ë²ˆì— ìš”ì œí’ˆìœ¼ë¡œ ê²Ÿí•´ë³´ì•˜ì–´ìš”^^ ì¼ë‹¨ ë°”ë¥´ëŠ” ìˆœê°„ ì«€ì«€í•˜ë©´ì„œ ì°© ë¶™ëŠ” ëŠë‚Œ(?) ê·¸ë¦¬ê³  ì‹œì›í•˜ë©´ì„œ ì´‰ì´‰í•´ ì§€ë”ë¼êµ¬ìš”^^ ëˆì ìž„ì€ 1ë„ ì—†ê³  ì‹¹ ìŠ¤ë©°ë“­ë‹ˆë‹¤^^ ë„ˆë¬´ ì¢‹ë„¤ìš” ê°€ì„±ë¹„ê¹Œì§€ ì¢‹ì•„ì„œ ê¾¸ì¤€ížˆ ì‚¬ìš©í•˜ê¸° ì¢‹ì„ê²ƒ ê°™ì•„ìš”^^ ê±´ì¡°í•œí”¼ë¶€ì— ë”±ìž…ë‹ˆë‹¤ ê°•ì¶”^^,,,,,https://static.oliveyoung.co.kr/pc-static-root/image/comm/my_picture_base.jpg
ë‹¥í„°ë©œë½ì‹  ì•„ì¿ ì•„ ì´ì˜¨ í”Œë¼ì¦ˆë§ˆ ìˆ˜ë¶„ í¬ë¦¼,ê¹€ì •ìˆ™,,,,,5ì ë§Œì ì— 5ì ,2024.04.04,ê±´ì„±ì— ì¢‹ì•„ìš”,ì£¼ë¦„/ë¯¸ë°±ì— ì¢‹ì•„ìš”,ìžê·¹ì—†ì´ ìˆœí•´ìš”,ê±´ì¡°í•˜ê³  í‘¸ì„í•œ í”¼ë¶€ì— ìˆ˜ë¶„ì„ ì‹ ì†í•˜ê²Œ í¡ìˆ˜ì‹œì¼œ ì´‰ì´‰í•˜ê²Œ ë¹›ë‚˜ëŠ” í”¼ë¶€ë¡œ ë§ˆë¬´ë¦¬ í•´ì£¼ëŠ” ìˆ˜ë¶„ ë¬¼ê´‘ í¬ë¦¼ ì´ë¼ê³ í•´ì„œ ì €ë„ êµ¬ë§¤ í–ˆì–´ìš”! ì‚¬ìš©í•´ë³´ë‹ˆ ì§„ì§œ ì´‰ì´‰ ê´‘ì´ ë‚˜ë”ë¼ê³ ìš”.ë˜í•œ í”¼ë¶€ì˜ ë¯¸ë°±ê³¼ ì£¼ë¦„ê°œì„ ì— ë„ì›€ì„ ì¤€ë‹¤ê³  í•˜ë‹ˆ ì¼ì„ì´ì¡°!! í¡ìˆ˜ë ¥ì´ ì¢‹ì•„ ë“¬ë¶ ë°œë¼ë„ ê¸ˆë°© ì‹¹ ìŠ¤ë©° ë“¤ë”ë¼ê³ ìš”.ëª‡ì¼ ì‚¬ìš©í•´ë³´ë‹ˆ ì–¼êµ´ì´ ë‹¬ë¼ì¡Œì–´ìš”.íŠ¹í—ˆê¹Œì§€ ë°›ì•˜ë‹¤ê³  í•˜ë‹ˆ ìˆ˜ë¶„ì´ ë¹ ì ¸ ë‚˜ê°€ì§€ ì•Šë„ë¡ ë‹¨ë‹¨ížˆ ìž¡ì•„ì£¼ëŠ” ì„±ë¶„ì´ ë“¤ì–´ìžˆë‹¤ê³ í•´ìš”.í”¼ë¶€ìž¥ë²½ ê°•í™” 8ì¤‘ ížˆì•Œë£¨ë¡ ì‚°ìœ¼ë¡œ ê²‰ë¶€í„° ì†ê¹Œì§€ ìˆ˜ë¶„ì„ ê³µê¸‰í•´ ì¤€ë‹¤ê³ í•´ìš”.ì¤‘ê°„ìº¡ì´ ìžˆì–´ ìœ„ìƒì ìœ¼ë¡œ ì‚¬ìš© ê°€ëŠ¥í•œ ì œí’ˆì´ë„¤ìš”.íˆ¬ëª…í•œ í•˜ëŠ˜ìƒ‰ ì ¤ ì œí˜•ìœ¼ë¡œ ë¬½ì§€ ì•Šì€ ì«€ì«€í•œ ì œí˜•ì´ì˜ˆìš”.ë¬´í–¥ìœ¼ë¡œ í–¥ì´ ì—†ì–´ ë” ì¢‹ë”ë¼ê³ ìš”.í”¼ë¶€ ì €ìžê·¹ í…ŒìŠ¤íŠ¸ê¹Œì§€ ì™„ë£Œí•œ ì œí’ˆì´ë¼ê³ í•˜ë‹ˆ ë¯¿ê³  ì‚¬ìš©í•˜ìš”.ì˜¤ëžœì‹œê°„ ì´‰ì´‰í•¨ì´ ìœ ì§€ë˜ì–´ì„œ ì¢‹ì•„ìš”.,https://www.oliveyoung.co.kr/store/goods/getGoodsDetail.do?goodsNo=A000000197659&t_page=%ED%86%B5%ED%95%A9%EA%B2%80%EC%83%89%EA%B2%B0%EA%B3%BC%ED%8E%98%EC%9D%B4%EC%A7%80&t_click=%EA%B2%80%EC%83%89%EC%83%81%ED%92%88%EC%83%81%EC%84%B8&t_search_name=%EA%B1%B4%EC%84%A0&t_number=104&dispCatNo=1000001000100150001&trackingCd=Result_61_all#,https://image.oliveyoung.co.kr/uploads/images/gdasEditor/2024/04/04/1712226224713.png?QT=85&SF=webp,,,https://static.oliveyoung.co.kr/pc-static-root/image/comm/my_picture_base.jpg
ë‹¥í„°ë©œë½ì‹  ì•„ì¿ ì•„ ì´ì˜¨ í”Œë¼ì¦ˆë§ˆ ìˆ˜ë¶„ í¬ë¦¼,ë¿Œì‚2,,,,,5ì ë§Œì ì— 5ì ,2024.04.04,ë³µí•©ì„±ì— ì¢‹ì•„ìš”,ë³´ìŠµì— ì¢‹ì•„ìš”,ìžê·¹ì—†ì´ ìˆœí•´ìš”,í¬ë¦¼ì´ í”¼ë¶€ì— ë°”ë¥´ë©´ ì«€ì«€í•˜ê²Œ ì°© ë¶™ëŠ” ëŠë‚Œì´ ë“¤ì–´ìš”.í¬ë¦¼ì´ í”¼ë¶€ì— ì´ˆë°€ì°©ëœ ëŠë‚Œì´ëž„ê¹Œìš”.í–¥ê¸° ìžˆëŠ” í™”ìž¥í’ˆ ì•ˆì¢‹ì•„í•˜ëŠ”ë° ì´ê±´ ì§„ì§œ ê±°ì˜ ë¬´í–¥ì´ì—ìš”.í”¼ë¶€ê°€ í™ì¡°ë„ ìžˆê³  ì˜ˆë¯¼í•œíŽ¸ì¸ë° ì—„ì²­ ìˆœí•´ìš”. ë„ˆë¬´ ìˆœí•´ì„œ ë‹¤ë¥¸ ë¼ì¸ë„ í•œë²ˆ ì¨ë³´ê³ ì‹¶ë„¤ìš”!í™”ìž¥í•˜ê³  ì‹œê°„ì´ ì¢€ ì§€ë‚˜ë©´ ê±´ì¡°í•´ì ¸ì„œ ëœ¨ëŠ”ë° ì´ê±° ë°”ë¥´ê³  í™”ìž¥í•˜ë©´ í™•ì‹¤ížˆ ì§€ì†ì‹œê°„ì´ ë” ê¸¸ì–´ì ¸ìš”. ê°•ì¶”ì—ìš”!!,https://www.oliveyoung.co.kr/store/goods/getGoodsDetail.do?goodsNo=A000000197659&t_page=%ED%86%B5%ED%95%A9%EA%B2%80%EC%83%89%EA%B2%B0%EA%B3%BC%ED%8E%98%EC%9D%B4%EC%A7%80&t_click=%EA%B2%80%EC%83%89%EC%83%81%ED%92%88%EC%83%81%EC%84%B8&t_search_name=%EA%B1%B4%EC%84%A0&t_number=104&dispCatNo=1000001000100150001&trackingCd=Result_61_all#,https://image.oliveyoung.co.kr/uploads/images/gdasEditor/2024/04/04/1712223411950.png?QT=85&SF=webp,,,https://static.oliveyoung.co.kr/pc-static-root/image/comm/my_picture_base.jpg
ë‹¥í„°ë©œë½ì‹  ì•„ì¿ ì•„ ì´ì˜¨ í”Œë¼ì¦ˆë§ˆ ìˆ˜ë¶„ í¬ë¦¼,ê¹€ë¯¼ì„œë§˜,,,,,5ì ë§Œì ì— 5ì ,2024.04.03,ë³µí•©ì„±ì— ì¢‹ì•„ìš”,ë³´ìŠµì— ì¢‹ì•„ìš”,ìžê·¹ì—†ì´ ìˆœí•´ìš”,ì œê°€ ìš”ì¦˜ ë¯¸ë°±ì´ëž‘ ì£¼ë¦„ì— ë§Žì´ ì‹ ê²½ì„ì“°ê³  ìžˆì–´ì„œ êµ¬ë§¤í•´ë´¤ì–´ìš”~!ì¼ë‹¨ ì´ì œí’ˆì€ ì €ìžê·¹í…ŒìŠ¤íŠ¸ì—ì„œë„ í†µê³¼í•œì œí’ˆì´ë¼ê³ í•´ì„œ ë¯¿ìŒì´ê°”ë„¤ìš”.ê±´ì¡°í•˜ê³  í‘¸ì„í•œí”¼ë¶€ì— ì‚¬ìš©í•˜ê¸° ë„ˆë¬´ì¢‹ì€ ë¬¼ê´‘í…œì¸ê±° ê°™ì•„ìš” ã…Žã…Žì œí˜•ë„ ì—„ì²­ìˆ˜ë¶„ê°ìžˆê³  ì–¼êµ´ì— ë°œëžë”ë‹ˆ í¡ìˆ˜ë„ ìž˜ë˜ê³  ë³´ìŠµë ¥ì´ ì •ë§ ë„ˆë¬´ ì¢‹ì•„ìš”~!ë˜ ìžì—°ìŠ¤ëŸ¬ìš´ ë¬¼ê´‘ì„ ì£¼ë©° ê±´ì¡°í•¨ì„ ìž¡ì•„ì¤˜ì„œ í”¼ë¶€ê°€ ì´‰ì´‰í•¨ì„ ìœ ì§€ì‹œì¼œì£¼ê³  ì €ì˜ í‘¸ì„í•œ í”¼ë¶€ì— ê´‘ì´ ë°˜ì§ë°˜ì§ ë‚˜ìš”~!!ë§ˆêµ¬ ì¶”ì²œí• ì˜ˆì •ìž„~!!,https://www.oliveyoung.co.kr/store/goods/getGoodsDetail.do?goodsNo=A000000197659&t_page=%ED%86%B5%ED%95%A9%EA%B2%80%EC%83%89%EA%B2%B0%EA%B3%BC%ED%8E%98%EC%9D%B4%EC%A7%80&t_click=%EA%B2%80%EC%83%89%EC%83%81%ED%92%88%EC%83%81%EC%84%B8&t_search_name=%EA%B1%B4%EC%84%A0&t_number=104&dispCatNo=1000001000100150001&trackingCd=Result_61_all#,https://image.oliveyoung.co.kr/uploads/images/gdasEditor/2024/04/03/1712146446510.png?QT=85&SF=webp,,,https://static.oliveyoung.co.kr/pc-static-root/image/comm/my_picture_base.jpg
ë‹¥í„°ë©œë½ì‹  ì•„ì¿ ì•„ ì´ì˜¨ í”Œë¼ì¦ˆë§ˆ ìˆ˜ë¶„ í¬ë¦¼,zzzae,,,,,5ì ë§Œì ì— 5ì ,2024.04.03,ë³µí•©ì„±ì— ì¢‹ì•„ìš”,ë³´ìŠµì— ì¢‹ì•„ìš”,ìžê·¹ì—†ì´ ìˆœí•´ìš”,"í™˜ì ˆê¸°ê°€ ë˜ë‹ˆ í”¼ë¶€ê°€ ë¯¼ê°í•´ì ¸ì„œ ë¬´ë‚œí•œ ìˆ˜ë¶„í¬ë¦¼ ì°¾ë‹¤ê°€ ì£¼ë¬¸í–ˆì–´ìš”! ì €ëŠ” ê±´ì„±ì— ê°€ê¹Œìš´ ì¤‘ì„±ì´ê³  í”¼ë¶€ëŠ” ë‘êº¼ìš´ íŽ¸ìž…ë‹ˆë‹¤. ìœ ëª…í•œ ì œí’ˆì€ ì•„ë‹ˆì§€ë§Œ ë¬´ë‚œí•´ë³´ì—¬ì„œ ì£¼ë¬¸í–ˆëŠ”ë° ì‹¤ì œë¡œ ì‚¬ìš©í•´ë³´ë‹ˆ ìœ ë¶„ê¸° ìžˆëŠ” í…í…í•œ ìˆ˜ë¶„í¬ë¦¼ì´ ì•„ë‹Œ ë§‘ê³  ê°€ë³ê²Œ ìˆ˜ë¶„ë§Œ ì±„ì›Œì£¼ëŠ” ì œí˜•ì´ë¼ ì¢‹ì•˜ìŠµë‹ˆë‹¤. í¬ë¦¼ì€ ì‚´ì§ í‘¸ë¥¸ë¹›ì´ ë„ëŠ”ë°, í”¼ë¶€ì— ì˜¬ë ¸ì„ë• ì „í˜€ ê·¸ë ‡ì§€ ì•Šì•„ìš”. ì €ëŠ” ë°¤ì— ì‚¬ìš©í–ˆëŠ”ë° ê°€ë²¼ìš´ ëŠë‚Œì´ë¼ ëª‡ë²ˆ ë ˆì´ì–´ë§ í•˜ë©´ì„œ ì“°ë ¤êµ¬ìš”. ìž˜ì“¸ê²Œìš”!",,https://image.oliveyoung.co.kr/uploads/images/gdasEditor/2024/04/03/1712119858930.png?QT=85&SF=webp,https://www.oliveyoung.co.kr/store/goods/getGoodsDetail.do?goodsNo=A000000197659&t_page=%ED%86%B5%ED%95%A9%EA%B2%80%EC%83%89%EA%B2%B0%EA%B3%BC%ED%8E%98%EC%9D%B4%EC%A7%80&t_click=%EA%B2%80%EC%83%89%EC%83%81%ED%92%88%EC%83%81%EC%84%B8&t_search_name=%EA%B1%B4%EC%84%A0&t_number=104&dispCatNo=1000001000100150001&trackingCd=Result_61_all#,https://image.oliveyoung.co.kr/uploads/images/gdasEditor/2024/04/03/1712119866063.png?QT=85&SF=webp,https://static.oliveyoung.co.kr/pc-static-root/image/comm/my_picture_base.jpg
ë‹¥í„°ë©œë½ì‹  ì•„ì¿ ì•„ ì´ì˜¨ í”Œë¼ì¦ˆë§ˆ ìˆ˜ë¶„ í¬ë¦¼,ì •ë¯¸ê²½,,,,,5ì ë§Œì ì— 5ì ,2024.01.29,ê±´ì„±ì— ì¢‹ì•„ìš”,ë³´ìŠµì— ì¢‹ì•„ìš”,ìžê·¹ì—†ì´ ìˆœí•´ìš”,ê±´ì¡°í•œ í”¼ë¶€ì— ìˆ˜ë¶„ì„ ê½‰ ì±„ì›Œì¤€ë‹¤ëŠ” ìœ **ë¥¼ ë³´ê³  êµ¬ë§¤í–ˆëŠ”ë° í•œë²ˆ ì‚¬ìš©ì— ë°˜í–ˆì–´ìš”.ë‚ ì”¨ê°€ ì°¨ê°€ì›Œì§€ë‹ˆ í‰ì†Œ ê±´ì„± í”¼ë¶€ë¼ ì™ ë§Œí•œ ìˆ˜ë¶„í¬ë¦¼ìœ¼ë¡œëŠ” ì»¤ë²„ê°€ ì‰½ì§€ ì•Šì€ë° ë‹¥í„°ë©˜ë½ì‹  ì•„ì¿ ì•„ ì´ì˜¨ í”Œë¼ì¦ˆë§ˆ ìˆ˜ë¶„í¬ë¦¼ì€ ì–¼êµ´ ì „ì²´ ë°œë¼ì£¼ë‹ˆ í¡ìˆ˜ë„ ë¹ ë¥´ê³  ì´‰ì´‰í•˜ê³  ë‹¹ê¹€ë„ ì—†ìœ¼ë©° ë­£ë³´ë‹¤ ëˆì ìž„ì´ ì—†ì–´ì„œ ì™„ì „ ë§˜ì— ë“¤ì–´ìš”. ë˜í•œ ë°”ë¥¸ í›„ ê°€ë ¤ì›€ë„ ì—†ê³  ì‚¬ì¶˜ê¸° ë”¸ê³¼ í•¨ê»˜ ì‚¬ìš©í•˜ê¸°ì—ë„ ì¢‹ë„¤ìš”.ê±´ì„± í”¼ë¶€~ëˆì ìž„ì´ ì‹«ì–´ í¬ë¦¼íƒ€ìž…ì„ í”¼í•˜ì‹œëŠ” ë¶„ë“¤. ë¹ ë¥´ê²Œ í¡ìˆ˜ë˜ëŠ” ì œí’ˆì„ ì°¾ìœ¼ì‹œëŠ” ë¶„ë“¤ê»˜ ì ê·¹ ì¶”ì²œí•´ì£¼ê³  ì‹¶ì–´ìš”~ì™„ì „ ë§˜ì— ë“¤ì–´ìš”,,https://image.oliveyoung.co.kr/uploads/images/gdasEditor/2024/01/29/1706465427498.png?QT=85&SF=webp,https://www.oliveyoung.co.kr/store/goods/getGoodsDetail.do?goodsNo=A000000197659&t_page=%ED%86%B5%ED%95%A9%EA%B2%80%EC%83%89%EA%B2%B0%EA%B3%BC%ED%8E%98%EC%9D%B4%EC%A7%80&t_click=%EA%B2%80%EC%83%89%EC%83%81%ED%92%88%EC%83%81%EC%84%B8&t_search_name=%EA%B1%B4%EC%84%A0&t_number=104&dispCatNo=1000001000100150001&trackingCd=Result_61_all#,https://image.oliveyoung.co.kr/uploads/images/gdasEditor/2024/01/29/1706465435948.png?QT=85&SF=webp,https://static.oliveyoung.co.kr/pc-static-root/image/comm/my_picture_base.jpg
ë‹¥í„°ë©œë½ì‹  ì•„ì¿ ì•„ ì´ì˜¨ í”Œë¼ì¦ˆë§ˆ ìˆ˜ë¶„ í¬ë¦¼,ìž¥ì‹ ì• ,,,,,5ì ë§Œì ì— 5ì ,2024.01.27,ê±´ì„±ì— ì¢‹ì•„ìš”,ë³´ìŠµì— ì¢‹ì•„ìš”,ìžê·¹ì—†ì´ ìˆœí•´ìš”,ê²¨ìš¸ì²  ë°”ëžŒì— ê±°ì¹ ì–´ì§„ í”¼ë¶€ì— ë³´ìŠµì´ í•„ìš”í•´ ìˆ˜ë¶„í¬ë¦¼ êµ¬ìž…í–ˆì–´ìš”..ê¸°ì´ˆí™”ìž¥ í›„ ë§ˆì§ë§‰ ë‹¨ê³„ì— ë°œë¼ ì£¼ì—ˆëŠ”ë° í”¼ë¶€ì— ë°”ë¡œ ì´‰ì´‰ížˆ í¡ìˆ˜ë˜ì–´ ìˆ˜ë¶„ì¶©ì „ì´ ì—„ì²­ ë˜ìš”!! ìˆœí•œì œí’ˆì´ë¼ ì•„ì´ë“¤ì´ëž‘ ê°™ì´ ì‚¬ìš© í•´ë„ ë êº¼ ê°™ì•„ìš”^^ì™¸ì¶œ í›„ ëŒì•„ì™€ë„ ìˆ˜ë¶„ë§‰ í˜•ì„±ì´ ìž˜ë˜ í”¼ë¶€ê°€ ì´‰ì´‰í•¨ì´ ìœ ì§€ ë˜ì„œ ë§Œì¡± ìŠ¤ëŸ½ìŠµë‹ˆë‹¤!!,,https://image.oliveyoung.co.kr/uploads/images/gdasEditor/2024/01/27/1706328642647.png?QT=85&SF=webp,https://www.oliveyoung.co.kr/store/goods/getGoodsDetail.do?goodsNo=A000000197659&t_page=%ED%86%B5%ED%95%A9%EA%B2%80%EC%83%89%EA%B2%B0%EA%B3%BC%ED%8E%98%EC%9D%B4%EC%A7%80&t_click=%EA%B2%80%EC%83%89%EC%83%81%ED%92%88%EC%83%81%EC%84%B8&t_search_name=%EA%B1%B4%EC%84%A0&t_number=104&dispCatNo=1000001000100150001&trackingCd=Result_61_all#,https://image.oliveyoung.co.kr/uploads/images/gdasEditor/2024/01/27/1706328647167.png?QT=85&SF=webp,https://static.oliveyoung.co.kr/pc-static-root/image/comm/my_picture_base.jpg
ë‹¥í„°ë©œë½ì‹  ì•„ì¿ ì•„ ì´ì˜¨ í”Œë¼ì¦ˆë§ˆ ìˆ˜ë¶„ í¬ë¦¼,pinkj****,ë³µí•©ì„±,ì›œí†¤,ê°ì§ˆ,ë‹¤í¬ì„œí´,5ì ë§Œì ì— 5ì ,2024.01.25,ë³µí•©ì„±ì— ì¢‹ì•„ìš”,ë³´ìŠµì— ì¢‹ì•„ìš”,ìžê·¹ì—†ì´ ìˆœí•´ìš”,ê²¨ìš¸ì´ë¼ í”¼ë¶€ê°€ ê·¹ê°•ìœ¼ë¡œ ë„ˆë¬´ ê±´ì¡°í•´ì„œ ìˆ˜ë¶„í¬ë¦¼ êµ¬ë§¤! ìš©ëŸ‰ì´ 50mlë¼ ì»¤ì„œ ì¢‹ë„¤ìš”. ë°°ì†¡ì€ ì´í‹€ ê±¸ë ¤ì„œ ë„ì°©í–ˆê³  ì˜¤ìžë§ˆìž ì €ë…ë¶€í„° ë°œë¼ë´¤ëŠ”ë° í–¥ì´ íŠ¹ë³„ížˆ ë§Žì´ ë‚˜ê±°ë‚˜ í•˜ì§„ ì•Šì•„ìš”. ë°œë¦¼ì„±ì€ ë„ˆë¬´ ì¢‹ì•„ìš”. í”¼ë¶€ê°€ ì§„ì§œ ê±´ì¡°í–ˆëŠ”ì§€ ì¢ìŒ€ì²˜ëŸ¼ ì˜¤ëŒì˜¤ëŒ ë‚¬ì—ˆëŠ”ë° ì´í‹€ì •ë„ ì•„ì¹¨ ì €ë…ìœ¼ë¡œ ë“¬ë¿ ë°”ë¥´ê³  ìž¤ë”ë‹ˆ ì†ì— ìˆ˜ë¶„ì´ ì°¨ì˜¤ë¥´ë‚˜ë´ìš”. ì–¼êµ´ì´ ê´‘ì´ ë‚˜ë”ë¼êµ¬ìš”. í”¼ë¶€ ê°€ë ¤ì›€ë„ ê°€ë¼ì•‰ëŠ”ê±° ê°™ê³  ë¬´ì—‡ë³´ë‹¤ ë°”ë¥¼ë•Œ í¡ìˆ˜ë ¥ì´ ì§„ì§œ ì¢‹ì•„ìš”. ê²‰ë„ëŠ” ìˆ˜ë¶„ê°ì´ ì•„ë‹ˆë¼ ì•ˆì—ì„œë¶€í„° ì±„ì›Œì§€ëŠ”ê±° ê°™ì•„ì„œ ì¢‹ë„¤ìš”. ê°€ë²¼ìš´ ì œí˜•ì´ë¼ ë” ë³´ìŠµì´ í•„ìš”í•˜ì‹œë©´ ì˜¤ì¼ ì‚´ì§ ë°”ë¥´ë©´ ë” ì˜¤ëž˜ ìœ ì§€ë˜ëŠ”ê±° ê°™ì•„ìš”. ë‚®ì— ë°”ë¥´ê³  í™”ìž¥í–ˆëŠ”ë° ì•ˆë°€ë¦¬ê³  ì¶©ë¶„ížˆ ìˆ˜ë¶„ì„ í”¼ë¶€ì— ë¨¹ì—¬ì¤¬ë”ë‹ˆ í™”ìž¥ë„ ì•ˆëœ¨ê³  í”¼ë¶€ ì¢‹ì•„ë³´ì¸ë‹¤ê³  ë“¤ì–´ì„œ ë„ˆë¬´ ì¢‹ë„¤ìš”! í›„ë”± ì“°ê³  ìŸì—¬ì„œ ì¨ì•¼ê² ì–´ìš”!,,,,,https://static.oliveyoung.co.kr/pc-static-root/image/comm/my_picture_base.jpg
ë‹¥í„°ë©œë½ì‹  ì•„ì¿ ì•„ ì´ì˜¨ í”Œë¼ì¦ˆë§ˆ ìˆ˜ë¶„ í¬ë¦¼,SeanK,,,,,5ì ë§Œì ì— 5ì ,2024.01.24,ë³µí•©ì„±ì— ì¢‹ì•„ìš”,ë³´ìŠµì— ì¢‹ì•„ìš”,ìžê·¹ì—†ì´ ìˆœí•´ìš”,ë³µí•© ì§€ì„±ì¸ í”¼ë¶€ë¼ ê²¨ìš¸ì´ ë˜ë©´ ì–¼êµ´ì´ ê±´ì¡°í•´ì ¸ì„œ ì„±ë¶„ ì¢‹ê³  ìˆœí•œ ìˆ˜ë¶„ í¬ë¦¼ ì°¾ë‹¤ê°€ ì•Œê²Œë˜ì–´ êµ¬ë§¤í•˜ê²Œ ë˜ì—ˆì–´ìš”. í†µë„ ìœ ë¦¬ë¡œ ë˜ì–´ìžˆì–´ ì„±ë¶„ì´ ì•ˆì‹¬ì´ ë˜ì—ˆì–´ìš”. í‰ì†Œ íŠ¸ëŸ¬ë¸”ì´ ë§Žì´ ì˜¬ë¼ì™€ì„œ ë¡œì…˜ ê°™ì€ê±¸ ì•„ë¬´ê±°ë‚˜ ì“°ê¸° íž˜ë“ ë° ë‹¥í„° ë©œë½ì‹  ì•„ì¿ ì•„ ì´ì˜¨ í”Œë¼ì¦ˆë§ˆ ìˆ˜ë¶„ í¬ë¦¼ì€ ë¯¿ê³  ì“¸ìˆ˜ ìžˆì„ ê²ƒ ê°™ì•„ìš”. í–¥ë„ ê±°ì˜ ì—†ì–´ì„œ í”¼ë¶€ ìžê·¹í•˜ëŠ” ì²¨ê°€ì œê°€ ì ì€ ê²ƒ ê°™ì•„ì„œ ë§Œì¡± ìŠ¤ëŸ½ìŠµë‹ˆë‹¤. ìƒ‰ì€ ì•½ê°„ í‘¸ë¥¸ ë¹›ì´ ë„ëŠ” í°ìƒ‰ì´ì—ìš”.ë°œë¦¼ì„±ë„ ì¢‹ì•„ ê´œì°®ìŠµë‹ˆë‹¤.,https://www.oliveyoung.co.kr/store/goods/getGoodsDetail.do?goodsNo=A000000197659&t_page=%ED%86%B5%ED%95%A9%EA%B2%80%EC%83%89%EA%B2%B0%EA%B3%BC%ED%8E%98%EC%9D%B4%EC%A7%80&t_click=%EA%B2%80%EC%83%89%EC%83%81%ED%92%88%EC%83%81%EC%84%B8&t_search_name=%EA%B1%B4%EC%84%A0&t_number=104&dispCatNo=1000001000100150001&trackingCd=Result_61_all#,https://image.oliveyoung.co.kr/uploads/images/gdasEditor/2024/01/24/1706087279713.png?QT=85&SF=webp,,,https://static.oliveyoung.co.kr/pc-static-root/image/comm/my_picture_base.jpg
ë‹¥í„°ë©œë½ì‹  ì•„ì¿ ì•„ ì´ì˜¨ í”Œë¼ì¦ˆë§ˆ ìˆ˜ë¶„ í¬ë¦¼,ìœ¼ë†ì´ë‹¤,,,,,5ì ë§Œì ì— 5ì ,2024.01.20,ì§€ì„±ì— ì¢‹ì•„ìš”,ì£¼ë¦„/ë¯¸ë°±ì— ì¢‹ì•„ìš”,ìžê·¹ì—†ì´ ìˆœí•´ìš”,ì´ë§Œí•œ ê²Œ ì—†ì–´ìš”! ì†ê±´ì¡°ë¥¼ ì±„ì›Œì•¼ í™”ìž¥ë„ ìž˜ë¨¹ê³  í”¼ë¶€ê²°ë„ ì¢‹ì•„ë³´ì´ë‹ˆê¹Œ~ ì €ì—ê²ŒëŠ” ì´ê²Œ í•„ìˆ˜í…œìž…ë‹ˆë‹¤!! ì§€ê¸ˆê» ì†ê±´ì¡° ë•Œë¬¸ì— ë§Žì´ ë°”ë¥¼ìˆ˜ë¡ ì–¼êµ´ì— ìœ ë¶„ê¸°ë§Œ ë§Žì•„ì ¸ì„œ ë„ˆë¬´ ê³ ë¯¼ì´ì—ˆëŠ”ë°~ ì´ ìˆ˜ë¶„í¬ë¦¼ì€ ë”± í”¼ë¶€ì†ì— ì´‰ì´‰í•¨ì„ ì±„ì›Œì¤˜ì„œ ìˆ˜ë¶„ ë°¸ëŸ°ìŠ¤ ì¡°ì ˆí•´ì£¼ê³  ì´‰ì´‰í•¨ì„ ìœ ì§€ì‹œì¼œì£¼ê³  ìœ ë¶„ê¸°ê°€ ë§Žì´ ìƒê¸°ì§€ëŠ” ì•Šì•„ìš”! ì˜ˆë¯¼í•œ ì œ í”¼ë¶€ì—ë„ ìž˜ ë§žì„ì •ë„ë¡œ ìˆœí•˜ê³  ìˆ˜ë¶„ ì¶©ì „í•˜ê¸° ì¢‹ì€ í¬ë¦¼ìž…ë‹ˆë‹¤! ì´ê±´ ì œ ì£¼ìœ„ì—ë„ ì—„ì²­ í™ë³´í•˜ê³  ë‹¤ë‹ˆê³  ìžˆëŠ”ë°~ í•œë²ˆ ì¨ë³¸ ì‚¬ëžŒì€ ê³„ì† ì“¸ìˆ˜ë°–ì— ì—†ë‹¤í•˜ê³ ~ ì•ˆì¨ë³¸ ì‚¬ëžŒì€ ëª°ë¼ì„œ ì•ˆì”ë‹ˆë‹¤~ ê·¸ëƒ¥ í•œë²ˆ ì¨ë³´ë©´ ë¬´ìŠ¨ë§ì¸ì§€ ì•Œê±°ì—ìš”! ê·¸ëƒ¥ ì¢‹ìŠµë‹ˆë‹¤ ë„ˆë¬´!,https://www.oliveyoung.co.kr/store/goods/getGoodsDetail.do?goodsNo=A000000197659&t_page=%ED%86%B5%ED%95%A9%EA%B2%80%EC%83%89%EA%B2%B0%EA%B3%BC%ED%8E%98%EC%9D%B4%EC%A7%80&t_click=%EA%B2%80%EC%83%89%EC%83%81%ED%92%88%EC%83%81%EC%84%B8&t_search_name=%EA%B1%B4%EC%84%A0&t_number=104&dispCatNo=1000001000100150001&trackingCd=Result_61_all#,https://image.oliveyoung.co.kr/uploads/images/gdasEditor/2024/01/20/1705715262335.png?QT=85&SF=webp,,,https://static.oliveyoung.co.kr/pc-static-root/image/comm/my_picture_base.jpg
ë‹¥í„°ë©œë½ì‹  ì•„ì¿ ì•„ ì´ì˜¨ í”Œë¼ì¦ˆë§ˆ ìˆ˜ë¶„ í¬ë¦¼,ë¯¼ì •ì´3,,,,,5ì ë§Œì ì— 5ì ,2024.01.19,ê±´ì„±ì— ì¢‹ì•„ìš”,ë³´ìŠµì— ì¢‹ì•„ìš”,ìžê·¹ì—†ì´ ìˆœí•´ìš”,ì„¸ìˆ˜í•˜ê³  ë°”ë¡œ í¬ë¦¼ ì•ˆë°”ë¥´ë©´ í”¼ë¶€ê°€ ë„ˆë¬´ ë‹¹ê²¼ëŠ”ë° ë‹¥í„° ë©œë¼ì‹  ìˆ˜ë¶„í¬ë¦¼ì€  í¬ë¦¼ìžì²´ë„ ìˆ˜ë¶„ê°ì´ ë³´ì´ëŠ” ì œí˜•ì— ë°œëžë”ë‹ˆ í”¼ë¶€ê°€ ì´‰ì´‰í•˜ê²Œ ë¬¼ê´‘ì´ ë‚˜ìš” ìš” ìˆ˜ë¶„í¬ë¦¼ë§Œ ë°œë¼ë„ ì´‰ì´‰í•´ì„œ ê¸‰í• ë• ìˆ˜ë¶„í¬ë¦¼ë§Œ ë°”ë¥´ê³  ì§‘ì•ˆì¼ í•˜ê¸°ë„ í•˜ëŠ”ë° ë³´í†µì€ ìŠ¤í‚¨ë°”ë¥´ê³  ë‚œ í›„ì— ì´ ìˆ˜ë¶„í¬ë¦¼ ë°”ë¥´ê³  ì¶”ê°€ë¡œ ì˜¤ì¼ì„¸ëŸ¼ ì¶”ê°€ë¡œ ë°”ë¥´ê³  ë‚˜ë©´ ë” ë³´ìŠµë ¥ë„ ìœ ì§€ë˜ìš” ë²ˆë“¤ê±°ë¦¬ê±°ë‚˜ ëˆì ì´ì§€ë„ ì•Šê³  ê¹”ë”í•˜ê²Œ ì´‰ì´‰í•´ì§„ ëŠë‚Œì´ì˜ˆìš”ì‹œê°„ì§€ë‚˜ë„ ì´‰ì´‰í•œ ìƒíƒœ ì˜¤ëž˜ ìœ ì§€ ë˜ë‹ˆ í”¼ë¶€ê°€ ê±´ì¡°í•  í‹ˆì´ ì—†ì–´ìš”ê³„ì† ë°”ë¥´ë‹¤ë³´ë‹ˆ  ì„¸ìˆ˜í›„ì— í¬ë¦¼ ê¹œë¹¡í•´ë„ ë‹¹ê¸°ì§€ ì•Šì•„,https://www.oliveyoung.co.kr/store/goods/getGoodsDetail.do?goodsNo=A000000197659&t_page=%ED%86%B5%ED%95%A9%EA%B2%80%EC%83%89%EA%B2%B0%EA%B3%BC%ED%8E%98%EC%9D%B4%EC%A7%80&t_click=%EA%B2%80%EC%83%89%EC%83%81%ED%92%88%EC%83%81%EC%84%B8&t_search_name=%EA%B1%B4%EC%84%A0&t_number=104&dispCatNo=1000001000100150001&trackingCd=Result_61_all#,https://image.oliveyoung.co.kr/uploads/images/gdasEditor/2024/01/19/1705668743686.png?QT=85&SF=webp,,,https://static.oliveyoung.co.kr/pc-static-root/image/comm/my_picture_base.jpg
ë‹¥í„°ë©œë½ì‹  ì•„ì¿ ì•„ ì´ì˜¨ í”Œë¼ì¦ˆë§ˆ ìˆ˜ë¶„ í¬ë¦¼,LUVHOUSE,,,,,5ì ë§Œì ì— 5ì ,2024.01.19,ê±´ì„±ì— ì¢‹ì•„ìš”,ë³´ìŠµì— ì¢‹ì•„ìš”,ìžê·¹ì—†ì´ ìˆœí•´ìš”,ì €ëŠ” ê±´ì„±í”¼ë¶€ë¼ íŠ¹ížˆ ê²¨ìš¸ì² ì—” ì§‘ì¤‘ë³´ìŠµì¼€ì–´ê°€ í•„ìš”í•œë° ì´ê±° best choice ìž…ë‹ˆë‹¹â™¡ê¸°ì´ˆí›„ ì´ê±° ë°”ë¥´ê³  ë² ì´ìŠ¤ ë©”ì´í¬ì—…ì„ í•˜ë‹ˆê¹Œ ìˆ˜ë¶„ì¶©ì „ë˜ë©´ì„œ ë°¸ëŸ°ìŠ¤ê°€ ë§žì¶°ì ¸ ë“¤ëœ¨ëŠ”ê±° 1ë„ ì—†ì´ ê¹”ë”í•˜ê²Œ ë©”ì´í¬ì—…ì´ ë˜ë”ë¼êµ¬ìš”^^ë˜ ì•„ì¹¨ì— ë©”ì´í¬ì—…í•˜ê³  ë‚˜ê°€ë©´ ì €ë…ì— ì§‘ ì˜¬ë•Œê¹Œì§€ ì´‰ì´‰í•¨ì´ ê·¸ëŒ€ë¡œì—ìš” ì§„ì§œ!!!ã…Žëˆì ìž„ë„ ì—†ê³  ë„ˆë¬´ ì¢‹ì•„ìš”â™¡ì €ë…ì—ëŠ” ìˆ˜ë©´íŒ©ì²˜ëŸ¼ ë°”ë¥´ê¸°ë„ í•˜ëŠ”ë°ê·¸ëŸ¬ë‹ˆê¹Œ ì•„ì¹¨ì— í”¼ë¶€ì»¨ë””ì…˜ì´ ë‹¬ë¼ì§€ë„¤ìš”ã…Žã…Žìˆ˜ë¶„ì´ ì¶©ì „ë˜ë‹ˆê¹Œ í”¼ë¶€ì— ì€ê·¼ížˆ ê´‘ë„ ë‚˜ê³ ~í”¼ë¶€ ì™„ì „ ì¢‹ì•„ì¡Œì–´ìš”!!! ê²¨ìš¸ì˜ í•„ìˆ˜í…œ!,,https://image.oliveyoung.co.kr/uploads/images/gdasEditor/2024/01/19/1705623282416.png?QT=85&SF=webp,https://www.oliveyoung.co.kr/store/goods/getGoodsDetail.do?goodsNo=A000000197659&t_page=%ED%86%B5%ED%95%A9%EA%B2%80%EC%83%89%EA%B2%B0%EA%B3%BC%ED%8E%98%EC%9D%B4%EC%A7%80&t_click=%EA%B2%80%EC%83%89%EC%83%81%ED%92%88%EC%83%81%EC%84%B8&t_search_name=%EA%B1%B4%EC%84%A0&t_number=104&dispCatNo=1000001000100150001&trackingCd=Result_61_all#,https://image.oliveyoung.co.kr/uploads/images/gdasEditor/2024/01/19/1705623287259.png?QT=85&SF=webp,https://static.oliveyoung.co.kr/pc-static-root/image/comm/my_picture_base.jpg
ë‹¥í„°ë©œë½ì‹  ì•„ì¿ ì•„ ì´ì˜¨ í”Œë¼ì¦ˆë§ˆ ìˆ˜ë¶„ í¬ë¦¼,ceheunhee,,,,,5ì ë§Œì ì— 5ì ,2024.01.18,ë³µí•©ì„±ì— ì¢‹ì•„ìš”,ë³´ìŠµì— ì¢‹ì•„ìš”,ìžê·¹ì—†ì´ ìˆœí•´ìš”,ì„¸ì•ˆí›„ ëŒì•„ì„œë©´ ì–¼êµ´ì´ ë‹¹ê¸°ëŠ” ëŠë‚Œì´ ë“œëŠ” ê²¨ìš¸ì´ë¼ ê¸ˆì„¸ í”¼ë¶€ê°€ í‘¸ì„í•´ì§€ëŠ” ì§€ê¸ˆ ë”± ë°”ë¥´ê¸° ì¢‹ì€ ì œí’ˆì´ì—ìš”. í”¼ë¶€ì— ìŠ¤ë©°ë“œëŠ” ëŠë‚Œì´ ì •ë§ ê¹”ë”í•´ìš”.ìœ ë¶„ì´ ë„ˆë¬´ ë§Žì€ ì œí’ˆë“¤ì€ ë°”ë¥´ë©´ì„œ ë¬´ê±°ìš´ ëŠë‚Œì´ ë“œëŠ”ë° ì´ì œí’ˆì€ ì „í˜€ ê·¸ ëŸ° ëŠë‚Œì´ ì—†ì–´ìš”.í•œë²ˆ ë“¬ë¿ ë°œëžëŠ”ë° ì´‰ì´‰í•œ ìˆ˜ë¶„ê°ì´ ì˜¤ëž˜ ìœ ì§€ë¼ì„œ ì•„ì£¼ ê¸°ë¶„ì´ ì¢‹ë„¤ìš”.  ì •ë§ ì¢‹ì€ ì œí’ˆìž…ë‹ˆë‹¤!!ì ê·¹ ì¶”ì²œ ë“œë ¤ìš¤!!,https://www.oliveyoung.co.kr/store/goods/getGoodsDetail.do?goodsNo=A000000197659&t_page=%ED%86%B5%ED%95%A9%EA%B2%80%EC%83%89%EA%B2%B0%EA%B3%BC%ED%8E%98%EC%9D%B4%EC%A7%80&t_click=%EA%B2%80%EC%83%89%EC%83%81%ED%92%88%EC%83%81%EC%84%B8&t_search_name=%EA%B1%B4%EC%84%A0&t_number=104&dispCatNo=1000001000100150001&trackingCd=Result_61_all#,https://image.oliveyoung.co.kr/uploads/images/gdasEditor/2024/01/18/1705518010718.png?QT=85&SF=webp,,,https://static.oliveyoung.co.kr/pc-static-root/image/comm/my_picture_base.jpg
ë‹¥í„°ë©œë½ì‹  ì•„ì¿ ì•„ ì´ì˜¨ í”Œë¼ì¦ˆë§ˆ ìˆ˜ë¶„ í¬ë¦¼,ë°˜ì¨•ë¹¤ì¨•,ê±´ì„±,ê°€ì„ì›œí†¤,ê°ì§ˆ,ë‹¤í¬ì„œí´,5ì ë§Œì ì— 5ì ,2024.03.03,ê±´ì„±ì— ì¢‹ì•„ìš”,ë³´ìŠµì— ì¢‹ì•„ìš”,ìžê·¹ì—†ì´ ìˆœí•´ìš”,ì•°í”Œ ê°™ì´ ì‚¬ìš©í•˜ê³  ìžˆëŠ”ë° ì§„ì§œ ì¢‹ì•„ìš”íŒ©ì´ ë”°ë¡œ í•„ìš” ì—†ì–´ìš”ëˆì ìž„ì—†ëŠ” ì´‰ì´‰í•¨!!í‘¸ì„í•œ í”¼ë¶€ì— ì •ë§ ì¢‹ì€ í¬ë¦¼ìž…ë‹ˆë‹¤,,,,,
ë‹¥í„°ë©œë½ì‹  ì•„ì¿ ì•„ ì´ì˜¨ í”Œë¼ì¦ˆë§ˆ ìˆ˜ë¶„ í¬ë¦¼,ëˆˆì‹œë¦¬,ê±´ì„±,ë´„ì›œí†¤,ê°ì§ˆ,ëª¨ê³µ,5ì ë§Œì ì— 5ì ,2024.02.29,ê±´ì„±ì— ì¢‹ì•„ìš”,ë³´ìŠµì— ì¢‹ì•„ìš”,ìžê·¹ì—†ì´ ìˆœí•´ìš”,ìˆ˜ë¶„ ì•„ì£¼ ë„‰ë„‰í•˜ê³  ìˆ˜ë¶„ì§€ì†ë ¥ë„ ì˜¤ëž˜ê°€ìš”. ì†ë³´ìŠµ ìž˜ ìž¡ì•„ì¤ë‹ˆë‹¤,,,,,
ë‹¥í„°ë©œë½ì‹  ì•„ì¿ ì•„ ì´ì˜¨ í”Œë¼ì¦ˆë§ˆ ìˆ˜ë¶„ í¬ë¦¼,hong1,ë³µí•©ì„±,,,,5ì ë§Œì ì— 5ì ,2024.05.31,ë³µí•©ì„±ì— ì¢‹ì•„ìš”,ë³´ìŠµì— ì¢‹ì•„ìš”,ìžê·¹ì—†ì´ ìˆœí•´ìš”,ì´ì œ ì—¬ë¦„ì´ ë‹¤ê°€ì™€ì„œ ê¾¸ë•í•œ ê±° ë§êµ¬ ê°€ë³ì§€ë§Œ ì´‰ì´‰í•œ ìˆ˜ë¶„í¬ë¦¼ ì°¾ë‹¤ê°€ í™”ìž¥ ìž˜ ë¨¹ëŠ”ë‹¤ ê¸¸ëž˜ í•œë²ˆ ì‚¬ë´¤ì–´ìš”ê¸°ì´ˆ ë§ˆì§€ë§‰ìœ¼ë¡œ ë“¬ë¿ ë°œë¼ì£¼ëŠ”ë° ëƒ‰ìž¥ê³ ì— ë„£ì–´ ë†¨ë‹¤ê°€ ì—´ ë§Žì´ ë°›ì€ ë‚  ì˜¬ë ¤ì£¼ë©´ì–¼êµ´ë„ ì¿¨ë§ë¼ì„œ ê·¸ëŸ°ê°€ í™”ìž¥ì€ ì§„ì§œ ìž˜ ë¨¹ë”ë¼ê³ ìš” ë§Œì¡±í•¨,,,,,https://static.oliveyoung.co.kr/pc-static-root/image/comm/my_picture_base.jpg
ë‹¥í„°ë©œë½ì‹  ì•„ì¿ ì•„ ì´ì˜¨ í”Œë¼ì¦ˆë§ˆ ìˆ˜ë¶„ í¬ë¦¼,dbwlddl58,ë¯¼ê°ì„±,ì›œí†¤,ëª¨ê³µ,ë¸”ëž™í—¤ë“œ,5ì ë§Œì ì— 5ì ,2024.04.06,ë³µí•©ì„±ì— ì¢‹ì•„ìš”,ë³´ìŠµì— ì¢‹ì•„ìš”,ìžê·¹ì—†ì´ ìˆœí•´ìš”,"ê±´ì¡°í•˜ê³  ì˜ˆë¯¼í•œ í”¼ë¶€ì— ìˆ˜ë¶„ë“¬ë¿, ì´‰ì´‰í•œ ì‚¬ìš©ê° 'â—¡'  ë‹¥í„°ë©œë½ì‹ ì€ ë‘ë²ˆì§¸ êµ¬ë§¤ìž…ë‹ˆë‹¤ !ëª¨ê³µí¬ë¦¼ ì‚¬ìš©í•´ë³´ê³  ë°˜í•´ì„œ ìˆ˜ë¶„í¬ë¦¼ê¹Œì§€ êµ¬ë§¤í–ˆì–´ìš” !!ê¸°ì´ˆì¼€ì–´ í›„, ì•„ì¹¨ ì €ë…ìœ¼ë¡œ ê¾¸ì¤€ížˆ ì‚¬ìš©í•˜ê³  ìžˆëŠ”ë°ìˆ˜ë¶„ì´ ê°€ë“í•œ í¬ë¦¼ì œí˜•ìœ¼ë¡œ, ë°œë¦¼ì„±ì´ ì •ë§ ë¶€ë“œëŸ¬ì›Œìš” â™¡í”¼ë¶€ì† ê¹Šì€ê³³ê¹Œì§€ ìˆ˜ë¶„ì„ ì´‰ì´‰í•˜ê²Œ ì±„ì›Œì£¼ëŠ” ëŠë‚Œìž…ë‹ˆë‹¤ !!ì˜ˆë¯¼í•œ í”¼ë¶€ì¸ë°ë„ ìžê·¹ì´ ì „í˜€ì—†ê³ ëˆì ìž„ì´ ì—†ì–´ì„œ, ì‚¬ìš©í•˜ê¸° ë„˜ ì¢‹ì•„ìš” !!ìˆ˜ë¶„ ë³´ìŠµë ¥ì´ ë„˜ ì¢‹ì•„ì„œ ë°¤ì— ë“¬ë¿ ë°”ë¥´ê³  ì•„ì¹¨ì— ì¼ì–´ë‚¬ì„ë•Œë²ˆë“¤ê±°ë¦¼ì—†ì´ í”¼ë¶€ê°€ ì •ë§ ì´‰ì´‰í•´ìš” 'â—¡'  ê°ì§ˆì¼€ì–´ì—ë„ ì¢‹ì•„ì„œ, ìš”ì¦˜ ë©”ì´í¬ì—… í–ˆì„ë•Œ ë½€ì†¡í•˜ë‹ˆ, í”¼ë¶€ê²°ë„ ì¢‹ì•„ì§€ëŠ”ê²ƒê°™ì•„ìš” !!ì™„ì „ ëŒ€ë§Œì¡± ìž…ë‹ˆë‹¤ â™¥",,https://image.oliveyoung.co.kr/uploads/images/gdasEditor/2024/04/06/1712329643955_KakaoTalk_20240405_212209247_03.jpg?QT=85&SF=webp,https://www.oliveyoung.co.kr/store/goods/getGoodsDetail.do?goodsNo=A000000197659&t_page=%ED%86%B5%ED%95%A9%EA%B2%80%EC%83%89%EA%B2%B0%EA%B3%BC%ED%8E%98%EC%9D%B4%EC%A7%80&t_click=%EA%B2%80%EC%83%89%EC%83%81%ED%92%88%EC%83%81%EC%84%B8&t_search_name=%EA%B1%B4%EC%84%A0&t_number=104&dispCatNo=1000001000100150001&trackingCd=Result_61_all#,https://image.oliveyoung.co.kr/uploads/images/gdasEditor/2024/04/06/1712329661468_KakaoTalk_20240405_212209247_05.jpg?QT=85&SF=webp,https://static.oliveyoung.co.kr/pc-static-root/image/comm/my_picture_base.jpg
ë‹¥í„°ë©œë½ì‹  ì•„ì¿ ì•„ ì´ì˜¨ í”Œë¼ì¦ˆë§ˆ ìˆ˜ë¶„ í¬ë¦¼,ì•„ë¡œë©”ì´,,,,,5ì ë§Œì ì— 5ì ,2024.04.04,ê±´ì„±ì— ì¢‹ì•„ìš”,ë³´ìŠµì— ì¢‹ì•„ìš”,ìžê·¹ì—†ì´ ìˆœí•´ìš”,ë‹¥í„°ë©œë½ì‹  ì œí’ˆ ëª‡ê°€ì§€ ì‚¬ìš© ì¤‘ì¸ë° í”¼ë¶€ì— ìž˜ ë§žê³  ì¢‹ë”ë¼êµ¬ìš”~ ë§ˆì¹¨ ìˆ˜ë¶„í¬ë¦¼ ë‹¤ ì¨ì„œ ìš”ê±¸ë£¨ ë°”ê¿”ë´¤ìŠµë‹ˆë‹¤.ì œí˜•ì´ ë¶€ë“œëŸ½ê³  í”¼ë¶€ì— ë‹¿ìžë§ˆìž ìˆ˜ë¶„ê°ì´ë°”ë¡œ ëŠê»´ì§ˆ ì •ë„ë¡œ ì´‰ì´‰í•˜ê³  ì¢‹ì•„ìš”~ëˆì ìž„ì—†ì´ ì‚°ëœ»í•˜ê²Œ ë§ˆë¬´ë¦¬ ë˜ëŠ”ë°í¡ìˆ˜ë˜ë©´ì„œ ë§ˆë¥´ëŠ” ëŠë‚Œ ë“œëŠ” ì œí’ˆë“¤ê³¼ ë‹¬ë¦¬í”¼ë¶€ ë³´í˜¸ë§‰ì´ ìƒê¸´ë“¯ ì˜ì–‘ê°ë„ ëŠê»´ì§‘ë‹ˆë‹¤.ê±´ì¡°í•œ ëŠë‚Œë„ ë°”ë¡œ ì—†ì–´ì§€ê³  í¼ì„í•˜ê³  ê°ì§ˆ ìžˆëŠ” ë¶€ìœ„ì˜ í”¼ë¶€ê²°ë„ ì •ëˆ ë˜ì–´ì„œ ì´í›„ í”¼ë¶€ í™”ìž¥ë„ ë” ìž˜ë˜ê³  ì¢‹ì•„ìš”^^ì„±ë¶„ë„ ìˆœí•˜ê³  ë³´ìŠµë ¥ì´ ì¢‹ì•„ì„œ ê·¸ëƒ¥ ì•„ì¹¨ ì €ë…ë°ì¼ë¦¬ ì œí’ˆìœ¼ë¡œ ë§¤ì¼ ì‚¬ìš©í•˜ê²Œ ë˜ë„¤ìš”.ìœ ìˆ˜ë¶„ ë°¸ëŸ°ìŠ¤ë¥¼ ìž˜ ë§žì¶°ì¤˜ì„œ  í”¼ë¶€íƒ€ìž… ìƒê´€ì—†ì´ë‹¤ ìž˜ ë§žì„ê±°ê°™ì•„ìš”! ì¶”ì²œí•©ë‹ˆë‹¤~~,,https://image.oliveyoung.co.kr/uploads/images/gdasEditor/2024/04/04/1712239692153.png?QT=85&SF=webp,https://www.oliveyoung.co.kr/store/goods/getGoodsDetail.do?goodsNo=A000000197659&t_page=%ED%86%B5%ED%95%A9%EA%B2%80%EC%83%89%EA%B2%B0%EA%B3%BC%ED%8E%98%EC%9D%B4%EC%A7%80&t_click=%EA%B2%80%EC%83%89%EC%83%81%ED%92%88%EC%83%81%EC%84%B8&t_search_name=%EA%B1%B4%EC%84%A0&t_number=104&dispCatNo=1000001000100150001&trackingCd=Result_61_all#,https://image.oliveyoung.co.kr/uploads/images/gdasEditor/2024/04/04/1712239696771.png?QT=85&SF=webp,https://static.oliveyoung.co.kr/pc-static-root/image/comm/my_picture_base.jpg
ë‹¥í„°ë©œë½ì‹  ì•„ì¿ ì•„ ì´ì˜¨ í”Œë¼ì¦ˆë§ˆ ìˆ˜ë¶„ í¬ë¦¼,í•˜íŠ¸ì”¨,,,,,5ì ë§Œì ì— 5ì ,2024.04.04,ê±´ì„±ì— ì¢‹ì•„ìš”,ë³´ìŠµì— ì¢‹ì•„ìš”,ìžê·¹ì—†ì´ ìˆœí•´ìš”,í¬ë¦¼ ìƒ‰ë¶€í„° ì‹œì› ì´‰ì´‰í•´ í•˜ë„¤ìš”~ížˆì•Œë£¨ë¡ ì‚° í¬ë¦¼ì œí’ˆì¤‘ì— ìžê·¹ì—†ì´ ì œê°€ ì°¾ëŠ” ì œí˜•ì˜ í¬ë¦¼ì„ ë”± ì°¾ì•˜ì–´ìš”~ì—ì„¼ìŠ¤ ì¶©ë¶„ížˆ ìŠ¤ë©°ë“¤ê²Œ ë°”ë¥´ê³  ì´ê±°ë°œë¼ì£¼ë©´ ì—„ì²­ ì´‰ì´‰í•´ìš”~ ë²ˆë“¤ê±°ë¦¬ê±°ë‚˜ ëˆì ì´ì§€ë„ ì•Šê³  ê¹”ë”í•˜ê²Œ ì´‰ì´‰í•´ì§„ ëŠë‚Œì´ì˜ˆìš”. í˜¹ì‹œ ìš©ê¸° ë¦¬ë‰´ì–¼ì„ ì§„í–‰í•˜ê²Œ ëœë‹¤ë©´ íŠœë¸Œí˜•ìœ¼ë¡œ ì¶œì‹œí•´ë„ ê´œì°®ì„ ê²ƒ ê°™ìŠµë‹ˆë‹¤.ê°€ì§€ê³  ë‹¤ë‹ˆê¸°ë„ ì¢‹ê³  ìœ„ìƒì ì´ë¼.ì“°ê¸°ì— ë” íŽ¸í• ê²ƒê°™ë„¤ìš”.,,https://image.oliveyoung.co.kr/uploads/images/gdasEditor/2024/04/04/1712193487122.png?QT=85&SF=webp,https://www.oliveyoung.co.kr/store/goods/getGoodsDetail.do?goodsNo=A000000197659&t_page=%ED%86%B5%ED%95%A9%EA%B2%80%EC%83%89%EA%B2%B0%EA%B3%BC%ED%8E%98%EC%9D%B4%EC%A7%80&t_click=%EA%B2%80%EC%83%89%EC%83%81%ED%92%88%EC%83%81%EC%84%B8&t_search_name=%EA%B1%B4%EC%84%A0&t_number=104&dispCatNo=1000001000100150001&trackingCd=Result_61_all#,https://image.oliveyoung.co.kr/uploads/images/gdasEditor/2024/04/04/1712193494433.png?QT=85&SF=webp,https://static.oliveyoung.co.kr/pc-static-root/image/comm/my_picture_base.jpg
ë‹¥í„°ë©œë½ì‹  ì•„ì¿ ì•„ ì´ì˜¨ í”Œë¼ì¦ˆë§ˆ ìˆ˜ë¶„ í¬ë¦¼,ssora****,,,,,5ì ë§Œì ì— 5ì ,2024.01.29,ë³µí•©ì„±ì— ì¢‹ì•„ìš”,ë³´ìŠµì— ì¢‹ì•„ìš”,ìžê·¹ì—†ì´ ìˆœí•´ìš”,"ìž…ë§ì‹¬í•œ ìž„ì‚°ë¶€ë¼ ê¸°ì¡´ì— ì“°ë˜ ìŠ¤í‚¨ì¼€ì–´ëŠ” í–¥ë•Œë¬¸ì— ì—­í•´ì„œ ëª»ì“°ê² ê³ , ê²Œë‹¤ê°€ í”¼ë¶€ê°€ ê±´ì¡°í•´ì§€ê¸°ê¹Œì§€í•´ì„œ ì´ê±¸ ì‚¬ê²Œëì–´ìš”ì„±ë¶„ë„ ìˆœí•˜ê³  í–¥ì´ ì•ˆë‚˜ì„œ ì™„ì „ ìµœê³ ì—ìš”!ìˆ˜ë¶„ê°€ë“í•œ ì‚´ì§ì¿µ ë¬½ì€ì œí˜•ì´ë¼ íŽ´ë°”ë¥´ê¸°ë„ ì¢‹ê³  í¡ìˆ˜ë ¥ì´ ì •ë§ ì¢‹ë„¤ìš”~ìš”ìƒˆ ì„¸ì•ˆí›„, ì—ì„¼ìŠ¤ë°”ë¥´ê³  ë‚˜ì„œ ìš” ìˆ˜ë¶„í¬ë¦¼ í•˜ë‚˜ë§Œ ë°œë¼ì£¼ëŠ”ë° ê°„íŽ¸í•˜ê¸°ë„ í•˜ê³  ì–¼êµ´ì´ ë‹¹ê¸°ì§€ì•Šê³  ì†ë‹¹ê¹€ ìž˜ ìž¡ì•„ì£¼ëŠ”ê²ƒ ê°™ì•„ì„œ ì¶œì‚°í›„ì—ë„ ìˆ˜ë¶„í¬ë¦¼ì€ ì´ê±¸ë¡œ ì •ì°©í•˜ë ¤ í•©ë‹ˆë‹¤ ã…Žã…Ž",https://www.oliveyoung.co.kr/store/goods/getGoodsDetail.do?goodsNo=A000000197659&t_page=%ED%86%B5%ED%95%A9%EA%B2%80%EC%83%89%EA%B2%B0%EA%B3%BC%ED%8E%98%EC%9D%B4%EC%A7%80&t_click=%EA%B2%80%EC%83%89%EC%83%81%ED%92%88%EC%83%81%EC%84%B8&t_search_name=%EA%B1%B4%EC%84%A0&t_number=104&dispCatNo=1000001000100150001&trackingCd=Result_61_all#,https://image.oliveyoung.co.kr/uploads/images/gdasEditor/2024/01/29/1706497335640.png?QT=85&SF=webp,,,https://static.oliveyoung.co.kr/pc-static-root/image/comm/my_picture_base.jpg
ë‹¥í„°ë©œë½ì‹  ì•„ì¿ ì•„ ì´ì˜¨ í”Œë¼ì¦ˆë§ˆ ìˆ˜ë¶„ í¬ë¦¼,mymin,,,,,5ì ë§Œì ì— 5ì ,2024.07.25,ë³µí•©ì„±ì— ì¢‹ì•„ìš”,ì§„ì •ì— ì¢‹ì•„ìš”,ìžê·¹ì—†ì´ ìˆœí•´ìš”,ìˆ˜ë¶„ê°ì´ í”¼ë¶€ì— ë…¹ì•„ì ¸ì„œ ë¬´ê²Œê°ì´ ì—†ëŠ” ì§ˆê°ìœ¼ë¡œ ë§¨ì§ˆë§¨ì§ˆí•œ ê´‘íƒê°ì„ ëŠë‚„ìˆ˜ìžˆìŠµë‹ˆë‹¤.ì €ëŠ” í•œë²ˆì— ë§Žì´ ë°”ë¥´ê¸°ë³´ë‹¤ëŠ” ì†ŒëŸ‰ìœ¼ë¡œ ì—¬ëŸ¬ë²ˆ ë ˆì´ì•„ì›ƒ í•˜ë“¯ì´ ë°œë¼ì£¼ê³ . ë§ˆì§€ë§‰ìœ¼ë¡œ ë¬µì§í•œ í¬ë¦¼ì´ë‚˜ ì˜¤ì¼ë¡œ ë§‰ì„ í•œë²ˆ ë” ê¹œì‹¸ ìˆ˜ë¶„ê°ì„ ì§€ì†ì‹œì¼œ ì¤ë‹ˆë‹¤.3ì¼ì§¸ ë˜ëŠ”ë‚  í™•ì‹¤ížˆ í”¼ë¶€ì— ìˆ˜ë¶„ê´‘ì€ ì°¨ì˜¤ë¥¸ê²Œ ë³´ì´ë”ë¼êµ¬ì—¬~ í•˜ì§€ë§Œ í•œ ê²¨ìš¸ì— ë‹¨ë…ìœ¼ë¡œë§Œ ì‚¬ìš©í•˜ê¸°ì—” í”„ë ˆì‰¬í•œê°ì´ ìžˆì–´ìš” ê·¸ëž˜ì„œ í¬ë¦¬ë¯¸í•œ ì§ˆê°ì˜ ìˆ˜ë¶„í¬ë¦´ì´ë‚˜ ë³´ìŠµë ¥ì„ ì§€ì†ì‹œì¼œì¤„ í¬ë¦¼ì„ ë§ˆì§€ë§‰ìœ¼ë¡œ ì˜¬ë ¤ì„œ ë§ˆë¬´ë¦¬ í•´ì¤ë‹ˆë‹¤.ì´ë ‡ê²Œ í°í°í•˜ê³  ë°€ì°°ë ¥ìžˆëŠ” ìˆ˜ë¶„ê°ì„ ëŒ€ì²´í•  ë¬¼ê±´ì€ ë‹¹ë¶„ê°„ ì—†ì„ê²ƒ ê°™ì•„ ì´ ì•„ì´ëŠ” ì¢‹ë…ì„± ìžˆê²Œ ì‚¬ìš©í•˜ê²Œ ë ê²ƒ ê°™ì•„ìš” * ë§¨ì§ˆë§¨ì§ˆí•œ ê´‘íƒê°* ë ˆì´ì € ë°›ì€ ê´‘íƒê°ìœ¼ë¡œ ëª¨ê³µì¶•ì†Œ íš¨ê³¼* í”¼ë¶€ì— ì°©ë¶ˆë˜ëŠ” ë°€ì°©ë ¥* ë¶€ë‹´ë˜ì§€ ì•Šì€ ì œí’ˆê°€ê²©* ë¬´ê²ì§€ ì•Šì€ ì§ˆê°,,,,,https://static.oliveyoung.co.kr/pc-static-root/image/comm/my_picture_base.jpg
ë‹¥í„°ë©œë½ì‹  ì•„ì¿ ì•„ ì´ì˜¨ í”Œë¼ì¦ˆë§ˆ ìˆ˜ë¶„ í¬ë¦¼,í™”ìž˜ì•Œêµ¬,,,,,5ì ë§Œì ì— 5ì ,2024.06.01,ë³µí•©ì„±ì— ì¢‹ì•„ìš”,ë³´ìŠµì— ì¢‹ì•„ìš”,ìžê·¹ì—†ì´ ìˆœí•´ìš”,ë¦¬ë·°ì¢‹ì•„ì„œ êµ¬ë§¤í–ˆì–´ìš”!!ì œê°€ ì§„ì§œ ì”»ê³ ë‚˜ì™€ì„œ ë°”ë¡œ ìŠ¤í‚¨ì¼€ì–´ ëª‡ê²¹ ì•ˆìŒ“ì•„ì£¼ë©´ ê·¹ê·¹ê·¹ ê±´ì¡°ê° ëŠë¼ëŠ” ê±´ì„±ì´ê±°ë“ ìš” ê·¼ë° ì´ ì•„ì¿ ì•„ í”Œë¼ì¦ˆë§ˆ ë°”ë¥´ê³ ë‚˜ì„œ ì´‰ì´‰í•¨ì— ì ˆì—¬ì¡Œë‹¤ê°€ ì´ëŸ° ëŠë‚Œì¼ê¹Œâ€¦?ì´ê²Œ ê²‰ë¶€í„° ì†ê¹Œì§€ ê½‰ê½‰ ìˆ˜ë¶„ì„ ì±„ì›Œì¤€ë‹¤ëŠ”ë° ì§„ì§œ ê·¸ëŸ°ê±°ê°™ì•„ìš”ã…‹ã…‹ã…‹ã…‹ìˆ˜ë¶„ë°¸ëŸ°ìŠ¤ ë§žì¶°ì§€ë‹ˆê¹Œ ë­ë„ ìž˜ ì•ˆë‚˜ê³  ì†ë‹¹ê¹€ ì „í˜€ ì—†ìŒì•”íŠ¼ ì•„ì¿ ì•„ í¬ë¦¼ ì—†ìŒ ì•ˆë  ë“¯ã… ,,,,,https://static.oliveyoung.co.kr/pc-static-root/image/comm/my_picture_base.jpg
ë‹¥í„°ë©œë½ì‹  ì•„ì¿ ì•„ ì´ì˜¨ í”Œë¼ì¦ˆë§ˆ ìˆ˜ë¶„ í¬ë¦¼,ì´ë””ì•„,,,,,5ì ë§Œì ì— 5ì ,2024.05.31,ë³µí•©ì„±ì— ì¢‹ì•„ìš”,ë³´ìŠµì— ì¢‹ì•„ìš”,ìžê·¹ì—†ì´ ìˆœí•´ìš”,í”¼ë¶€ì— ìˆ˜ë¶„ ë¶€ì¡±í•˜ë©´ ì£¼ë¦„ ë” ìž˜ìƒê¸°ëŠ” ê±° ì•„ì‹œì£ â€¦?ê·¼ë° ì´ê±´ ë°”ë¥´ë©´ ë˜ê²Œ ë¼ì´íŠ¸í•˜ê³  ì‚°ëœ»í•˜ë‹¤~ ë¼ëŠ”ê²Œ ë”± ëŠê»´ì§€ê³  (ì—¬ë¦„ì² ì— ì“°ê¸° ì¢‹ì„ ë“¯?)í”¼ë¶€ì— ë¬¼ê´‘ì´ ì¢€ ìƒê¸°ë©´ì„œ ê·¸ ìœ„ì— í™”ìž¥ ì˜¬ë ¤ë„ ë¬¼ê´‘ëª¨ì°Œê°™ì´ í•˜ë£¨ì¢…ì¼ ê°€ìš”â€¦í”¼ë¶€ ì˜ˆë¯¼í•œ íŽ¸ì¸ë° ë°œë¼ë„ í”¼ë¶€ê°€ íŽ¸ì•ˆí•˜êµ¬ ë§ë°”ë¥´ê¸°ë„ ì¢‹ìŒ!ì œ ìˆ˜ë¶„í¬ë¦¼ë“¤ ì¤‘ ëž­í‚¹ ë“±ê·¹++ ê¿€íŒ í•˜ë‚˜ ì•Œë ¤ë“œë¦¬ìžë©´ í‰ì†Œì— ì“°ëŠ” íŒŒë°ë‚˜ ì¿ ì…˜ì— ì¢€ ì„žì–´ì„œ ë°œë¼ë³´ì„¸ìš”,,,,,https://static.oliveyoung.co.kr/pc-static-root/image/comm/my_picture_base.jpg
ë‹¥í„°ë©œë½ì‹  ì•„ì¿ ì•„ ì´ì˜¨ í”Œë¼ì¦ˆë§ˆ ìˆ˜ë¶„ í¬ë¦¼,ë£°ë£¨ë‚œë‚˜,,,,,5ì ë§Œì ì— 5ì ,2024.05.31,ë³µí•©ì„±ì— ì¢‹ì•„ìš”,ë³´ìŠµì— ì¢‹ì•„ìš”,ìžê·¹ì—†ì´ ìˆœí•´ìš”,"ðŸ’™ ì•„ì¿ ì•„ í¬ë¦¼ ì•½ 2ì£¼ ì‚¬ìš© í›„ê¸°ðŸ’™ - ì¶œí‡´ê·¼ 3ì‹œê°„ + ê·¼ë¬´ 9ì‹œê°„ì—ë„ í™”ìž¥ ë“¤ëœ¸, ë¬´ë„ˆì§ ì—†ì—ˆìŒ- ë¯¼ê°ì„± í”¼ë¶€ì— í”¼ë¶€ ë‹µë‹µí•¨, ê°€ë ¤ì›€ ì—†ìŒ- ì¿¨ë§ê° ì‚´ì§ ìžˆì–´ì„œ ëƒ‰ìž¥ê³ ì— ë„£ì—ˆë‹¤ ì“°ë©´ í”¼ë¶€ ì§„ì • ì—­í• ë„ ê°€ëŠ¥- ê¾¸ì¤€ížˆ ì“°ë‹¤ ë³´ë©´ ìœ ìˆ˜ë¶„ ë°¸ëŸ°ìŠ¤ê°€ ë§žì¶°ì ¸ì„œ ì¢ìŒ€ ì—¬ë“œë¦„, ê°œê¸°ë¦„ ì¤„ì–´ë“¦- ê°œì¸ì ìœ¼ë¡œ ë¬´í–¥ì´ë¼ ì¢‹ìŒ=> ê²°ë¡  : ìˆ˜ë¶€ì§€ or ê±´ì„±ì¸ë° ì•„ì§ ìˆ˜ë¶„í¬ë¦¼ ìœ ëª©ë¯¼ì´ë¼ë©´ í•œë²ˆ ì¸„ë¼ì´ì¸„ë¼ì´ !",,,,,https://static.oliveyoung.co.kr/pc-static-root/image/comm/my_picture_base.jpg
ë‹¥í„°ë©œë½ì‹  ì•„ì¿ ì•„ ì´ì˜¨ í”Œë¼ì¦ˆë§ˆ ìˆ˜ë¶„ í¬ë¦¼,ê¹€ë‚˜ì•„ì•„,,,,,5ì ë§Œì ì— 5ì ,2024.05.29,ë³µí•©ì„±ì— ì¢‹ì•„ìš”,ë³´ìŠµì— ì¢‹ì•„ìš”,ìžê·¹ì—†ì´ ìˆœí•´ìš”,ì˜¤í›„ë˜ë©´ ê¸°ë¦„ë‚˜ì™€ì„œ ë²ˆë“¤ê±°ë¦¬ì§€ë§Œ ë² ì´ìŠ¤ ë©”ì´í¬ì—… í•  ë•ŒëŠ” ê¼­ í™”ìž¥ì´ ëœ¨ë”ë¼ê³ ìš”ê°ì§ˆì œê±°í•˜ê³  ìŠ¤í‚¨ ë¡œì…˜ ì—ì„¼ìŠ¤ ì•°í”Œ ë‹¨ê³„ë³„ë¡œ ì—„ì²­ ë°œë¼ë„ ëœ¨ëŠ” ê±´ ê·¸ëŒ€ë¡œë¼ì„œ ì´ê²ƒì €ê²ƒì“°ë‹¤ê°€ ì´ ì•„ì¿ ì•„ ìˆ˜ë¶„í¬ë¦¼ ì¨ë³¸ê±´ë° ì§„ì§œ ëŒ€ë°•ì´ì—ìš”..ì†ê±´ì¡° ìž¡ëŠ”ë‹¤ê³  ê·¸ëŸ° ì œí’ˆ ì“°ë‹¤ê°€ ì´ê±° ì“°ë‹ˆê¹Œ í™•ì‹¤ížˆ ê°ì§ˆì¸µë¶€í„° ìž¡ížˆëŠ” ê²Œ ëˆˆì— ë³´ìž…ë‹ˆë‹¤!! ì•„ì¹¨ì— ì´ê±° ë°”ë¥´ê³  í™”ìž¥í•´ë„ ê°ì§ˆì´ ì•ˆ ë– ìš”!! ì´ê±° ì™„ì „ ì‹ ì„¸ê³„ë„¤ìš”ë„ˆë¬´ ì¢‹ì•„ì„œ ë¦¬ë·° ë‹¬ì•„ìš” ì•žìœ¼ë¡œ ì´ê±¸ë¡œ ì •ì°©í•˜ë ¤êµ¬ìš” !,,,,,https://static.oliveyoung.co.kr/pc-static-root/image/comm/my_picture_base.jpg
ë‹¥í„°ë©œë½ì‹  ì•„ì¿ ì•„ ì´ì˜¨ í”Œë¼ì¦ˆë§ˆ ìˆ˜ë¶„ í¬ë¦¼,feastables,,,,,5ì ë§Œì ì— 5ì ,2024.05.31,ë³µí•©ì„±ì— ì¢‹ì•„ìš”,ì§„ì •ì— ì¢‹ì•„ìš”,ìžê·¹ì—†ì´ ìˆœí•´ìš”,"ì¶”ì²œë°›ì•„ì„œ ìƒ€ëŠ”ë° ì™„ì „ ì¢‹ì•„ìš” ì§€ê¸ˆ ì¼ì£¼ì¼ì§¸ ì“°ëŠ”ë° ê¸°ë¦„ê´‘ ê°™ì€ê±° ë§ê³ , ì§„ì§œ ì¢€ ì€ì€í•œ ê´‘ì´ ë•ë‹ˆë‹¤ì œê°€ ì‚¬ìš©í•´ë³¸ ìˆ˜ë¶„í¬ë¦¼ ì¤‘ì— ì œì¼ ì¢‹ì•„ìš”. ì•žìœ¼ë¡œ ì´ê±¸ë¡œ ì •ì°©í•˜ë ¤ê³ ìš”",,,,,https://static.oliveyoung.co.kr/pc-static-root/image/comm/my_picture_base.jpg
ë‹¥í„°ë©œë½ì‹  ì•„ì¿ ì•„ ì´ì˜¨ í”Œë¼ì¦ˆë§ˆ ìˆ˜ë¶„ í¬ë¦¼,ë§ë°ëª½,,,,,5ì ë§Œì ì— 5ì ,2024.05.31,ê±´ì„±ì— ì¢‹ì•„ìš”,ë³´ìŠµì— ì¢‹ì•„ìš”,ìžê·¹ì—†ì´ ìˆœí•´ìš”,ë‚¨íŽ¸ì´ í”¼ë¶€ê°€ ê±´ì¡°í•˜ë‹¤ê³  í•´ì„œ ì‚¬ì¤¬ëŠ”ë° ì—„ì²­ ì´‰ì´‰í•˜ë‹¤ê³  ì¢‹ì•„í•˜ë„¤ìš”. ì›ëž˜ ë°”ê¹¥ì—ì„œ ì¼í•˜ëŠ” ì‚¬ëžŒì´ë¼ í”¼ë¶€ê°€ ì¢€ í‘¸ì„í‘¸ì„í•˜ê³  ê±´ì¡°í•œ íŽ¸ì¸ë° ì´ê±° ë°”ë¥´ê³ ë¶€í„° í”¼ë¶€ì— ê´‘ì´ ê´‘ì´~ ^^,,,,,https://static.oliveyoung.co.kr/pc-static-root/image/comm/my_picture_base.jpg
ë‹¥í„°ë©œë½ì‹  ì•„ì¿ ì•„ ì´ì˜¨ í”Œë¼ì¦ˆë§ˆ ìˆ˜ë¶„ í¬ë¦¼,ì§€ìˆ˜ìŠ¤,,,,,5ì ë§Œì ì— 5ì ,2024.01.23,ê±´ì„±ì— ì¢‹ì•„ìš”,ë³´ìŠµì— ì¢‹ì•„ìš”,ìžê·¹ì—†ì´ ìˆœí•´ìš”,"ë‹¥í„°ë©œë½ì‹  ì œí’ˆ ìœ ëª…í•´ì„œ ìžì£¼ ë“¤ì—ˆëŠ”ë°ìš”.ë§ˆì¹¨ ìˆ˜ë¶„í¬ë¦¼ì´ í•„ìš”í•´ì„œ êµ¬ë§¤í•´ë´¤ì–´ìš”!!ë¡œì…˜ì„ ë°œë¼ë„ ê¸ˆë°© ê±´ì¡°í•´ì§€ë”ë¼ê³ ìš”. ì´‰ì´‰í•˜ê³  ì†ê¹Œì§€ ë³´ìŠµìž˜ë˜ëŠ” ìˆ˜ë¶„í¬ë¦¼ì„ ì°¾ì•˜ëŠ”ë°ìš”.ë‹¥í„°ë©œë½ì‹  ì œí’ˆì´ ê´œì°®ë”ë¼ê³ ìš”.ì œí˜•ì€ ì´‰ì´‰í•˜ê³  ì‚°ëœ»í•œ ì œí˜•ìœ¼ë¡œ ëˆì ìž„ ì—†ì–´ì„œ ì¢‹ì•˜ìš”.ë°”ë¥´ë©´ ê²‰ì—ì„œ ë„ëŠ”ê²Œ ì•„ë‹ˆë¼ í”¼ë¶€ì†ê¹Œì§€ ìˆ˜ë¶„ì„ ì±„ì›Œì£¼ëŠ”  ëŠë‚Œì´ì—ìš”.ë˜ ìˆ˜ë¶„ê³µê¸‰ë¿ë§Œ ì•„ë‹ˆë¼ ë¯¸ë°±,ì£¼ë¦„ ê°œì„ ë„ ë„ì™€ì¤€ë‹¤í•´ì‚¬ ê¾¸ì¤€ížˆ ì‚¬ìš©í•´ ë³´ë ¤ê³ ìš”. ê°€ê²©ë„ ê´œì°®ê³  ì œí’ˆë„ ì¢‹ê³  ë§Œì¡±í•´ìš”!!",,,,,https://static.oliveyoung.co.kr/pc-static-root/image/comm/my_picture_base.jpg
ë‹¥í„°ë©œë½ì‹  ì•„ì¿ ì•„ ì´ì˜¨ í”Œë¼ì¦ˆë§ˆ ìˆ˜ë¶„ í¬ë¦¼,ì¡°ê·¸ë§Œê°ìž,ê±´ì„±,ì›œí†¤,ëª¨ê³µ,ë¯¸ë°±,5ì ë§Œì ì— 5ì ,2024.04.09,ê±´ì„±ì— ì¢‹ì•„ìš”,ë³´ìŠµì— ì¢‹ì•„ìš”,ìžê·¹ì—†ì´ ìˆœí•´ìš”,ì§„~ì§œ ì¢‹ì•„ìš”!! ì¼ë‹¨ ìˆ˜ë¶„í¬ë¦¼ ë°”ê¾¸ê³  ë‚˜ì„œ í™”ìž¥ì´ ë„ˆë¬´ë„ˆë¬´ ìž˜ë¨¹ì–´ì„œ í›„ê¸° ë‚¨ê¸°ëŸ¬ ì™”ì–´ìš”ì œí’ˆì„¤ëª… ìžì„¸ížˆ ë‹¤ì‹œ ë³´ë‹ˆê¹ ë‹¤ì–‘í•œ 8ì¢… ížˆì•Œë£¨ë¡œì‚°ì´ í”¼ë¶€ì— ìˆ˜ë¶„ ê³µê¸‰ë¶€í„° ìœ ì§€ê¹Œì§€ í•´ì£¼ë‹ˆê¹ ê·¸ëƒ¥ ìˆ˜ë¶„ë§Œ ë§Žì€ í¬ë¦¼ì´ëž‘ ë‹¬ë¼ìš”í¬ë¦¼ ë‹¤ ë°”ë¥´ê³ ë‚˜ë©´ ì–¼êµ´ì€ í•˜ë‚˜ë„ ì•ˆë•¡ê¸°ê³  ì—„ì²­ ì´‰ì´‰í•œ ëŠë‚Œì¸ë° ë§‰ìƒ ë§Œì ¸ë³´ë©´ ëˆì ì´ì§€ ì•Šì•„ìš”ë¹¨ë¦¬ í¡ìˆ˜ë¼ì„œ ê·¸ëŸ°ê²ƒ ê°™ë„¤ìš” ì‚¬ìš©ê°ë¶€í„° ë§ˆë¬´ë¦¬ê¹Œì§€ ë‹¤ ë§ˆìŒì— ë“¤ì–´ìš” :),https://www.oliveyoung.co.kr/store/goods/getGoodsDetail.do?goodsNo=A000000197659&t_page=%ED%86%B5%ED%95%A9%EA%B2%80%EC%83%89%EA%B2%B0%EA%B3%BC%ED%8E%98%EC%9D%B4%EC%A7%80&t_click=%EA%B2%80%EC%83%89%EC%83%81%ED%92%88%EC%83%81%EC%84%B8&t_search_name=%EA%B1%B4%EC%84%A0&t_number=104&dispCatNo=1000001000100150001&trackingCd=Result_61_all#,https://image.oliveyoung.co.kr/uploads/images/gdasEditor/2024/04/09/1712590912398.png?QT=85&SF=webp,,,https://static.oliveyoung.co.kr/pc-static-root/image/comm/my_picture_base.jpg
ë‹¥í„°ë©œë½ì‹  ì•„ì¿ ì•„ ì´ì˜¨ í”Œë¼ì¦ˆë§ˆ ìˆ˜ë¶„ í¬ë¦¼,ì‹ ì¡°ì˜,,,,,5ì ë§Œì ì— 5ì ,2024.04.08,ê±´ì„±ì— ì¢‹ì•„ìš”,ë³´ìŠµì— ì¢‹ì•„ìš”,ìžê·¹ì—†ì´ ìˆœí•´ìš”,ìµœê·¼ ê°‘ìžê¸° ë”ì›Œì§„ ë‚ ì”¨íƒ“ì¸ì§€ ì¢ìŒ€ì²˜ëŸ¼ ë§‰ ì˜¬ë¼ì˜¤ê³  í”¼ë¶€ê°€ íŠ¸ëŸ¬ë¸”ì´ ìƒê²¼ëŠ”ë° ì´ì œí’ˆ ë°”ë¥´ê³  ì •ë§ ë¹ ë¥´ê²Œ ì§„ì •ë˜ë©´ì„œ ê°€ë¼ì•‰ë”ë¼êµ¬ìš” ê¾¸ë•í•˜ì§€ ì•Šê³  ê°€ë²¼ìš´ì œí˜• ìœ¼ë¡œ ë¶€ë“œëŸ¬ìš´ ë°œë¦¼ì„±ì— ì†ë¶€í„°ì±„ì›Œì£¼ëŠ” ìˆ˜ë¶„ê°ìœ¼ë¡œ í”¼ë¶€ê°€ ì´‰ì´‰í•˜ê³  ë§¤ë„ëŸ¬ì›Œì¡Œì–´ìš” ê·¸ë ‡ì§€ë§Œ ë§‰ ëˆì ìž„ì´ ìžˆê±°ë‚˜ í•˜ì§€ ì•Šì•˜ì–´ìš” í¡ìˆ˜ê°€ ìž˜ë˜ì–´ì„œ í”¼ë¶€ê°€ ì¢‹ì•„ì§€ë‹ˆ í™”ìž¥ë„ ë” ìž˜ ë¨¹ê³  ì¢‹ë„¤ìš” ìž¬êµ¬ë§¤ì˜ì‚¬ ìžˆì–´ìš”,,https://image.oliveyoung.co.kr/uploads/images/gdasEditor/2024/04/08/1712544276260_KakaoTalk_20240408_113349103_04.jpg?QT=85&SF=webp,https://www.oliveyoung.co.kr/store/goods/getGoodsDetail.do?goodsNo=A000000197659&t_page=%ED%86%B5%ED%95%A9%EA%B2%80%EC%83%89%EA%B2%B0%EA%B3%BC%ED%8E%98%EC%9D%B4%EC%A7%80&t_click=%EA%B2%80%EC%83%89%EC%83%81%ED%92%88%EC%83%81%EC%84%B8&t_search_name=%EA%B1%B4%EC%84%A0&t_number=104&dispCatNo=1000001000100150001&trackingCd=Result_61_all#,https://image.oliveyoung.co.kr/uploads/images/gdasEditor/2024/04/08/1712544278825_KakaoTalk_20240408_113349103_05.jpg?QT=85&SF=webp,https://static.oliveyoung.co.kr/pc-static-root/image/comm/my_picture_base.jpg
ë‹¥í„°ë©œë½ì‹  ì•„ì¿ ì•„ ì´ì˜¨ í”Œë¼ì¦ˆë§ˆ ìˆ˜ë¶„ í¬ë¦¼,ìˆ˜ì•„21,ë¯¼ê°ì„±,,,,5ì ë§Œì ì— 5ì ,2024.04.06,ê±´ì„±ì— ì¢‹ì•„ìš”,ë³´ìŠµì— ì¢‹ì•„ìš”,ìžê·¹ì—†ì´ ìˆœí•´ìš”,ë‹¥í„°ë©œë½ì‹  ì•°í”Œ ì¨ë³´ê³  ì™„ì „ ë°˜í•´ì„œ êµ¬ë§¤í•œ ìˆ˜ë¶„í¬ë¦¼!í”¼ë¶€ ê±´ì¡°í•´ì„œ ê°ì§ˆ ì¼ì–´ë‚˜ê³  í™”ìž¥ ì•ˆë¨¹ì–´ì„œ ë“¤ëœ¨ì‹œëŠ” ë¶„ë“¤ì€ ë‹¥í„°ë©œë½ì‹  ê¼­ ì¨ë³´ì„¸ìš”.íƒ±ê¸€í•œ ì ¤ í¬ë¦¼ íƒ€ìž…ì˜ í…ìŠ¤ì³ì¸ë° ë²ˆë“¤ê±°ë¦¼ ì—†ì´ í”¼ë¶€ì— ë°”ë¡œ í¡ìˆ˜ë˜ê³ ë§ˆë¬´ë¦¬ ê°ì€ êµ‰ìž¥ížˆ ì‚°ëœ»í•œ íŽ¸ì¸ë° ì†ë¶€í„° ìˆ˜ë¶„ê° ì´‰ì´‰í•˜ê²Œ ì±„ì›Œì£¼ë©´ì„œ í¬ë¦¼ë§Œ ë°œëžëŠ”ë°ë„ ë¬¼ê´‘ì´ ë°˜ì§ë°˜ì§í•´ìš”í™”ìž¥í•˜ê¸°ì „ ë°”ë¥´ë©´ ì™„ì „ í™”ìž˜ë¨¹í”¼ë¶€ ë¼ìš” ê¼­ê¼­ ì¨ë³´ì„¸ìš” : >,https://www.oliveyoung.co.kr/store/goods/getGoodsDetail.do?goodsNo=A000000197659&t_page=%ED%86%B5%ED%95%A9%EA%B2%80%EC%83%89%EA%B2%B0%EA%B3%BC%ED%8E%98%EC%9D%B4%EC%A7%80&t_click=%EA%B2%80%EC%83%89%EC%83%81%ED%92%88%EC%83%81%EC%84%B8&t_search_name=%EA%B1%B4%EC%84%A0&t_number=104&dispCatNo=1000001000100150001&trackingCd=Result_61_all#,https://image.oliveyoung.co.kr/uploads/images/gdasEditor/2024/04/06/1712391830743.png?QT=85&SF=webp,,,https://static.oliveyoung.co.kr/pc-static-root/image/comm/my_picture_base.jpg
ë‹¥í„°ë©œë½ì‹  ì•„ì¿ ì•„ ì´ì˜¨ í”Œë¼ì¦ˆë§ˆ ìˆ˜ë¶„ í¬ë¦¼,dltnwl5,ê±´ì„±,ì¿¨í†¤,ê°ì§ˆ,ìž¡í‹°,5ì ë§Œì ì— 5ì ,2024.04.05,ê±´ì„±ì— ì¢‹ì•„ìš”,ë³´ìŠµì— ì¢‹ì•„ìš”,ìžê·¹ì—†ì´ ìˆœí•´ìš”,"ìžê·¹ ì—†ì´ ìˆœí•´ìš”~ ë°”ë¥´ê³  ë­ ë‚˜ê±°ë‚˜ ë”°ê°‘ê±°ë‚˜ í•œ ê±° ì „í˜€ ìªì—ˆì–´ìš”. ë¶€ë“œëŸ½ê³  ì´‰ì´‰í•˜ê²Œ ìž˜ ë°”ë¥´ê³  ìžˆì–´ìš”. ì´ì œ ë‚ ì”¨ ë”°ëœ»í•´ì§€ë‹ˆê¹ŒëŠ” ìˆ˜ë¶„í¬ë¦¼ í•„ìš”í•œë°, ì´‰ì´‰í•˜ë©´ì„œ í¡ìˆ˜ê°€ ë¹¨ë¼ìš”. ì†ê±´ì¡°ë„ ì‹¬í•˜ê³  ê¸°ë¯¸ ìž¡í‹°ë„ ë§Žì´ ìžˆëŠ” í”¼ë¶€ íƒ€ìž…ì¸ë° ê°€ê²©ë„ ì°©í•˜ê³  ë¶€ë‹´ì—†ì´ ì“°ê¸°ì— ì¢‹ì•„ì„œ ë‹¤ ì“°ë©´ ìž¬êµ¬ë§¤í•  ìƒê°ì´ì—ìš”.  ë¶€ë“œëŸ½ê²Œ ìž˜ ë°œë¦¬ë©´ì„œ ì´‰ì´‰í•˜ê³  ëˆì ê±°ë¦¬ì§€ ì•Šê²Œ ë‚¨ëŠ” ê·¸ëŸ° ìˆ˜ë¶„í¬ë¦¼ì„ ì›í•˜ì‹ ë‹¤ë©´ ì¶”ì²œ ë“œë ¤ìš”. íŠ¸ëŸ¬ë¸” ì—†ì´ ìžê·¹ ì—†ì´ ì“¸ ìˆ˜ ìžˆìŠµë‹ˆë‹¤. ì–¼êµ´ì— ê´‘ë„ ìž˜ ë‚©ë‹ˆë‹¤.",https://www.oliveyoung.co.kr/store/goods/getGoodsDetail.do?goodsNo=A000000197659&t_page=%ED%86%B5%ED%95%A9%EA%B2%80%EC%83%89%EA%B2%B0%EA%B3%BC%ED%8E%98%EC%9D%B4%EC%A7%80&t_click=%EA%B2%80%EC%83%89%EC%83%81%ED%92%88%EC%83%81%EC%84%B8&t_search_name=%EA%B1%B4%EC%84%A0&t_number=104&dispCatNo=1000001000100150001&trackingCd=Result_61_all#,https://image.oliveyoung.co.kr/uploads/images/gdasEditor/2024/04/05/1712286206445.png?QT=85&SF=webp,,,https://static.oliveyoung.co.kr/pc-static-root/image/comm/my_picture_base.jpg
ë‹¥í„°ë©œë½ì‹  ì•„ì¿ ì•„ ì´ì˜¨ í”Œë¼ì¦ˆë§ˆ ìˆ˜ë¶„ í¬ë¦¼,sopia1717,,,,,5ì ë§Œì ì— 5ì ,2024.01.18,ë³µí•©ì„±ì— ì¢‹ì•„ìš”,ì§„ì •ì— ì¢‹ì•„ìš”,ìžê·¹ì—†ì´ ìˆœí•´ìš”,ê¹”ë”í•˜ê²Œ í¡ìˆ˜í•¨ìˆ˜ë¶„í¬ë¦¼ì¸ë° ê°€ë³ê³  ìƒê°ë³´ë‹¤ ë³´ìŠµì´ ì¢‹ì•„ìš” ã…Žã…Ž ë§¨ë‚  ížˆí„° í‚¤ê³  ì—…ë¬´í•´ì„œ ê±´ì¡°í•´ì„œ í”¼ë¶€ê°€ ìžê¾¸ ê°ˆë¼ì§€ê³  ê°ˆì§ˆì´ ë“¤ë– ì„œ ë¯¸ìŠ¤íŠ¸ëž‘ í¬ë¦¼ êµ¬ë§¤í–ˆëŠ”ë°. í¬ë¦¼ ë°”ë¥´ë‹ˆê°€ ê±´ì¡°í•œì§€ ëª¨ë¥´ê² ì–´ìš”. í„±ì— ì—¬ë“œë¦„ë„ ì˜¬ë¼ì™€ì„œ ìˆœí•œ ì œí’ˆìœ¼ë¡œ ì°¾ì€ê±´ë° ì„ íƒ ì¢‹ì•„ìš”. ì–¼êµ´ì´ ë‹µë‹µí•˜ì§€ì•Šê³  ìˆ˜ë¶„ì„ ê½‰ ìž¡ì•„ì£¼ëŠ” ëŠë‚Œì´ì—ìš”. ë³´ìŠµê¸°ëŠ¥ì´ ì„¸ê°œë‚˜ ìžˆì–´ì„œ ì˜¬ ê²¨ìš¸ê³¼ ë´„ì€ ë‹¥í„°ë©œë½ì‹  í¬ë¦¼ìœ¼ë¡œ ì¶©ë¶„í•˜ê² ì–´ìš”.,,,,,https://static.oliveyoung.co.kr/pc-static-root/image/comm/my_picture_base.jpg
ë‹¥í„°ë©œë½ì‹  ì•„ì¿ ì•„ ì´ì˜¨ í”Œë¼ì¦ˆë§ˆ ìˆ˜ë¶„ í¬ë¦¼,íƒ€ë¯¸2,,,,,5ì ë§Œì ì— 5ì ,2024.06.01,ë³µí•©ì„±ì— ì¢‹ì•„ìš”,ë³´ìŠµì— ì¢‹ì•„ìš”,ìžê·¹ì—†ì´ ìˆœí•´ìš”,ìˆ˜ë¶€ì§€ë¼ í™”ìž¥ ì „ì— ê°€ë²¼ìš´ ì§ˆê° ìˆ˜ë¶„í¬ë¦¼ ë°œë¼ì¤˜ì•¼í•˜ëŠ”ë°ì´ ë‹¥ë©œ ì•„ì¿ ì•„ í¬ë¦¼ì´ ë”± í™”ìž¥ì „ì— ê°€ë³ê²Œ ë§ë¼ì„œ ìˆ˜ë¶„ê° ì¶©ì „í•˜ê¸° ì¢‹ì•„ìš”ë§Žì´ ë°œë¼ë„ ë°€ë¦¬ëŠ” ê° ì—†ì´ ì‹¸ì•„ì•… í¡ìˆ˜ë˜ê³  ë§ˆë¬´ë¦¬ê°ì´ ë„ˆë¬´ êµ¿êµ¿ðŸ‘ðŸ‘,,,,,https://static.oliveyoung.co.kr/pc-static-root/image/comm/my_picture_base.jpg
ë‹¥í„°ë©œë½ì‹  ì•„ì¿ ì•„ ì´ì˜¨ í”Œë¼ì¦ˆë§ˆ ìˆ˜ë¶„ í¬ë¦¼,cocoda,,,,,5ì ë§Œì ì— 5ì ,2024.05.31,ë³µí•©ì„±ì— ì¢‹ì•„ìš”,ë³´ìŠµì— ì¢‹ì•„ìš”,ìžê·¹ì—†ì´ ìˆœí•´ìš”,ì œê°€ ì–¼êµ´ì— ì—´ì´ ë§Žì€ë° ì´ê±° ë„ˆë¬´ ìž˜ ë§žì•„ìš”.ê·¸ë¦¬ê³  ë¬¼ê´‘ ìž¥ë‚œì•„ë‹ˆì—ë£Œë³´ìŠµë„ ìž˜ë¼ìš”. ì–¼êµ´ì— ê³„ì† ë¬¼ë°©ìš¸ ë§ºí˜€ìžˆëŠ” ëŠë‚Œ~~ ê·¸ëž˜ì„œì¸ì§€ í™”ìž¥ë„ ìž˜ ë¨¹ì–´ìš”!,,,,,https://static.oliveyoung.co.kr/pc-static-root/image/comm/my_picture_base.jpg
ë‹¥í„°ë©œë½ì‹  ì•„ì¿ ì•„ ì´ì˜¨ í”Œë¼ì¦ˆë§ˆ ìˆ˜ë¶„ í¬ë¦¼,ryuuunb,,,,,5ì ë§Œì ì— 5ì ,2024.05.31,ë³µí•©ì„±ì— ì¢‹ì•„ìš”,ë³´ìŠµì— ì¢‹ì•„ìš”,ìžê·¹ì—†ì´ ìˆœí•´ìš”,ì¼ë‹¨ ì œê°€ í”¼ë¶€ê°€ ì¢€ ë¯¼ê°í•œ íŽ¸ì´ë¼ ìˆ˜ë¶„í¬ë¦¼ì— ì§„ì‹¬ì´ê³  ì„±ë¶„ë„ ë‹¤ í•˜ë‚˜í•˜ë‚˜ ë³´ë©´ì„œ ì‚¬ëŠ”íŽ¸ì¸ë°ê·¸ëŸ°ë° ì´ê±´ ë˜ê²Œ ìˆœí•œ ê±° ê°™ì•„ìš” ì´‰ì´‰í•˜ê³  íŠ¸ëŸ¬ë¸”ë„ ì•ˆ ë‚˜ë„¤ìš” ì˜¤ëžœë§Œì— ë§ˆìŒì— ë“œëŠ” í¬ë¦¼ ì‚° ê±° ê°™ì•„ìš”ë‹¤ ì“°ë©´ ìž¬êµ¬ë§¤ ì˜ì‚¬ ìžˆìŠµë‹ˆë‹¤,,,,,https://static.oliveyoung.co.kr/pc-static-root/image/comm/my_picture_base.jpg
ë‹¥í„°ë©œë½ì‹  ì•„ì¿ ì•„ ì´ì˜¨ í”Œë¼ì¦ˆë§ˆ ìˆ˜ë¶„ í¬ë¦¼,diyo,,,,,5ì ë§Œì ì— 5ì ,2024.05.28,ê±´ì„±ì— ì¢‹ì•„ìš”,ë³´ìŠµì— ì¢‹ì•„ìš”,ìžê·¹ì—†ì´ ìˆœí•´ìš”,3í†µ ì“°ëŠ”ì¤‘ ëŒ€ìš©ëŸ‰ ë§Œë“¤ì–´ì£¼ì‹œë©´ ì•ˆë˜ë‚˜ìš”ã… ã… ì•„í† í”¼ ì¸ìƒì¸ ì €ì—ê²Œë„ ìž˜ë§žëŠ” ìˆ˜ë¶„ì¸ìƒí…œ !!! ìžê·¹ì—†ì´ ë³´ìŠµê° ìˆ˜ë¶„ê° ë‚­ë‚­í•œê±´ ì´ê±°ë°–ì— ì—†ì–´ìš”,,,,,https://static.oliveyoung.co.kr/pc-static-root/image/comm/my_picture_base.jpg
ë‹¥í„°ë©œë½ì‹  ì•„ì¿ ì•„ ì´ì˜¨ í”Œë¼ì¦ˆë§ˆ ìˆ˜ë¶„ í¬ë¦¼,jn****,,,,,5ì ë§Œì ì— 5ì ,2024.04.08,ë³µí•©ì„±ì— ì¢‹ì•„ìš”,ì§„ì •ì— ì¢‹ì•„ìš”,ë³´í†µì´ì—ìš”,"ë¯¼ê°ì„± í”¼ë¶€ë„ ì•ˆì‹¬í•˜ê³  ì‚¬ìš©í•  ìˆ˜ ìžˆëŠ” ì €ìžê·¹ì¸ë‹¥í„°ë²¨ë¼ì‹  ìˆ˜ë¶„í¬ë¦¼!ê·¸ëž˜ì„œ ë¯¿ê³  ì‚¬ë´¤ì£  ìœ ìˆ˜ë¶„ ë°¸ëŸ°ìŠ¤ ì¡°ì •í•´ì£¼ë¥¼ ë³µí•©ì„± í”¼ë¶€ì™€ ìˆ˜ë¶„í¬ë¦¼ì€ì½”ë‚˜ ì´ë§ˆì—ëŠ” ì§€ì„±í”¼ë¶€ì¸ ì €ì—ê²ŒëŠ”ì™„ì „ ë§žì¶¤í˜• ìžˆë”ë¼êµ¬ìš”.í’ë¶€í•œ ìˆ˜ë¶„ê°ìœ¼ë¡œ ì´‰ì´‰í•œ í”¼ë¶€ ìœ ì§€ì‹œì¼œì£¼ëŠ” ë³´ìŠµ íš¨ê³¼ì™€ìžì—° ìœ ëž˜ ì„±ë¶„ í•¨ìœ ë¡œ í”¼ë¶€ ì§„ì • ì¼€ì–´ë„ ê°€ëŠ¥í•´ì„œë°”ë¥´ê³  ë‹¤ìŒë‚ ì—ëŠ”ì¢ìŒ€ ì—¬ë“œë¦„ ê°™ì€ ê²ƒë„ ì™ ë“¤ì–´ê°€ë”ë¼êµ¬ìš”!ì¼ë‹¨ ì‚¬ìš©í•´ë´¤ì„ ë•ì‚°ëœ»í•œ ë§ˆë¬´ë¦¬ê°ìœ¼ë¡œì‚¬ê³„ì ˆ ë‚´ë‚´ ì‚¬ìš©í•˜ê¸° ì¢‹ì€ ë°ì¼ë¦¬ ì´ë¼í™”ìž¥ì „ì— ë°œë¼ë„ë°€ë¦¼ë„ ê±°ì˜ ì—†ê³ , ì˜¤ížˆë ¤ í™”ìž¥ì´ ì´‰ì´‰í•˜ê²Œ ìž˜ ë¨¹ë”ë¼êµ¬ìš© ã…Žã…Ž",,,,,https://static.oliveyoung.co.kr/pc-static-root/image/comm/my_picture_base.jpg
ë‹¥í„°ë©œë½ì‹  ì•„ì¿ ì•„ ì´ì˜¨ í”Œë¼ì¦ˆë§ˆ ìˆ˜ë¶„ í¬ë¦¼,Jay0v0,,,,,5ì ë§Œì ì— 5ì ,2024.05.31,ê±´ì„±ì— ì¢‹ì•„ìš”,ë³´ìŠµì— ì¢‹ì•„ìš”,ìžê·¹ì—†ì´ ìˆœí•´ìš”,"ë‹¤ë¥¸ê±° í•„ìš” ì—†ì´ ì•„ì¿ ì•„ ìˆ˜ë¶„í¬ë¦¼ë§Œ ì¨ë„ ë  ì •ë„ì˜ ì´‰ì´‰í•¨ì´ì—ìš”! ë°”ë¥´ëŠ” ìˆœê°„ ê´‘ì´ ë‚˜ëŠ”ë°, í”¼ë¶€ì— í¡ìˆ˜ë˜ë©´ ì€ì€í•œ ê´‘ì´ ë‚¨ì•„ìžˆì–´ìš”. ë§ˆë¬´ë¦¬ê°€ ì¢€ ëˆì í• ê¹Œë´ ê±±ì •í–ˆëŠ”ë°, ì˜ˆìƒ ì™¸ë¡œ ê½¤ë‚˜ ì‚°ëœ»í•˜ë”ë¼êµ¬ìš”? ì›ëž˜ ê²¨ìš¸ì´ë‚˜ ë´„ê°€ì„ í™˜ì ˆê¸°ì¯¤ì—ë§Œ ì“¸ ìˆ˜ ìžˆê² ë‹¤ ì‹¶ì—ˆëŠ”ë°, ì´ì •ë„ ì‚°ëœ»í•¨ì´ë©´ ì—¬ë¦„ì— ì¨ë„ ê´œì°®ì„ ê²ƒ ê°™ì€ ëŠë‚Œì´ì—ìš”!",,,,,https://static.oliveyoung.co.kr/pc-static-root/image/comm/my_picture_base.jpg
ë‹¥í„°ë©œë½ì‹  ì•„ì¿ ì•„ ì´ì˜¨ í”Œë¼ì¦ˆë§ˆ ìˆ˜ë¶„ í¬ë¦¼,ì œë¥´í”¼ì•„,,,,,5ì ë§Œì ì— 5ì ,2024.01.27,ë³µí•©ì„±ì— ì¢‹ì•„ìš”,ë³´ìŠµì— ì¢‹ì•„ìš”,ìžê·¹ì—†ì´ ìˆœí•´ìš”,ë‚˜ì´ë“¤ìˆ˜ë¡ í”¼ë¶€ì— ìˆ˜ë¶„ì´ ë¹ ì ¸ë‚˜ê°€ì„œ ë­˜í•´ë„ ìž˜ í¡ìˆ˜ë˜ì§€ì•Šê³  ê²‰ë„ëŠ” ëŠë‚Œì´ ë“¤ì–´ì„œ ê³ ë¯¼ì´ ë§Žì•˜ëŠ”ë° ì´í¬ë¦¼ìœ¼ë¡œ ë°”ê¾¸ê³ ë‚˜ì„œ í”¼ë¶€ê°€ í™•ì‹¤ížˆ ì´‰ì´‰í•´ì§€ê³  ì •ëˆì´ ëœë‹¤ëŠ” ëŠë‚Œì´ ë“œë„¤ìš”ëˆì ì´ëŠ”ê±° ì‹«ì–´í•˜ëŠ”ë° ëˆì ìž„ì—†ì´ í¡ìˆ˜ë˜ê³  ì˜¤ì¼ë¦¬í•œëŠë‚Œ ì „í˜€ ì—†êµ¬ìš” ê·¸ëŸ°ë°ë„ ì–¼êµ´ì— ì½”íŒ…í•œê²ƒì²˜ëŸ¼ ë§¤ëˆí•´ì§€ê³  í”¼ë¶€ê°€ ì¦‰ê°ì ìœ¼ë¡œ íƒ±íƒ±í•´ì ¸ìš”ê°œì¸ì ì¸ ëŠë‚Œì´ì§€ë§Œ ì‚¬ìš©ê°ì´ ë§¤ìš° ë§Œì¡±ìŠ¤ëŸ½ìŠµë‹ˆë‹¤,,,,,https://static.oliveyoung.co.kr/pc-static-root/image/comm/my_picture_base.jpg
ë‹¥í„°ë©œë½ì‹  ì•„ì¿ ì•„ ì´ì˜¨ í”Œë¼ì¦ˆë§ˆ ìˆ˜ë¶„ í¬ë¦¼,chorok****,,,,,5ì ë§Œì ì— 5ì ,2024.01.24,ë³µí•©ì„±ì— ì¢‹ì•„ìš”,ì§„ì •ì— ì¢‹ì•„ìš”,ë³´í†µì´ì—ìš”,"ì œ í”¼ë¶€ê°€ ì•…ê±´ì„±ì´ë¼ì„œ ìš”ì¦ˆìŒ ë‚ ì”¨ê°€ ë„ˆë¬´ ì¶”ì›Œì ¸ ì ì  ê±´ì„±ì´ ì‹¬í•´ì¡Œë„¤ìš”,, ê·¸ëž˜ì„œ ì•Œì•„ë³´ë‹¤ê°€ ë°œê²¬í•œí¬ë¦¼ì´ì˜ˆìš”! í›„ê¸°ê°€ ë§Žì´ ì—†ì–´ì„œ ê±±ì •í–ˆì§€ë§Œ ì¢‹ì€ í›„ê¸°ê°€ ë§Žì•„ ê·¸ëƒ¥ ë¯¿ê³  ì‚¬ë²„ë ¸ìŠµë‹ˆë‹¤! ë°°ì†¡ë°›ê³  ì €ë…ì— ë°”ë¡œ ì‚¬ìš©í•´ë³´ì•˜ëŠ”ë° ì „ ê° ì ìœ¼ë¡œ ê¾¸ë•í•œ ëŠë‚Œì˜ ìˆ˜ë¶„í¬ë¦¼ì„ ì¢‹ì•„í•˜ê³  ì €ë…ì—” ì§„ë“í•˜ê²Œ ë°œë¼ìš”! ê·¼ë° ì´ í¬ë¦¼ì€ ì¡°ê¸ˆì”© ëœì–´ì„œ ì‚¬ìš©í–ˆëŠ”ë°ë„ ë°”ë¡œ í¡ìˆ˜ë˜ë©´ì„œ ê²‰ë³´ë‹¤ëŠ” ì†ì„ ìž¡ì•„ì£¼ëŠ” ëŠë‚Œ? ì´ì—¬ì„œ ì¡°ê¸ˆë§Œë°œë¼ë„ ì˜¤ëž˜ê°€ëŠ” ëŠë‚Œì´ì˜€ì–´ìš”! ì €ëŠ” ê·¸ëž˜ë„ ì¢€ ê±´ì¡°í•˜ë‹¤ëŠ” ëŠë‚Œì„ ë°›ì•„ì„œ ë“¬ë¿ ë°œë¼ì¤¬ë‹µë‹ˆë‹¤! ê·¸ë¦¬ê³  ì•„ì¹¨ì— ì¼ì–´ë‚¬ëŠ”ë° ê´‘ë„ ë‚˜ê³  ì´‰ì´‰í•œ ìƒíƒœ ê·¸ëŒ€ë¡œ,, ë„ˆë¬´ ì‹ ê¸°í–ˆì–´ìš”! ê·¸ë¦¬ê³  í™”ìž¥í•˜ê¸°ì „ì—ë„ ë°”ë¥´ë©´ ì•ˆ ë°€ë¦¬ê³  ìž˜ í¡ìˆ˜ ëœë‹¤ê³  í•˜ê¸¸ëž˜ ì¨ë´¤ëŠ”ë°,, ì˜¤ìš° ì›ëž˜ ìˆ˜ë¶„í¬ë¦¼ì€ ì €ë…ì—ë§Œ ë°”ë¥´ê³  í–ˆëŠ”ë°,, ì´ì œëŠ” ì•„ì¹¨ì—ë„ ë°œë¼ë„ ë  ì •ë„ë¡œ í™”ìž¥ì´ ìž˜ ë¨¹ì—ˆì–´ìš”! ë„ˆë¬´ ë§Œì¡±í•˜ë©´ì„œ ì‚´ê³ ìžˆìŠµë‹ˆë‹¤~!.",,,,,https://static.oliveyoung.co.kr/pc-static-root/image/comm/my_picture_base.jpg
ë‹¥í„°ë©œë½ì‹  ì•„ì¿ ì•„ ì´ì˜¨ í”Œë¼ì¦ˆë§ˆ ìˆ˜ë¶„ í¬ë¦¼,ë°¤ë°¤ol,,,,,5ì ë§Œì ì— 5ì ,2024.01.21,ê±´ì„±ì— ì¢‹ì•„ìš”,ë³´ìŠµì— ì¢‹ì•„ìš”,ìžê·¹ì—†ì´ ìˆœí•´ìš”,í”¼ë¶€ê°€ ê±´ì„±ì´ë¼ ê²¨ìš¸ì— ìˆ˜ë¶„í¬ë¦¼ì€ í•„ìˆ˜ì¸ë° ì“°ë˜ê±° ë‹¤ì¨ê°€ì„œ ìš”ë²ˆì—ëŠ” ë‹¤ë¥¸ê±° ì¨ë³¼ê¹Œ ì‹¶ì–´ì„œ êµ¬ê²½í•˜ë‹¤ê°€ì•„ì¿ ì•„ ì´ì˜¨ í”Œë¼ì¦ˆë§ˆ ìˆ˜ë¶„í¬ë¦¼ êµ¬ë§¤í–ˆì–´ìš”!ì œí˜•ì´ ì—„ì²­ ì´‰ì´‰í•´ë³´ì˜€ëŠ”ë° ì§„ì§œ ì—„ì²­ ì´‰ì´‰í•˜ê³ ê¸ˆë°© í¡ìˆ˜ê°€ ë˜ë‹ˆ ì°ì°í•œê±° ì•ˆë‚¨ë”ë¼êµ¬ìš”! ì´ê²Œ ì œì¼ ì¢‹ì•˜ì–´ìš”í–¥ì€ ì•„ì£¼ ì•½ê°„ë‚˜ëŠ”ë° ê±°ë¶€ê°ì—†ì–´ìš”~í™”ìž¥ì´ ì•ˆëœ¨ëŠ”ê²Œ ì œì¼ ì¤‘ìš”í•œë° ã…  ê²¨ìš¸ì´ë‹¤ë³´ë‹ˆ ížˆí„°ë¥¼ íŠ¸ë‹ˆ ëœ°ë•Œê°€ ìžˆëŠ”ë° ìš”ê³   ë°”ë¥¸ í›„ì—ëŠ” ê´œì°®ì•˜ì–´ìš”! ìˆ˜ë¶„í¬ë¦¼ ì°¾ëŠ”ë‹¤ë©´ ìš”ê³  ì¶”ì²œí•©ë‹ˆë‹¤~!,,https://image.oliveyoung.co.kr/uploads/images/gdasEditor/2024/01/21/1705841690043.png?QT=85&SF=webp,https://www.oliveyoung.co.kr/store/goods/getGoodsDetail.do?goodsNo=A000000197659&t_page=%ED%86%B5%ED%95%A9%EA%B2%80%EC%83%89%EA%B2%B0%EA%B3%BC%ED%8E%98%EC%9D%B4%EC%A7%80&t_click=%EA%B2%80%EC%83%89%EC%83%81%ED%92%88%EC%83%81%EC%84%B8&t_search_name=%EA%B1%B4%EC%84%A0&t_number=104&dispCatNo=1000001000100150001&trackingCd=Result_61_all#,https://image.oliveyoung.co.kr/uploads/images/gdasEditor/2024/01/21/1705841693026.png?QT=85&SF=webp,https://static.oliveyoung.co.kr/pc-static-root/image/comm/my_picture_base.jpg
ë‹¥í„°ë©œë½ì‹  ì•„ì¿ ì•„ ì´ì˜¨ í”Œë¼ì¦ˆë§ˆ ìˆ˜ë¶„ í¬ë¦¼,mmmmjy13,,,,,5ì ë§Œì ì— 5ì ,2024.01.21,ê±´ì„±ì— ì¢‹ì•„ìš”,ë³´ìŠµì— ì¢‹ì•„ìš”,ìžê·¹ì—†ì´ ìˆœí•´ìš”,ë‹¥í„°ë©œë¼ì‹  ì•„ì¿ ì•„ ìˆ˜ë¶„í¬ë¦¼! ë‹¥í„°ë©œë¼ì‹  ì•„ì¿ ì•„ ì„¸ëŸ¼ë„ ë„ˆë¬´ ìž˜ ì‚¬ìš©í•˜ê³  ìžˆì–´ì„œ ì‹œë„ˆì§€ íš¨ê³¼ ì£¼ë ¤ê³  ìˆ˜ë¶„í¬ë¦¼ë„ êµ¬ë§¤í–ˆì–´ìš”ëˆì ì´ì§€ ì•ŠëŠ” ì œí˜•ì¸ë° ë°”ë¥´ìžë§ˆìž ëŠê»´ì§€ëŠ” ìˆ˜ë¶„ê°ì´ ë„ˆë¬´ ì¢‹ì•„ìš” ~~ ì†ê±´ì¡°ë„ ìž˜ìž¡ì•„ì£¼ëŠ”íŽ¸ì´ê³  í™”ìž¥ì´ ë°€ë¦¬ê±°ë‚˜ ë“¤ëœ¸ë„ ì „í˜€ì—†ì–´ì„œ ë„˜ ì¢‹ì•„ìš”!!,https://www.oliveyoung.co.kr/store/goods/getGoodsDetail.do?goodsNo=A000000197659&t_page=%ED%86%B5%ED%95%A9%EA%B2%80%EC%83%89%EA%B2%B0%EA%B3%BC%ED%8E%98%EC%9D%B4%EC%A7%80&t_click=%EA%B2%80%EC%83%89%EC%83%81%ED%92%88%EC%83%81%EC%84%B8&t_search_name=%EA%B1%B4%EC%84%A0&t_number=104&dispCatNo=1000001000100150001&trackingCd=Result_61_all#,https://image.oliveyoung.co.kr/uploads/images/gdasEditor/2024/01/21/1705840522593.png?QT=85&SF=webp,,,https://static.oliveyoung.co.kr/pc-static-root/image/comm/my_picture_base.jpg
ë‹¥í„°ë©œë½ì‹  ì•„ì¿ ì•„ ì´ì˜¨ í”Œë¼ì¦ˆë§ˆ ìˆ˜ë¶„ í¬ë¦¼,ì•ˆë‚˜ê½,,,,,5ì ë§Œì ì— 5ì ,2024.01.17,ê±´ì„±ì— ì¢‹ì•„ìš”,ë³´ìŠµì— ì¢‹ì•„ìš”,ìžê·¹ì—†ì´ ìˆœí•´ìš”,ì–¼êµ´ì— ìˆ˜ë¶„ì´ ë¶€ì¡±í•˜ë©´ ì§„ì§œí•˜ë£¨ì¢…ì¼ ë•¡ê²¨ì„œ í”¼ë¶€ì— ìžê·¹ë°›ì•„ ìŠ¤íŠ¸ë ˆìŠ¤ì˜ˆìš”.ìš”ì¦˜ ê±´ì¡°í•´ì„œ ë” ê·¸ëŸ°ë°ë¯¸ìŠ¤íŠ¸ë„ ë¿Œë¦¬ëŠ” ìž ì‹œë§Œ ê·¸ë•Œë¿..ìžê¸°ì „ì—ë„ ì•„ì¹¨ í™”ìž¥ì „ì—ë„ ìˆ˜ë¶„í¬ë¦¼ì„ ë°”ë¥´ëŠ”ë°ê¸°ì¡´ ì œí’ˆì€ ì˜¤ì¼ë¦¬í•œ ìˆ˜ë¶„í¬ë¦¼ì´ë¼ì´ì œí’ˆì„ êµ¬ë§¤í•´ë´¤ì–´ìš”.ì œí˜• ìžì²´ê°€ ìˆ˜ë¶„ê°ì´ ê°€ë“ ëŠê»´ì§€ëŠ” ì œí˜•ì´ê³ ë°”ë¥´ë©´ ì´‰ì´‰í•˜ë©´ì„œ í¡ìˆ˜ë„ ìž˜ ë˜ê³ í”¼ë¶€ë„ ì«€ì«€í•œ ëŠë‚Œì´ì˜ˆìš”~~ì†ê±´ì¡° ëŠë‚Œë„ ì—†ì–´ì§€ê³  ì¢‹ë„¤ìš”~,,,,,https://static.oliveyoung.co.kr/pc-static-root/image/comm/my_picture_base.jpg
ë‹¥í„°ë©œë½ì‹  ì•„ì¿ ì•„ ì´ì˜¨ í”Œë¼ì¦ˆë§ˆ ìˆ˜ë¶„ í¬ë¦¼,chester,,,,,5ì ë§Œì ì— 5ì ,2024.01.17,ê±´ì„±ì— ì¢‹ì•„ìš”,ì£¼ë¦„/ë¯¸ë°±ì— ì¢‹ì•„ìš”,ìžê·¹ì—†ì´ ìˆœí•´ìš”,ì§„ì§œ ê±´ì¡°í•œ ë‚ ì”¨ì— ë§¤ì¼ íŠ¸ëŠ” ížˆí„°ì— í”¼ë¶€ëŠ” ê±´ì¡°í•˜ë©´ì„œë„ ë²ˆë“¤ê±°ë¦¬ëŠ” ìµœì•…ì˜ ìƒíƒœì¸ë° ì§„ì§œ ì´‰ì´‰í•œ ìˆ˜ë¶„í¬ë¦¼ì„ ë§Œë‚¬ì–´ìš”.ì¹œêµ¬ ì¶”ì²œìœ¼ë¡œ ë‹¥í„°ë©œë½ì‹  ì œí’ˆì¨ë³´ê³  ë„ˆë¬´ ì¢‹ì•„ì„œ ìˆ˜ë¶„í¬ë¦¼ì´ ë”± ë–¨ì–´ì ¸ì„œ ë°”ë¡œ ì£¼ë¬¸í–ˆëŠ”ë°  ë½€ì–€ í•˜ëŠ˜ìƒ‰ í¬ë¦¼ì´ ìˆ˜ë¶„ì„ ê°€ë“ ì±„ì›Œì£¼ë„¤ìš”.ì œí˜•ì€ ë¶€ë“œëŸ¬ìš´ë° ê°€ë³ì§€ ì•Šê³  ë°”ë¥´ê³ ë‚˜ë©´ ì§„ì§œ í”¼ë¶€ê°€ ì«€ë“ ì´‰ì´‰  ë¶€ë“¤ë¶€ë“¤ í•œê²Œ ìˆ˜ë¶„ê° ì§„ì§œ ìµœê³ ì—ìš”. ì™ ì§€ ë‹¬ì½¤í•œ í–¥ì´ ë‚ ê²ƒê°™ì€ë° ë¬´í–¥ì´ëžë‹ˆë‹¤.,https://www.oliveyoung.co.kr/store/goods/getGoodsDetail.do?goodsNo=A000000197659&t_page=%ED%86%B5%ED%95%A9%EA%B2%80%EC%83%89%EA%B2%B0%EA%B3%BC%ED%8E%98%EC%9D%B4%EC%A7%80&t_click=%EA%B2%80%EC%83%89%EC%83%81%ED%92%88%EC%83%81%EC%84%B8&t_search_name=%EA%B1%B4%EC%84%A0&t_number=104&dispCatNo=1000001000100150001&trackingCd=Result_61_all#,https://image.oliveyoung.co.kr/uploads/images/gdasEditor/2024/01/17/1705500960551.png?QT=85&SF=webp,,,https://static.oliveyoung.co.kr/pc-static-root/image/comm/my_picture_base.jpg
