product_name,id,tag,tag 2,tag 3,tag 4,point_flag,more_msg,point,date,item_option,txt,txt 2,txt 3,txt_inner,ico_oyGroup
닥터디퍼런트 시카 메탈 크림,쭈쭈올챙이,민감성,웜톤,모공,민감성,한달이상사용,첫 리뷰 작성 후 30일 동안 사용 후 작성하신 리뷰입니다.,5점만점에 5점,2025.07.06,[옵션] 시카메탈크림 기획,복합성에 좋아요,보습에 좋아요,자극없이 순해요,고농축 시카크림! 닥터디퍼런트 시카 메탈 크림 좋아요~~ 부드럽게 잘 발리고 촉촉하게 마무리됩니다. 추가 증정품은 여행용으로 가지고 가기 좋네요. ㅎㅎ 닥터디퍼런트 시카 메탈 크림 만족합니다. 제 피부에 잘 맞아요:),
닥터디퍼런트 시카 메탈 크림,67kang****,,,,,,,5점만점에 3점,2025.06.28,[옵션] 시카메탈크림 기획,건성에 좋아요,보습에 좋아요,자극없이 순해요,건성피부인데 유분과 수분이  적절히  배합되었는지  바르고 나서 몇 시간이 지나도  건조함이 느껴지지않아요  하지만  튜브에 문제가 있어 얼마 사용하지 않았는데 벌써 튜브 옆구리가 터져 틈사이로 크림이 삐져 나오네요. 용기 개선이 시급해보입니다!혹시 튜브 불량으로 교환 가능한가요?,
닥터디퍼런트 시카 메탈 크림,건성이h,건성,웜톤,각질,민감성,한달이상사용,첫 리뷰 작성 후 30일 동안 사용 후 작성하신 리뷰입니다.,5점만점에 5점,2025.05.31,[옵션] 시카메탈크림 기획,복합성에 좋아요,보습에 좋아요,자극없이 순해요,"샘플도 받고 생각으로는 쫀쫀, 꾸덕한 시카를 기대하고 구매하긴 했지만요, 상당히 발림성이 괜찮고 보기보다 굉장히 유용하게 사용하게 되어서 만족스로운 제품이었습니다. 많은 시카함유 제품들이 그렇듯이 진정도 좋지만 저는 보습용으로도 쓰는 만큼 두루두루 사용하기 좋은 것도 같습니다. 원래 크림 특성상 이제품도 흡수가 잘 되는 편은 아니지만 역시 그건 소량만 사용하면 해결이 되고 저는 일상생활에 썬크림 을 안 쓰는 사람이라.. 스틱 전에 도포하고 사용하면 굉장히 좋더라고요",
닥터디퍼런트 시카 메탈 크림,yhsun****,,,,,한달이상사용,첫 리뷰 작성 후 30일 동안 사용 후 작성하신 리뷰입니다.,5점만점에 5점,2025.07.06,[옵션] 시카메탈크림 기획,복합성에 좋아요,진정에 좋아요,보통이에요,약간 무게감이 있긴 하지만건조 할 때 발라 주면 좋은거 같아요여름에는 저녁에 발라주니까 괜찮네요,
닥터디퍼런트 시카 메탈 크림,TAN,,,,,,,5점만점에 5점,2025.07.05,[옵션] 시카메탈크림 기획,건성에 좋아요,진정에 좋아요,자극없이 순해요,수딩크림 사봤는데 좋아서 이것도 사봤는데 저는 수딩크림이 더 좋아요 ㅋ 이건 부분으로 바르면 좋은데 전체적으로 바르면 약간 무겁고 답답합니다 전반적으로는 좋아요,
닥터디퍼런트 시카 메탈 크림,잠만보야나아,건성,쿨톤,블랙헤드,,재구매,2회 이상 구매한 상품에 대한 리뷰입니다.,5점만점에 5점,2025.07.01,[옵션] 시카메탈크림 기획,건성에 좋아요,보습에 좋아요,자극없이 순해요,레전드 제품 입니다! 굿굿 입니다! 짱입니다! 너무 좋습니다!,
닥터디퍼런트 시카 메탈 크림,쏭이리,건성,쿨톤,미백,,한달이상사용,첫 리뷰 작성 후 30일 동안 사용 후 작성하신 리뷰입니다.,5점만점에 5점,2025.06.20,[옵션] 시카메탈크림 기획,건성에 좋아요,보습에 좋아요,자극없이 순해요,좋다고 해서 엄마 사드렸어요 ㅋㅋㅋ 만족 하시는거 같으세요,
닥터디퍼런트 시카 메탈 크림,hsm****,,,,,한달이상사용,첫 리뷰 작성 후 30일 동안 사용 후 작성하신 리뷰입니다.,5점만점에 5점,2025.06.06,[옵션] 시카메탈크림 기획,복합성에 좋아요,진정에 좋아요,보통이에요,매장에서 테스트를 할 수 없어서 아쉬웠는데 일단 사용해보니 좋아요,
닥터디퍼런트 시카 메탈 크림,seolov****,복합성,여름쿨톤,모공,민감성,한달이상사용,첫 리뷰 작성 후 30일 동안 사용 후 작성하신 리뷰입니다.,5점만점에 4점,2025.06.27,,복합성에 좋아요,보습에 좋아요,보통이에요,시카 크림이라고 해서 진정 쪽으로 효과는 없고보습 크림으로 생각하고 쓰면 피부가 맨들해지는 느낌이 들어서 굿,
닥터디퍼런트 시카 메탈 크림,쭈쭈올챙이,민감성,웜톤,모공,민감성,,,5점만점에 5점,2025.03.11,[옵션] 시카메탈크림 기획,복합성에 좋아요,진정에 좋아요,자극없이 순해요,"피부 진정에 효과가 있다길래 닥터디퍼런트 시카 메탈 크림 구입했어요. 오늘 하루 발라본 느낌으로는 생각보다 부드럽게 잘 발리고 촉촉하게 마무리되네요. 제 피부에 잘 맞고, 피부 장벽이 건강하게 개선되길 바라며...한 달 후기로 돌아올게요!",
닥터디퍼런트 시카 메탈 크림,푸푸르르푸,지성,웜톤,다크서클,미백,,,5점만점에 5점,2024.08.05,[옵션] 시카메탈크림 기획,지성에 좋아요,진정에 좋아요,자극없이 순해요,"돌고돌아 다시 닥터디퍼런트로- 체험단으로 체험 후 계속 구매해요- 믿고쓰는 진정템📍 내돈내산체험단으로 체험해보고 재구매하다가 계절따라 다른 제품쓰다가시카메탈만큼 피부가 편하고 순한게 없어서다시 돌아왔어요📍 제 피부는수부지 현재 여름8월, 피부염으로 고생 중뭘 발라도 따갑고 건조하고 아픈데예전에 받은 20g 미니 사이즈 증정 생각나서 써보고나서피부가 편하고 당기지 않아서다시 본품 구매확실히 피부가 당긴다는 느낌이 줄었어요",
닥터디퍼런트 시카 메탈 크림,녹광,트러블성,봄웜톤,각질,모공,,,5점만점에 4점,2024.06.20,[옵션] 시카메탈크림 기획,지성에 좋아요,진정에 좋아요,자극없이 순해요,"수부지 민감성 트러블 피부라서 여름에 조금만 무거운 거 쓰면 바로 좁쌀 올라오거든요. 그런데 이 제품은 그런 거 없어서 좋았어요!제 피부에서는 쫀쫀의 느낌을 받진 못했지만, 확실히 촉촉 부들해져요! 바르고 나면 산뜻한 느낌은 아니고 미끌/얇은 막이 씌워진 느낌이지만, 수부지는 여름에도 건조하기에 적당한 유분감이라 생각합니다ㅋㅋㅋ진정 효과를 잘 봤다고는 생각이 안 드는데 제품이 순하기에 피부 뒤집어졌을 때 좋아요. 전 아침에 잘 썼습니다!",
닥터디퍼런트 시카 메탈 크림,상아색,,,,,,,5점만점에 5점,2023.03.28,[옵션] 시카메탈크림 기획,복합성에 좋아요,보습에 좋아요,자극없이 순해요,아랑님 유투브 보고 세일 기간에 냉큼 구매했네여ㅋㅋ샘플이 같이 와서 본품 사용하기 전에 샘플로 먼저 쓰고 있는데 아직까진 괜찮은거 같아요보통 화장품 바꾸게 되면 어느 정도의 자극이 피부에 바로 나타나는데 그런거 없이 순했던 것 같네요지복합성이라 크림이 너무 오일리하면 트러블이 올라오는데 이건 그런거 없었어요크림 제형이 아주 약간 꾸덕한거 같은데도 잘 펴발리고 흡수력도 괜찮아요 바르고 나면 오일리한 크림 바른거처럼 광이 장난 아닌데 그게 오일리하게 느껴지진 않아요그래서 다음 날 피부 컨디션도 좋더라구요오전에 메이크업 하기 전에도 사용해봤었는데 딱히 밀리거나 하진 않았어요,
닥터디퍼런트 시카 메탈 크림,푸푸르르푸,지성,웜톤,다크서클,미백,재구매,2회 이상 구매한 상품에 대한 리뷰입니다.,5점만점에 5점,2023.03.16,[옵션] 시카메탈크림 기획,지성에 좋아요,보습에 좋아요,자극없이 순해요,#데일리크림- 내돈 내산으로 재구매를 여러번 한 크림- 처음엔 올리브영 체험단으로 만났고 그 뒤 정기적인 내돈내산템으로 자리잡았어요- 재구매를 거듭하는 이 제품만의 장점을 써볼게요🔍 발림성부드러운 발림성마른듯한 느낌의 크림인데 바르면 촉촉해지고 바로 피부 장벽이 형성됩니다이 느낌이 지성에 맞는거 같아요 🔍 피부타입저는 수부지 지성인데 이 크림의 라이트 버전보다는 이 시카메탈이 더 잘맞더라구요유분이 많지 않아서 지성인데도 편안하게 씁니다🔍 향기무향이기 때문에 더 맘에 들었어요가향되지 않아 향기에 민감하신 분들에게 추천🔍 꿀 조합 추천❤가끔 피부에 더 영양을 더하고 기능을 더하고 싶을때같은 브랜드의 레티놀 크림인[비타리프트 에이] 혹은 [비타리프트 포르테]를 섞어 발라줍니다레티놀이 자극이 살짝 있는 편이라저는 처음 적응할때부터 섞어서 썼는데 다음날 효과가 가장 눈에 띄게 느껴져요피부가 부들부들🔍 저는 재구매를 이어갈거에요,
닥터디퍼런트 시카 메탈 크림,푸푸르르푸,지성,웜톤,다크서클,미백,재구매,2회 이상 구매한 상품에 대한 리뷰입니다.,5점만점에 5점,2023.02.14,[옵션] 시카메탈크림 기획,지성에 좋아요,진정에 좋아요,자극없이 순해요,🙋‍♀️ 몇 통을 구매하는지 모를정도로 순하고 진정에 좋음🙋‍♀️- 순하고 여드름성 피부에 좋아요- 지성 피부가 사용하기 좋음- 편안한 느낌- 진정에 도움이 됨✔ 제형흰색의 크림 제형이고튜브형으로 짜서 사용하기 좋아요✔ 진정과 보습여드름성 피부의 진정과 보습에 좋은편제가 지성인데 트러블이나아침 화장에 밀림없이 사용하기 좋았어요 ✔ 겉돌지 않는 보습흡수가 잘되는 편이고피부가 댕기는 느낌이 없어요올리브영 체험단으로 처음 만난 뒤에 몇통 구매하는지 모를정도로계속 사용하고 있어요여드름성 피부에 편안한 보습과 진정을 주는 크림으로 데일리로 쓰는데 매우 추천해요,
닥터디퍼런트 시카 메탈 크림,푸푸르르푸,지성,웜톤,다크서클,미백,재구매,2회 이상 구매한 상품에 대한 리뷰입니다.,5점만점에 5점,2022.10.14,[옵션] 시카메탈크림 기획,지성에 좋아요,진정에 좋아요,자극없이 순해요,"진정에 매우 우수한 닥터디퍼런트 메탈크림- 재구매를 이어가는 중- 진정에 우수한- 지성피부에도 트러블없이- 찬바람불때 보습막을 만들어주는- 생리 전의 민감한 피부에도 도움이되는 🌿 재구매몇개째 구매하는지 모를정도로재구매를 계속 하고 있어요🌿 지성피부에도 트러블없이저는 지성피부이고갑갑하고 유분기 많은 제품은 쓰지 않는 편이에요닥터디퍼런트 메탈 크림은 지성피부가 써도 갑갑하다고 느끼지 않을정도로피부에 쏙 스며들고바르는 즉시 피부장벽이 생기는 느낌이에요그래서 찬바람이 불고 피부가 예민해고 트러블이 많이 생기는 피부가 뿔나는 시기에 내 피부의 구원자같은 크림입니다🌿 빠른진정sos처럼 피부의 성난 부분을 빠르게 진정시켜주기 때문에트러블이 마구 올라오기 시작할쯤에는저는 이 크림만 바릅니다🌿 데일리로화장이 밀리지 않아서 데일리로 쓰기에도 좋아요저는 계속 재구매 예정이고, 함께 올리는 사진은 추가구성 상품이 포함된 사진이에요참고로 추가구성은 본품과 미니크림2개 2개입 패드구성입니다",
닥터디퍼런트 시카 메탈 크림,멍멍아냐옹해봐,건성,쿨톤,모공,블랙헤드,,,5점만점에 4점,2022.08.25,[옵션] 시카메탈크림 기획,건성에 좋아요,보습에 좋아요,자극없이 순해요,- 요즘에 여름철이 되면서 마스크를 착용하는 부위에 열감이 많이 느껴지고 그 열감으로 인해서 트러블이 많이 나는 것 같아 구매를 해서 사용을 해보게 되었습니다 !!- 우선 제가 제품을 구매를 하였을 때 메리트가 있었다고 느껴지는 부분은 퀵이라는 부분이에요. 하지만 솔직히 말씀드리자면 퀵이라는 부분은 많이 아쉬웠어요. 효과가 막 엄청 빠르게 나타나는 정도는 아니고 꾸준히 사용하다보면 그래도 금방 가라앉더라구요 !!! 하지만 다음 날을 위해서 사용할만한 제품에는 조금 못 미 친다는 거 ㅠㅠ- 정말 좋았던 부분은 저의 피부가 민감성이라 조금만 자극적인 제품을 사용하면 트러블이 나기 마련인데 이 제품은 자극도 전혀 느껴지지 않고 촉촉해서 여름철에 사용하기에 알맞은 제품이라고 생각이 되더라구요 !! 추천합니당,
닥터디퍼런트 시카 메탈 크림,요다,건성,민감성,아토피,,,,5점만점에 5점,2022.02.01,,복합성에 좋아요,진정에 좋아요,자극없이 순해요,"예전에 올영체험단으로 잘 썼었는데 아무래도 오래 사용하면 감흥이 없어져 재구매는 하지 않았다가이번에 온라인몰 구매 때 받은 샘플 두장 사용해보고피부 컨디션이 확 좋아져서 다시 구매해 쓰고 있어요:D요즘 막 트러블이 나거나 예민하진 않은데나이트 크림으로 사용하고 다음 날이 되면 피부가 확실히 맨질맨질하고 깐달걀..같아서 넘넘 좋아요제형은 시어버터가 들어있어서 쫀쫀보다는뭐랄까 포슬포슬 실키한 느낌이었고발림성은 좋습니다! 흡수도 빠른 편이고 제가 평소에고보습의 끈적이는 크림을 즐겨써서 그런지피부 잔여감이나 끈적임을 거의 느끼지 못했어요.보습력은 악건성이 요즘 같은 계절에 쓰기엔 부족하고크림 이전 단계에서 수분을 꽉 채워준 후 사용하면나쁘진 않아요. 다만, 시어버터 성분이 잘 맞지 않으신다면구매를 한 번 고려해보세요..! 전 잘 맞는 편이라두통째 문제 없이 사용 중이지만 워낙 화장품은사바사라서 테스터라도 해보시는 걸 추천드립니다",
닥터디퍼런트 시카 메탈 크림,midnightsummer,민감성,웜톤,모공,민감성,,,5점만점에 5점,2021.11.07,,복합성에 좋아요,진정에 좋아요,보통이에요,"먼저 닥터디퍼런트 앰플을 구매해서 사용해봤는데 생각보다 너무 잘 맞더라고요! 크림도 유명한 것 같아서 성분을 보니 예민한 제 피부에 괜찮을 것 같아 쿠폰으로 조금 더 저렴하게 구매했습니다🙂저의 피부타입은 민감성+여드름+복합성 그리고 조금이라도 맞지않는 제품을 쓰면 바로 피부에 여드름이나 좁쌀이 올라옵니다 피부가 아주아주 예민한 편이에요ㅠㅠ저한테 유일하게 맞는 성분이 병풀, 마데카소사이드, 히알루론산이 있는데 이 크림은 제 피부에 맞는 성분이 아주 많이 들어가있었어요!! 근데 처음에 딱 발랐을땐 피부가 약간 광이 나면서 코팅되는 느낌이라고 할까요,, 촉촉하지만 약간 오일리한 느낌 때문에 바르자마자 피부에 안맞을수도 있겠다라는 생각이 약간 들었어요😂자고 일어나서 보니까 다행히 피부가 괜찮더라고요! 여드름도 하나도 안올라왔고 전날보다 훨씬 피부가 진정된 느낌이 강했어요!며칠 사용해보니 피부톤도 정리되고 피부결이 확실히 좋아진게 눈에 보였어요 계속 꾸준히 써주면 더 효과가 있지 않을까 생각이 드네요 복합성한텐 겨울에도 건조하지 않게 쓸 수 있을 거 같아요!나이트케어 제품으로 딱입니닷(아침에 쓰기엔 제 피부에 약간 기름질 거 같아요..^^)피부에 진정 필요하신 분들은 이 제품 추천드릴게요💖",
닥터디퍼런트 시카 메탈 크림,멍뭉이랑,복합성,웜톤,민감성,트러블,,,5점만점에 5점,2021.04.05,,복합성에 좋아요,진정에 좋아요,자극없이 순해요,"닥터디프런트 다른 제품 샀다가 메탈 시카크림 샘플 받아보고 써봤는데 너무 좋은거에여.. 그래서 올리브영에서 세일하길래 바로 샀어요 ㅎㅎㅎ저는 원래 닥터자르트 시카크림을 오랫동안 사용해왔는데요, 그거랑 비슷한 느낌이 드는 크림인데 제형이 좀 더 연고처럼 단단하다고 해야하나 그런 느낌이 있어요. 물론 손으로 으깨면 엄청 부드럽지만요! 제 피부에는 너무 잘 맞았어요😆😆 마무리감도 전혀 오일리하지 않고 쏙 흡수되는데 진정감이나 수분감 보습감 다 만족스러웠어요. 제 피부는 많이 예민하지만, 이 크림은 저에겐 트러블 유발 절대적 0 이었고 오히려 자잘하게 마스크나 스트레스 열감으로 올라온 트러블에 이크림을 바르고 자면 다음 날 피부가 딱 봐도 많이 진정된게 확 느껴지는 그런 크림이에요!! 이 시카메탈크림이랑 에이포르테크림 같이 쓰면 정말 꿀조합이에여 여러분.. 정말 한번 써보면... 네.. 말하지 않아도 알게 될겁니다.. 진짜 최강 조합 👍  울 엄마도 써보고 너무 좋다고 하길래 지금 들어와서 리뷰 쓰는김에 더 사려구요!!하나 사아알짝 아쉬운점이 있다면..?  이 크림엔 주름기능성이나 미백기능성이 없다는 점? 오로지 진정기능과 보습기능에 중점을 준 크림이에요!! 물론 크림 전단계 에센스나 닥터에이포르테 크림을 바름으로써 이 부분은 보완 가능해서 뭐 괜찮습니다 😁",
닥터디퍼런트 시카 메탈 크림,챙이챙이올,복합성,웜톤,모공,민감성,,,5점만점에 5점,2021.03.21,,복합성에 좋아요,보습에 좋아요,자극없이 순해요,"제가 시카성분의 재생 혹은 진정크림을 써본적이 없었는데 최근에 피부가 점점 민감해지는 것 같아서 찾아본결과 닥터디퍼런트와 닥터자르트가 유명한 것 같더라구요사실 닥터자르트는 예전부터 많이 들어서 알고는 있었는데 써본적은 없었어요 둘중에 고민하다가 일단 할인행사하는 닥터자르트 제품을 직접 구매해서 사용하고 있었는데 조금 아쉬운 부분이 있어서 닥터디퍼런트가 궁금했거든요 그런데 마침 좋은기회로 체험해보게 되어 비교해봤네요-!!🍃닥터디퍼런트 시카메탈 vs 닥터자르트 시카페어🌿** 제 피부타입은 계절, 화장품, 컨디션, 환경 등에 따라 트러블이 가끔 올라오는 수부지 복합성피부입니다👉🏻질감+발림성시카메탈은 흔히 사용하는 크림질감이에요 농후한 크림 느낌은 아니고 적당한 크림타입이었구요 그래서 잘 펴바를 수 있고 무거운 느낌없구요 시카페어는 정말 연고같은 느낌으로 살짝 꾸덕했어요 그래서 한번에 쫙 바르기는 어려워요 계속 문지를때 초반에는 살짝 겉도는 느낌이긴해요👉🏻흡수력시카메탈은 금방 흡수가 되구요 제가 복합성피부라서 흡수시키고 손등으로 얼굴 두드렸을때 유분감이나 과한 광 혹은 끈적임 등을 싫어하는데 그런거 하나 없었습니다시카페어는 초반에 막이 씌어진것 같은 느낌이고 살짝 무거운가? 싶었지만  시간지나면 그래도 흡수되는 편이에요 과하게 끈적이거나 그러지는 않았어요👉🏻진정+재생 / 수분감 시카메탈은 사용하는동안 크게 피부가 뒤집어진 상태가 아니라서 진정과 재생에 효과를 많이 봤다고 말은 못하지만 자극감은 못느꼈고 속수분에 오히려 좋은 것 같아요 사실 성분중에 시어버터가 들어가서 걱정했거든요 아무래도 복합성피부라서 평소에 시어버터 성분을 좋아하지는 않아요 그런데 문제없었어요!!시카페어는 겉에 막이 있는것 같지만 속수분에는 크게 촉촉한 느낌도 없었고 종종 가려울때가 있었어요 그치만 역시 큰 트러블이나 좁쌀이 올라오지는 않았네요 👉🏻총평 저는 속수분도 채워주면서 재생과 진정기능이 있는 시카메탈크림에 구입의사가 있습니다‼️",체험단
닥터디퍼런트 시카 메탈 크림,귤줘,건성,웜톤,각질,민감성,,,5점만점에 5점,2021.03.16,,건성에 좋아요,진정에 좋아요,자극없이 순해요,"피부타입 : 민감성, 건성, 좁쌀여드름집에서 혼자 압출한 날 진정이 얼마나 되는지 보려고 나이트케어로 발라줬어요! 비포-에프터 차이 좀 보세요... 비포(저녁)은 전체적으로 붉고 달아오른 피부인데 에프터(다음날 아침)에는 붉은기 다 가라앉고 진정 된 피부예요.사진으로 찍어서 확인하니까 효과가 더 확실히 와닿았어요! (아이폰기본카메라로 찍었습니다)민감성에 건성이라 아무거나 못 바르는데 이 제품은 진정효과도 짱이고 바르고나서 따가운 것도 전혀 없이 순했어요! 또 건조한 피부에 보습막을 채워주는 느낌을 받았어요!! 진짜 좋아요 이거 ㅠㅠㅠ 다 쓰면 꼭 다시 살거예요!!!",체험단
닥터디퍼런트 시카 메탈 크림,솜솜솜,복합성,웜톤,미백,민감성,,,5점만점에 5점,2021.03.15,,건성에 좋아요,진정에 좋아요,자극없이 순해요,마침 사용하던 크림이 똑 떨어졌을 때 제품이 도착해서 받자마자 사용해보고 지금까지 아침 저녁으로 10일? 정도 사용해 본 것 같아요 저는 건성피부에 민감하고 종종 트러블도 올라오는 피부를 가지고 있는데요 마스크도 써야하고 날씨도 워낙 일정치 않다보니 요즘 피부가 난리가 났어요 그래서 너무 무겁지 않은 크림을 찾던 중이었어요 피부가 부담스러워 하지 않는 크림이요 그런데 여태까지 제가 사용해 왔던 시카크림은 뭔가 피부표면 위에서만 노는 느낌이었거든요? 피부 속까지 뭔가 꽉 채워주는 느낌은 아니었어요 그래서 닥터디퍼런트 시카 메탈 크림을 사용하면서도 별 기대가 없었다고 해야할까요그런데 기대 이상이었어요 막 쫀쫀하다거나 영양감이 느껴지진 않지만 발림성이 좋고 찐득하지는 않은데 그 다음날 아침까지 피부가 건조해지지 않더라구요 바를때는 아 내일 아침이면 건조해서 간지럽지 않을까 했는데 그렇지 않아서 놀라웠어요 제가 사용해 본 시카크림 중에선 제일 만족스러웠어요,체험단
닥터디퍼런트 시카 메탈 크림,요다,건성,웜톤,민감성,아토피,,,5점만점에 5점,2021.03.14,,건성에 좋아요,진정에 좋아요,자극없이 순해요,"올영체험단으로 제품 받아보는 건 항상 좋지만이건 정말 찐으로 사려고 장바구니에 담아뒀던 거라서너무너무 좋았고 더 열심히 사용해봤어요🙃☑️특징1)시카화장대에도 라로슈포제, 아벤느, 바이오더마, 코스알엑스시카 크림을 놓고 돌려가며 사용하는 시카처돌이에요,,시카메탈크림은 시카 성분들 중에서도 소량만 나오는 마데카소사이드가 유효농도로 함유되어 있어유튜브에서 ‘찐 시카크림’이라고 불리더라구요2)메탈제품 단상자나 뚜껑에서도 메탈릭한 느낌을 살려준게구리와 아연 성분이 들어가서 인 것 같아요!저는 생리 전 9일부터 턱 부위에 여드름이 나는데아연이 여드름 등 피부 질환에 도움이 된다길래얼마 전부터 섭취하고 있는데 스킨케어 제품에도 이러한 성분들이 들어가 있어 피부에 더욱 도움이 될 것 같아요☑️사용 후기1)발림성시어버터가 들어가 있어 처음 짤 때는 꾸덕한 느낌인데바를 때는 굉장히 부드럽고 두껍지 않게 발려요약간 샤베트? 같은 느낌이었어요!2)보습력저는 건성이라 그런지 나이트케어용으로는 약간 부족하다는 느낌이에요. 자고 일어났을 때 당기는 정도까진 아니지만, 얼굴이 많이 말라 있더라구요.낮에 발라도 유분폭발 수준은 아니었어요단, 시어버터가 들어가 있어서 지성피부나 여드름성피부한테는 잘 맞지 않을수도 있을 것 같아요3)진정효과우연히 피부가 뒤집어지는 시기에 처음 쓰게 됐는데어쩐 일인지 이번 달은 잘 넘어간 것 같아요사실 한달은 써봐야 정확히 파악할 수 있겠지만열흘 정도 써본 바로는 굉장히 마음에 들었어요얼굴이 붉어지거나 여드름이 나는 것도 없었어요!현재 스킨케어 루틴이나 영양제 복용도 영향을 끼쳤겠지만..  분명 이 제품 효과도 있겠죠 ㅎㅎ4)기타-마무리감은 완전히 산뜻한 느낌은 아니지만아주 끈적이는 편은 아니에요-베이스 메이크업 전에 발라도 화장 안밀려요정가로 구매하기엔 약간 부담돼서세일하면 제 돈 주고 구매 할 의향 있습니다🙆🏻‍♀️",체험단
닥터디퍼런트 시카 메탈 크림,이하나142,복합성,웜톤,모공,민감성,,,5점만점에 5점,2021.03.13,,건성에 좋아요,보습에 좋아요,자극없이 순해요,"한줄요약: 극건성은 세럼 한단계 추가하면 좋고 바른직후 피부가 편안하며 진정에 탁월본인피부: 복합성, 예민하지는 않고 마스크 때문에 볼+입가에 붉은 잡티 올라옴.보습력 : 별5개진정력 : 별4개마스크 때문에 최근에 피부에 붉은 잡티가 올라와서 세럼이며 뭐며 정말 많이 사용했어요. 특히 미세먼지 때문에 패드는 꼭 사용했고 때문에 피부가 많이 스쳐서 예민해져있는 상태+ 생리주기 때문에 오돌도돌 난리가 나있었습니다. 약 일주일 정도 사용했는데요클렌징: 비쉬 젤 클렌져스킨케어: 마녀공장 패드(패드가 부드러워서 애용)-> 닥터자르트 시카페어 세럼(속까지 진정 시켜주는 느낌이라 예민해지면 꼭 사용)-> 닥터디퍼런트 시카크림(여태 바른 스킨케어 제품들을 잠궈주는 역활) 이 루틴으로 일주일 정도 진행했고 그결과 피부가 진짜 진짜 많이 가라앉았어요!닥터디퍼런트 크림이 밤처럼 꾸덕하게 나오지만 막상 바르면 부드럽게 발려서 일단 피부가 답답하지 않고 빠르게 흡수되고 적당히 촉촉한 상태로 마무리되서 손이 제일 자주 갔어요. 부담스러운 마무리감이였다면 절대 손이 안갔을테니까요!환절기라 다시 뒤집어질 피부를 좀 더 단단하게 만들어줄 크림이라 초여름까지 열심히 쓰려구요!",체험단
닥터디퍼런트 시카 메탈 크림,쥬블리,복합성,쿨톤,모공,미백,,,5점만점에 4점,2021.03.13,,복합성에 좋아요,진정에 좋아요,자극없이 순해요,닥터디퍼런트 비타크림과 시카메탈크림이 요즘 핫해서 꼭 사용해보고 싶었는데 올영체험단 기회로 시카메탈크림을 사용 하게 되었어요!!! 요즘 날씨가 따뜻해졌지만 그만큼 미세먼지가 많아져서 트러블이 올라오더라구요ㅠㅠ 그래서 피부트러블진정이 필요했던 저에게 꼭 필요했던 제품이랍니다이크림을 손등에 짰을때 뭔가 묽은제형이 아닌 묵직한 제형같은 느낌이었는데 얼굴에 펴발라보니 엄청 부드럽게 발리고 피부에 겉돌지 않고  촥 스며드는 크림이였어요~그리고 비타크림이랑 같이 섞어서 쓰면 좋다고 해서 그 크림은 구매해서 이 크림과 함께 밤에 사용하는데 자고 일어나면 트러블도 진정되어 있고 매끈한 꿀피부가 되어있더라구요!!아침엔 비타크림 빼고 스킨에센스에 이크림만 발라줘도 화장도 충분히 잘 먹는것 같구용!! 트러블진정과 보습효과까지 있는 이 크림 ~ 계속 발라본 뒤 다 쓰면 재구매 할 예정입니다 ~!!,체험단
닥터디퍼런트 시카 메탈 크림,미도의세상,건성,웜톤,각질,트러블,,,5점만점에 4점,2021.03.12,,복합성에 좋아요,보습에 좋아요,자극없이 순해요,"닥터 디퍼런트에 대한 소문이 자자한데 이 제품으로 처음 접하게 되었습니다!우선 시카+재생성분이라고 설명을 들어서 젤타입이 아닌 이상 꾸덕하고 뻑뻑한 발림성을 생각했는데 부드럽고 무거움 전혀 없는 일반 보습크림 제형이에요!그렇다고 전혀 가볍지도 않은데 바를 때 부드럽게 발려서 놀랐습니다. 또 저는 지성 피부라서 크림을 사용하면 바르고 시간이 조금 지나면 유분이 올라오는 경우가 많았습니다.그런데 이 크림은 오히려 젤타입이 아닌데도 큰 무리 없이 피부에 쏙 흡수되는데 이 부분이 가장 마음에 들었어요 ✨진정의 경우에는 피부 컨디션이 조금 피지나 유분이 있는 상태이고, 데일리한 케어를 원하면 손가락 한 마디 정도를 짜서 펴발라 주시면 데일리로 가벼운 진정이 가능합니다 🌿피부가 조금 예민하거나 건조한 날, 특별한 진정이 필요한 날에는 크림을 앞과 똑같이 한 마디를 발라주시고 지성피부는 건조한 부분, 진정이 많이 필요한 부분에 한 번 더 발라주시고, 건성 피부는 똑같이 전체 피부에 다 발라주시면 됩니다.이렇게 특수 진정과 재생성분이 들어있지만 보습케어도 가능해서 다양한 피부고민에 쓸 수 있고 발림과 흡수가 좋으니 장점만 있는 크림인 것 같아요!그나마 단점을 뽑자면 지성인 제게도 에센스나 다른 수분제품 없이 크림만 바르면 조금 건조한 정도..?발림성 좋은 진정+보습 크림을 찾으시면 추천합니다 ☺️",체험단
닥터디퍼런트 시카 메탈 크림,별이언니이,복합성,쿨톤,모공,미백,,,5점만점에 5점,2021.03.12,,복합성에 좋아요,진정에 좋아요,자극없이 순해요,"원래 닥터디퍼런트 제품 꼭 사용해보고 싶었는데, 이렇게 올영체험단에 당첨되어 사용하게 되었습니다^^우선 기존에 비타 에이크림을 사용해본적이 있었습니다.저녁에 다른 크림과 섞어서 발라주곤 했는데,다른 리뷰를 찾아보니 이 아이와 비타에이 제품을 섞어 사용해주면 효과가 좋다는 이야기가 많더라구요그래서 한번 일주일 정도 사용해봤는데...사용감기 타 크림과 섞어 사용했을떄보다 확실히 진정효과가 좋았던 것 같습니다.다만 처음 사용하시는 분들은 비타에이 제품 때문에 피부가 뒤집어 질 수 있으니 반드시 사용량은 정말 아주 소량으로 발라 보시길 추천드립니다.저는 100%만족 중이며, 나중에 본품 구매 의사 있는 제품입니다!!",체험단
닥터디퍼런트 시카 메탈 크림,까르페디엠,건성,쿨톤,미백,민감성,,,5점만점에 5점,2021.03.09,,건성에 좋아요,보습에 좋아요,자극없이 순해요,닥터 디퍼런트 시카 메탈 크림❣️15명의 피부전문가가 직접 개발하고 만든 화장품이라서 정말 궁금했어요^.^우선 손등에 한번 발라봤는데 발림성도 너무 좋고 피부가 맨들맨들 해지더라고요^ ^촉촉함은 기본이고요!좋아서 신랑하고 아침저녁마다 듬뿍듬뿍 바르고 있어요!피부를 한번 쫙 감싸주는 느낌이라 보습력이 좋고 지속력도 정말 좋아요!어린아이나 임산부도 사용가능하다고 써있어서 더 믿음이 가네요!여드름 유발 주의성분도 없어서 트러블 걱정없이 잘 쓰고 있답니다. 신랑하고 같이 써서 금방 쓸 것 같네요~데일리 보습으로 추천합니다!다쓰고 재구매하러 올께용^-^,체험단
닥터디퍼런트 시카 메탈 크림,느그난,복합성,가을웜톤,각질,다크서클,,,5점만점에 5점,2021.03.08,,복합성에 좋아요,진정에 좋아요,자극없이 순해요,"닥터 디퍼런트는 티비광고에서 많이 봤었는데 올영체험단의 기회로 사용해보게 되었습니다!😊좋았던 점😊- 포장상자에 점자가 있는 제품은 제가 쓴 제품 중에서 처음 인 것 같아요! 시각장애인 분들을 위해서 점자를 넣은 것 같더라고요~! 그리고 크림 제형도 뻑뻑하지 않고 촉촉하게 잘 발려서 좋았어요! 특별한 향은 없고 부담없이 바를 수 있어서 마음에 들었답니다^^😭아쉬운 점😭 - 50g이라는 용량에 비해 가격이 좀 부담스러울 수 있을 거 같아요ㅠ 그리고 건성, 복합성 분들에게는 추천이지만 지성 분들이 사용하시면 기름지게 느껴지실 수 있을 거 같더라고요! 그래서 두껍게 바르지 말고 좀 가볍게 바르시길 추천드려요!",체험단
닥터디퍼런트 시카 메탈 크림,아녜스,건성,웜톤,모공,잡티,한달이상사용,첫 리뷰 작성 후 30일 동안 사용 후 작성하신 리뷰입니다.,5점만점에 5점,2023.12.31,[옵션] 시카메탈크림 기획,복합성에 좋아요,진정에 좋아요,자극없이 순해요,퀵수딩크림은 여름에 메탈크림은 겨울에 사용하면 좋아요. 붉은기 진정에 엄청 좋아요. 열이나 건조함에 홍조 올라올 때 바르면 빠르게 진정이 돼요. 별다른 향은 없고 끈적임 없이 빠르게 흡수가 잘 돼요. 조금씩 나누어서 바르면 밀림도 없어서 화장하기 전에 발라도 돼요. 입구가 좁아서 양조절하기도 편해요.,
닥터디퍼런트 시카 메탈 크림,아녜스,건성,웜톤,모공,잡티,,,5점만점에 5점,2023.10.30,[옵션] 시카메탈크림 기획,건성에 좋아요,진정에 좋아요,자극없이 순해요,시카 메탈 퀵 수딩 크림을 사용해보고 좋아서 겨울용으로 이 크림도 사봤어요. 확실히 제형이 진해서 보습이 더 잘돼요.아직은 쓴지 얼마되지 않았지만 퀵수딩크림이 워낙 저한테 잘 맞아서 이 크림도 그럴 것 같아요. 붉은기가 잘 올라오는데 그때 바르면 금방 붉은기가 잦아들어요.,
닥터디퍼런트 시카 메탈 크림,포도링,복합성,웜톤,모공,미백,,,5점만점에 5점,2021.03.15,,복합성에 좋아요,진정에 좋아요,자극없이 순해요,"유튜버들이 닥터 디퍼런트 제품 협찬받아 광고 할 때 제일 눈에 많이 띄던 제품이라 사실 체험단으로 신청할 때에도 진짜 좋은건지 그냥 광고였던건지 긴가민가해서, 고민 끝에 시켜봤어요.결론은 생각보다 아주아주 만족스럽고 친구도 영업당해서ㅋㅋㅋ세일기간 되면 구매하려고 드릉드릉하고 있습니다.먼저 외관은 일반적인 튜브 타입 크림이었어요.심플하고 메탈 느낌의 뚜껑과 부드러운 튜브 용기로 이루어져있고 50ml의 넉넉한 용량이에요.튜브타입이라 공이 접촉이 그래도 적어서 위생적으로 사용할 수 있는 점이 좋았어요.제형은 백색 무향의 어떻게 보면 평범한 제형으로, 제가 느끼기에는 리얼베리어 인텐스 모이스쳐 크림이랑 익스트림 크림을 반반 섞어둔 느낌의 제형이었어요.부드럽지만 너무 묽지 않고 너무 꾸덕하지도 않고 발림도 좋아서 바르고 나면 싹 흡수되는 느낌이에요.마데카소사이드랑 더마메탈 성분이 있어서 손상피부 케어해준다고 하는데, 사실 크게 막 피부 손상부분이 개선되었다던가 하는건 크게 못느꼈어요.근데 확실히 바르고 다음 날 피부가 좀 더 결이 정돈되는 느낌? 보들보들 매끈매끈한 느낌이 들어서 좋고, 확실히 뭐가 더 나지는 않아서 그 부분도 만족스러웠어요.피부에 전혀 자극 없는 진정크림 겸 수분크림으로 잘 사용할 것 같은데 아무래도 용량대비 가격이 좀 있어서 세일기간을 노려서 구매할 것 같아요!!재구매 의사는 95%입니다! 간만에 정착할법한 크림 만난 것 같아요ㅋㅋ",체험단
닥터디퍼런트 시카 메탈 크림,블라블라,복합성,웜톤,각질,모공,,,5점만점에 4점,2021.03.06,,건성에 좋아요,보습에 좋아요,자극없이 순해요,"일단 리뷰를 시작하기에 앞서 저는 수분을 채워주지 않으면 좁쌀여드름이 올라오는 수분부족 건성피부를 갖고있어요!! 그리고 장시간 마스크 착용으로 화농성 여드름도 턱과 볼 쪽에 간간히 올라오는 예민한 피부를 갖고 있습니다!! 처음에 택배를 받았을 때 놀랐던 게 엄청 큰 박스에 자그마한 크림상자가 들어있어서 깜짝놀랐어요 ㅋㅋㅋㅋㅋㅋ 시카성분이 적지 않게 들어갔다는 점이 마음에 들었어요! 그리고 제형은 꾸덕한 크림 제형이어서 무겁게 발릴 것 같았지만, 막상 피부에 올려보면 그렇게 무겁게 발리지도 않아요!! 보드랍게 흡수됩니당!! 예민한 제 피부에도 아직까지는 피부 트러블이 올라오지는 않았어요!! 꾸준히 써봐야겠어용!또 튜브 타입으로 위생적이게 사용할 수 있다는 점 역시 매우 마음에 들었어용! 단점은,, 가격이에요ㅜㅜ 세일가가 아니면 좀 비싼감이 없지않아 있어요!ㅜㅜ",체험단
닥터디퍼런트 시카 메탈 크림,모델라인,복합성,쿨톤,모공,미백,,,5점만점에 5점,2021.03.06,,건성에 좋아요,보습에 좋아요,자극없이 순해요,"얼마전 러X에서 산 각질제거제를 너무 자주사용했더니,내피부는 빨갛게 올라오며 각질이 쩍쩍 갈라졌어요.특히 턱주변과 코주변은 너무심해 간지러울정도😭화장품을 바르긴해야는데 너무따갛고, 간지러워 고생중저자극,진정에좋은 크림을 찾았는데 그구원템이닥터디퍼런스 시카 메탈크림-!!!! 입니다더마라면 다들알다시피 피부 전문가라는 단어가떠오를텐데요.  마데카소사이드성분으로 시카~!!!피부진정,붉어지고 예민한 피부에도움이된데요비자극성!!!! 이라 자극없이 순하게,알레르기 여드름걱정없이 쓸수있고 특리 어린이,임산부도 쓸수있다니🤔에코성분받은 식물성오실성분이 들어있어서인지 바르고도 촉촉하고 보습가득이라 바른 직후사진만 봐도 윤기가 자르르 나면서 저에 붉어진 피부도 한순간 진정된!!전 자주 덧바르고 있는데 여러번 발라도 답답한 느낌 전혀없어요!!! 저처럼 민감해진 피부,특히 피부과 다녀오신분들은 시카크림으로 이제품진짜 찐추천합니다.차르르 피부에녹아드는 타입에 제형인 이크림은 모두만족할꺼같아요",체험단
닥터디퍼런트 시카 메탈 크림,잠만보야나아,건성,쿨톤,블랙헤드,,재구매,2회 이상 구매한 상품에 대한 리뷰입니다.,5점만점에 5점,2025.06.01,[옵션] 시카메탈크림 기획,건성에 좋아요,보습에 좋아요,자극없이 순해요,레전드 제품 입니다! 너무 좋습니다! 굿입니다! 짱입니다’,
닥터디퍼런트 시카 메탈 크림,쿠로마메,민감성,여름쿨톤,각질,모공,한달이상사용,첫 리뷰 작성 후 30일 동안 사용 후 작성하신 리뷰입니다.,5점만점에 5점,2024.09.23,[옵션] 시카메탈크림 기획,건성에 좋아요,진정에 좋아요,자극없이 순해요,자극 없이 피부 진정시키기 좋아요! 3년동안 유럽 살면서 석회수->건조해서 각질뜸 -> 각질제거함 -> 무한반복으로 인한 과한 각질제거로 자극이 심하게 되어서 피부가 개같이 멸망했는데 순하고 촉촉해욤비싸서 고민했는데 잘 산듯 해요!그저께 발효성분 고함량 마스크팩 썼다가 저랑 안맞는지 완전 뒤집어지고 염증 생겨서 얘만 쓰고있는대 진정 잘 되길 ㅠ,
닥터디퍼런트 시카 메탈 크림,쿠로마메,민감성,여름쿨톤,각질,모공,,,5점만점에 5점,2024.08.16,[옵션] 시카메탈크림 기획,건성에 좋아요,진정에 좋아요,자극없이 순해요,"가격대가 좀 있는 편이라 세일할때까지 박박 기다리다 드디어 산 제품,,하악 기대가되는군요하도 좋다는 말이 많아서..! 마침 재생/진정크림 찾고있기도 했고 유럽에서 2년 살다가 오랜만에 한국 왔다가 일본 갔다가 하니까 없던 피부염이 도져가지고 힘들었는데 저를 구원해줄 아이템이네용 ㅎㅋ피부과쌤이 처방해주신 디페린크림 쓰고 항생제 먹고 거의 다 낫긴했는데 그래두 크림은 진정크림 당분간 쓰려구욥",
닥터디퍼런트 시카 메탈 크림,Yeonbora,복합성,쿨톤,잡티,트러블,재구매,2회 이상 구매한 상품에 대한 리뷰입니다.,5점만점에 5점,2024.03.08,[옵션] 시카메탈크림 기획,복합성에 좋아요,진정에 좋아요,자극없이 순해요,예전에 영상에서 보고 구매했었는데 피부진정에 도움을 받은거 같아서 이번에 재구매했습니다. 그리고 제품이 순해서 피부에 자극이 없었어요. 피부민감해질때  꼭 사용해주는 크림중 하나라서 가격이 조금 있지만 꾸준히 사용하고 있습니다.,
닥터디퍼런트 시카 메탈 크림,Yeonbora,복합성,쿨톤,잡티,트러블,한달이상사용,첫 리뷰 작성 후 30일 동안 사용 후 작성하신 리뷰입니다.,5점만점에 5점,2024.01.27,[옵션] 시카메탈크림 기획,복합성에 좋아요,진정에 좋아요,자극없이 순해요,유튭영상에서 보고 구매했는데 진짜 잘 사용했어요. 트러블 고민으로 크림 고민하다가 구매한 제품이었는데 사용하고 많이 괜찮아진거 같았어요. 사람마다 다를수 있지만 트러블에 고민이신 분들에게 한번은 사용해보라고 권할수 있는 크림입니다.,
닥터디퍼런트 시카 메탈 크림,무병장수,복합성,쿨톤,모공,트러블,재구매,2회 이상 구매한 상품에 대한 리뷰입니다.,5점만점에 5점,2021.07.20,,복합성에 좋아요,진정에 좋아요,자극없이 순해요,아닛 이 제품은 말해뭐해템이라 사계절 내내 자극받은 피부에 편하게 올라가서 좋아요!근데 이거 하나만 주문했는데도 마침 타이밍이 잘 맞았는지 같이 온 키트가 장난없네여.. 😅한번씩 세일할때 쟁이기 넘 좋은 템입니닷!!,
닥터디퍼런트 시카 메탈 크림,Kim76,건성,웜톤,각질,민감성,,,5점만점에 5점,2021.07.05,,건성에 좋아요,보습에 좋아요,자극없이 순해요,"뷰튭버들의 영상을 보다보니 닥터퍼런트의 시카메탈크림이 좋다고들 하길래 지난 올영 세일때 선착순 사은품으로 비타 애이엔넥을 받은김에 같이 구매해 봤구요~ 생각보다 시카메탈크림이나 아이엔넥 정가는 4만원대로 비싼편이어서 세일때 하나 값으로 두개를 구매한다 생각하고 사봤습니다~~ 일단 제 피부는 건성에, 화장품에 따라 민감하게 반응하는 편이고, 트러블도 심심치 않게 올라오는 편입니다ㅠㅠ그리고 닦토나 클렌징시 얼굴을 문지르고 나면 따갑고, 쓸리는 느낌까지 드는 피부인데요~~ 그러다보니 피부장벽을 강화해주는 시카제품을 선호하는 편인데,  이 전에 쓰던 닥터자르트의 시카 앰플은 제 피부랑 잘 안맞는 건진 모르겠지만 가격에 비해 그닥.... 효과가 있다고 느끼진 못했었습니다ㅠㅠ그런데 이 제품은 사용감이 너무 좋아요!!일단 제형이 짜면 연고처럼 꾸덕해서 첨엔 와... 이거 펴바르다가 팔아프겠다 싶었는데... 왠걸!!!! 그것은 훼이크였음!!!얼굴에 문지르기 시작하니 손이 스르르 미끄러질 정도로 너무 부드럽게 잘 발리고, 일주일 넘게 사용하다보니 세안하고 나서도 건조하지 않고 보들보들하더라구요ㅎㅎ잘 찾았다 싶었습니다 ㅋㅋㅋ가격이 너무 비싸서 아껴쓰다가 세일할때 사야 할 것 같지만, 여튼 좋은 제품임에는 분명합니다^^참고로 저는 비타에이 아이엔넥과 이 제품을 섞어 바르고 있는데 궁합도 아주 좋습니다^^ 잘쓸께요!!",
닥터디퍼런트 시카 메탈 크림,쥬블리,복합성,쿨톤,모공,미백,,,5점만점에 5점,2021.07.04,,복합성에 좋아요,진정에 좋아요,자극없이 순해요,보이시나요? 왼쪽 제품 사용한 인증샷.... 저 이크림 올영체험단으로 사용 후 넘 좋아서 저만큼 다쓰고 새로 재구매했답니다. 사실 유튜브 보면서 닥터디퍼런트 시카크림을 극찬하길래 ...워낙 시카크림은 많은데 다 쓰진 못했고 새로사기는 좀 그렇고 ..고민하는 와중에 올영체험단에 있길래 신청했는데 너무 좋아서 저 크림만 사용하다보니 어느새 또 재구매를 할 시기가 와버렸네요 ㅎㅎ저는 엄청 건조한 계절부터 사용했는데 넘 더운 여름까지도  잘 사용하고 있는 제품이에요 계절을 타지 않는 무겁거나 너무 가볍지 않은 딱 적당한 크림인것 같아요~ 이 크림바르고 메이크업 하면 화장도 잘먹고 저녁엔 닥터디퍼런트 비타크림이랑 같이 사용하면 시너지 효과를 더 해서 피부도 좋아지고 또 트러블올라올때 진정효과에도 넘 좋아서 이 크림에 정착했습니다!! 다른 크림도 빨리써야하는데ㅜㅜㅜ 저는 이게 찰떡이네용 ㅎㅎ  근데 가격이 좀 부담이라 세일 자주했으면 좋겠어요,
닥터디퍼런트 시카 메탈 크림,코코아우유,,,,,한달사용리뷰,상품 구매 후 30일 동안 사용 후 작성하신 리뷰입니다.,5점만점에 5점,2021.06.24,,복합성에 좋아요,진정에 좋아요,자극없이 순해요,비타리트프 에이크림도 쓰는 중인데 시카 크림이랑 섞어서 바르면 좋다길래 시카크림도 구매했어요~보습 진정에 효과가 좋습니다~저녁에는 미백효과있는 크림 바르고 자는편인데트러블이 난다 싶을 때는 시카 크림 바르고 자면 확 좋아지진 않지만 진정되는 효과가 있더라구요~비타리프트 에이 크림이랑 섞어서 바르기도 하는데트러블 있을때는 바로 손이가는 제품이에요~가격이 좀 있는 편이라 세일할때 얼른 구매해야 합니다 ㅎㅎ시카크림 별로 생각 없었는데 한번 써보니까 계속 쓰게 되는 제품인것 같아요~트러블 없는 피부를 위해 열심히 발라봐야겠어요,
닥터디퍼런트 시카 메탈 크림,멍뭉이랑,복합성,웜톤,민감성,트러블,재구매,2회 이상 구매한 상품에 대한 리뷰입니다.,5점만점에 5점,2021.04.08,,복합성에 좋아요,진정에 좋아요,자극없이 순해요,"제가 이 크림 샘플 받아서 사용해봤는데 진정력, 보습력이 너무 좋아서 본품 바로 구매했네요. 엄마도 드릴려고 또 구매 했어요ㅎㅎㅎ저번 리뷰에도 썼지만 이 크림은 같은 브랜드의 에이포르테크림이랑 조합이 짱이에오.. 진짜 이 시카크림으로 피부보습과 진정을 해놓고 그 다음에 포르테 크림으로 미백+쥬름+탄력 관리하니까 다음날 아침 피부 상태 쩌러요.. 화장 잘 먹는거는 말 할 필요도 없고 진정 싹 되어있고 엄청 피부가 부들뷰들해져요ㅠㅠ 짱짱울 엄마도 웬만한건 좋다고 잘 안하시는데 이 크림은 써보고 하루만에 좋다고 사달라고 하셨어욬ㅋㅋ 진짜 진정에 이 크림 추천해요 제형도 엄청 부드럽고 흡수력도 좋아요 👍",
닥터디퍼런트 시카 메탈 크림,명랑한,복합성,웜톤,잡티,탄력,,,5점만점에 5점,2021.03.21,,복합성에 좋아요,진정에 좋아요,자극없이 순해요,"복합성/마스크로 인한 간헐적 트러블마데카소사이드 성분이 높은 크림이이만큼 진정에 포커스를 맞춘 크림이라고 생각했는데 일단 보습능력이 탁월해요~! 평소에 써오던 시카크림들은 아무래도 촉촉함이 오래간다고는 생각못했는데 이 제품은 바르자마자 건조함이 잡히면서 몇 번 레이어링하면 끈적하진 않는데 광이 나고, 빠른 시간 안에 속보습을 해주네요. 제형은 묽은 연고 느낌이고 향은 무향에 가깝지만 옅게 의약제품? 연고? 같기도 합니다. 만족스러운 발림성에 특별한 향이 없다보니까 다른 기초제품들과의 궁합도 좋다고 생각 되네요.다만 진정기능으로 소문난 타제품보다 뛰어난(!) 능력은 아닌 것 같고, 그래도 트러블로 인한 붉은기나 약간의 가려움 등은 충분히 케어해줍니다.그리고 자사 비타민크림과 궁합이 좋다하여 이 시카크림과 섞어보려고 주문했어요~ 봄철 환절기+마스크착용으로 고생하는 피부에게 한줄기 빛이 되기를ㅠㅠ",체험단
닥터디퍼런트 시카 메탈 크림,올영세포,복합성,웜톤,민감성,트러블,,,5점만점에 5점,2021.03.21,,건성에 좋아요,진정에 좋아요,자극없이 순해요,시카 성분이 잘 맞아서 시카 제품은 엄청 다양하게 사용해봤는데 크림 제형인 제품들은 보통 발림성이 뻑뻑해서 손이 잘 안 갔습니다! 근데 이 제품은 발림성도 부드럽고 흡수력이 상당히 좋은 편이라서 손이 잘 갔고 유분이 생각보다 많은 제품이라 T존에 트러블이 생길까봐 걱정했는데 트러블은 새로 생기지 않았습니다!계속 사용해보니 새로 생긴 트러블보다는 기존에 남은 트러블 흔적에 더 효과가 있는 제품인 거 같고 자극없이 순한거 같아 앞으로 잘 사용할 거 같아요!,체험단
닥터디퍼런트 시카 메탈 크림,참좋은집,,,,,,,5점만점에 5점,2021.03.21,,건성에 좋아요,보습에 좋아요,자극없이 순해요,결론; 메이크업전에 보습과 있게 자극없는 시카제품 찾는 분들 사세요!!두달 사용을 해봤습니다. 다른 타사 시카제품들은 나이트에만 사용했었는데 이제품은 낮에도 사용 가능하며 매이크업전에도 밀림없이 쓸수있어 좋아 인생템으로 평생 같이 하려고 합니다. 건성인 저는 시카제품이 잘못쓰면 건조하거나 너무 오일리해서 사용을 꺼려했는데 이제품은 너무 가볍지도 않으면서 보습감을 가지구 있고 촉촉합니다.무엇보다 바르고 나면 광이나서 여자분들 그날 시작되면 뾰루지 나잖아요 걱정없이 밀림없이 매이크업 하기 좋아요. 건조해져서 갈라지거나 번들거려서 밀림없이 제형감이 정말 좋습니다. 비타민앰플 잘못쓰고 좁살 올라왔지만 이제품 바르고 진정에도 도움을 받았어요~ 사서 써보세요 진짜진짜 너무 좋아요 향은 없어서 향에 민감하신분들도 사용하기 좋아요. 꾸덕해 보이지만 로션처럼 발리고 흡수도 빠르고 바른 후 답답함 없습니다^^,체험단
닥터디퍼런트 시카 메탈 크림,블링빔빔,,,,,,,5점만점에 5점,2021.03.21,,복합성에 좋아요,진정에 좋아요,자극없이 순해요,"예민성 피부에 알맞는 아연과 시카 성분이 피부를 확실하게 진정시켜줘요 발림성 좋은 제형으로 검지 손톱만큼 짜면 얼굴, 목까지 바를 수 있어요 바르고 나서 유분이 살짝 도는데 금방 흡수 되서 무겁게 마무리 되지 않습니다 요즘 마스크 써서 피부가 예민한데 보습 진정에 효과적이에요 튜브 형이라 위생적으로 사용하기 좋습니다",체험단
닥터디퍼런트 시카 메탈 크림,ililil,건성,웜톤,미백,잡티,,,5점만점에 4점,2021.03.21,,건성에 좋아요,보습에 좋아요,자극없이 순해요,"기존에는 라로슈포제 시카 플라스트밤 B5 라는 시카 크림을 사용했는데, 닥터디퍼런트 제품도 궁금해서 신청하게 되었습니다!두 제품을 비교하는 리뷰를 작성했습니다.🔎 발림성 😀발림성이 매우 좋습니다. 제품소개 texture에 '피부에 바르는 즉시 부드럽게 녹아 스며드는 샤베트 크림 타입의 제형' 이라고 되어있는데 이 말이 딱 맞는 것 같아요!제품을 짤 때는 꾸덕하다고 느껴지는데, 펴바르면 부드럽게 발립니다.(두번째 사진 참고),🔎 보습 😀발림성이 좋아서 그런지 발랐을 때 너무 과한 유분이 없어서 번들거리지 않지만, 보습은 잘 돼서 좋았습니다.다만 얇게 바르지 않으면 무겁다고 느껴집니다. 얇게 발라도 보습이 잘 되니 얇게 골고루 펴바르면 좋을 것 같아요.저는 '라로슈포제 시카 플라스트밤 B5'를 애용하는데 이 크림은 발림성이 연고처럼 뻑뻑하고 향이 아쉬웠고, 보습이 잘 되지만 유분이 많아서 아쉬웠는데'닥터디퍼런트 시카 메탈 크림'은 발림성이 좋고 무향이고 유분이 적당한 점은 좋았습니다.🔎 트러블 😨라로슈포제를 바를 때는 트러블이 안났는데, 닥터디퍼런트 시카 메탈 크림은 이마와 볼 쪽에 트러블이 났어요 ㅠㅠ라로슈포제에는 시어버터가 있고 닥터디퍼런트에는 시어버터, 스테아릭애씨드, 미리스틱애씨드가 있던데모공막는 성분 때문에 트러블이 난 것으로 보이네요 ㅠㅠ얇게 발라도 트러블이 나길래 한겨울에 찬 바람, 히터 바람때문에 피부가 거칠어질 때 바르면 좋을 것 같고, 날씨가 더 더워지면 못바를 것 같습니다.📝 제 피부에는 트러블이 나기에 데일리로 사용하기 보다는 거칠어져서 보습이나 회복이 필요한 부분에만 바르는 정도로 사용해야 할 것 같습니다. 보습력은 만족스러워서 한겨울에는 애용할 것 같아요.",체험단
닥터디퍼런트 시카 메탈 크림,돋을볕,복합성,웜톤,민감성,,,,5점만점에 5점,2021.03.20,,복합성에 좋아요,진정에 좋아요,보통이에요,한창 피부가 예민했을 때 사용하게 되어서 걱정했는데 전혀 자극적이지 않고 편안하게 사용했어요. 화장 전에 발라도 밀림 전혀 없고 아주 건조할 경우 앰플이나 에센스를 추가하면 좋을 것 같아요. 무난하게 사용하기 좋은 크림이라서 다른 제품들 사용해보다가 피부 예민할 때 다시 돌아올 것 같은 크림이에요. 향도 심하지 않고 제형도 펴바르기 편한 정도의 점도여서 데일리크림으로 요새 매일 잘 사용하고 있어요. 기간을 두고 사용해보려고 거의 매일 이 제품만 썼는데 피부도 많이 진정되고 밤낮 사용하기 좋아서 추천하고 싶은 크림이에요. 시카가 그렇게 찰떡!으로 잘맞는 편 아닌데도 괜찮았어요.,체험단
닥터디퍼런트 시카 메탈 크림,뚜둥이,건성,웜톤,미백,주름,,,5점만점에 4점,2021.03.19,,건성에 좋아요,진정에 좋아요,자극없이 순해요,"단지형보다는 튜브타입이라 편하고 좀 더 우생적으로 사용할 수 있어 좋아요.피부에 살짝 광이 있지만 겉도는 것 없고 다소 무겁지 않을까생각했는데 부드럽게 녹아 발림성도 좋았고 흡수력도 좋았어요.개인적으로 젤 마음에 들었던 건 무향인 점과 과한 유분 없이사용 후 끈적임이 없는 마무리감이 만족스러웠어요.저는 건성피부라 잘 맞았지만 지성피부라면 평소 사용하는 데로 바르면 무겁게 느껴질 수 있을 것 같아 소량으로 사용하시길 추천드려봅니다^^피부에 자극이 되는 성분은 없는 것 같아 봄에 미세먼지와 마스크, 온도차로 인해 민감해질 때 잘 바를 것 같아요.",체험단
닥터디퍼런트 시카 메탈 크림,윤다람,건성,쿨톤,각질,미백,,,5점만점에 5점,2021.03.18,,복합성에 좋아요,진정에 좋아요,자극없이 순해요,"닥터디퍼런스 보이자마자 광클해서 받았습니당 ㅋㅋㅋ기존에 비타크림 써봤어서 시카 크림도 너무 기대했어요!!튜브타입이라 간단하게 짜서 쓰기 너무 편해요!!제형은 크림 타입인데 얼굴에 발랐을때 부드럽게 샥 펴발라져서 놀랐어요크림보다 라이트하게 발리지만 또 그렇게 가벼운 느낌은 아니에요딱 보습막이 피부를 덮어주는 느낌!세안 하고 나왔을때 토너 쓰고 발라주면 땡김도 없어요ㅠㅠ다른 수분타입 토너, 앰플이랑 사용하면 좁쌀도 싹 잡힐 것 같네요!!너무 좋은 크림 써볼 기회가 생겨서 좋네요ㅠㅠ계속 사용해보고 효과 더 좋으면 재구매 해야겠어요 ㅎㅎ",체험단
닥터디퍼런트 시카 메탈 크림,그대의연예인이되어vV,복합성,웜톤,각질,모공,,,5점만점에 5점,2021.03.15,,건성에 좋아요,진정에 좋아요,자극없이 순해요,🌟시카크림이니만큼 꾸덕하긴하지만 시카크림 치고는 덜 답답하고 유분감도 적당한 느낌📌피부를 코팅한 듯이 보습막이 씌워진 느낌으로 마무리됨📌꾸덕한 제형의 크림이지만 부드럽게 녹듯이 매끄럽게 잘 발림📌예민해진 피부에 진정을 빠르게 시켜줌📌무향이라 인공향을 넣지않아 안심됨👍🏻시카크림이 꾸덕하고 바르고 나면 답답해서 사용하기 불편했는데 이 크림은 꾸덕하지만 부드럽게 잘 발리고 답답함도 없어서 좋았어요!! 진정도 되고 보습도 챙겨주면서 유분감은 생각보다 덜 해서 좋았던 크림이에요ㅎㅎ 예민한 날 저녁에 이 크림을 바르고 자면 다음날 많이 진정되있었어요!!👎🏻아쉬운 점은 용량대비 가격대가 조금 높다는 점이지만 제형이 꾸덕하고 소량으로도 넓게 충분히 잘 발려서 사실상 한번 바를 때 그렇게 많은 양을 필요로 하지 않음,체험단
닥터디퍼런트 시카 메탈 크림,sag2,복합성,쿨톤,각질,모공,,,5점만점에 5점,2021.03.14,,복합성에 좋아요,진정에 좋아요,자극없이 순해요,닥터디퍼런트 기능성 제품들 많이 나와서 써보고 싶었는데 올영체험단으로 사용해보게 되어서 너무 좋았어요 ㅎㅎ✔️성분마데카소사이드와 아시아티코사이드 성분이 들어있어서 피부 진정에 좋고 특이한 점은 아연과 구리가 들어있다는건데 원래 아연이랑 구리가 우리 피부내에 존재하고 손상된 피부 개선에 도움을 준다고 하더라구요! 아연이랑 구리가 들어있는 시카크림은 처음인데 더 진정이 잘되는 느낌이에요!✔️제형흰색에 향이 없고 연고같은 제형인데 생각보다 무겁지 않고 보습력이 되게 좋아요 원래 보통 시카크림들 사용할 때 저는 나이트크림용으로 사용했었는데 이건 낮에도 사용할 수 있을거 같아요!,체험단
닥터디퍼런트 시카 메탈 크림,은레몬,복합성,웜톤,각질,모공,,,5점만점에 5점,2021.03.14,,복합성에 좋아요,진정에 좋아요,자극없이 순해요,"⭐️한 줄 평⭐️ 무겁지 않은 발림성으로 예민해진 피부에 도움이 되었던 제품 ㅎㅎ닥터디퍼런트는 레티놀이 들어간 포르테 제품이 워낙 유명한데, 시카 메탈 크림이 포르테에 비해 각광받지 못한다는 생각이 들었어요..ㅠㅠ피부 예민함이 심한편이여서 시카 토너, 시카 에센스, 시카 크림 다 사용해보았는데.. 시카 크림은 대부분이 묵직한 느낌이 들어서 손이 잘 가지 않더라구요 ㅠ하지만 “닥터디퍼런트 시카 크림”은 발림성도 좋고 되직한제형과는 다르게 피부 흡수가 빠르고 무겁지 않아서 밤 뿐만 아니라 낮에도 바르기 편했어요 ㅎㅎ 그리고 낮에 해당 제품을 바른 후에 화장을 했을때에도 밀림현상이 전혀 없어서 만족스러웠습니다!!또 피부전문가님들이 함께 참여하는 제품이다보니 성분도 타 시카크림과 비교했을때보다 우수하다고 생각했어요 ㅎ그리고 그런만큼 제 피부도 사용 1주일만에 개선되었다고 생각이 들었습니다!!좁쌀 여드름까지 케어는 되지 않았지만, 큰 뾰루지나 피부의 예민함은 확실히 개선되었어요~ㅎ",체험단
닥터디퍼런트 시카 메탈 크림,alsthfdl,,,,,,,5점만점에 5점,2021.03.14,,복합성에 좋아요,보습에 좋아요,자극없이 순해요,체험단 신청되서 사용해봤는데 일단진정이신분들은 전체 바르기는 좀 유분기가 많이 돌거같아요! 저도 복합성인데 불구하고 유분이 엄청 돌기는 하더라구요근데 아직까지는 막 피부진정된다거나 이런거는 모르겠지만 그래도 쓰고나면 여드름이 올라온다거나 그런건 없어요!그래서 저거에다가 트러블 파우더같은거 섞어서 쓰는데괜찮은거같아요!닥터디퍼런트 비타민크림도 사용중인데너무너무 만족중이라서 이것도 꾸준히 쓰면 좋을거라 생각해요!!!꾸준히 계속 써볼생각중이에요!!!!,체험단
닥터디퍼런트 시카 메탈 크림,차곡차곡,건성,겨울쿨톤,민감성,잡티,,,5점만점에 4점,2021.03.13,,복합성에 좋아요,진정에 좋아요,자극없이 순해요,"✔️매우 악건성, 민감성 피부입니다마데카소사이드 시카 성분을 좋아하고 민감성인 제 피부에 잘 맞아서 선택했어요일주일정도 써보니까 순하고 ✔️매일 마스크 쓰는 피부에는 진정 효과가 가장 커요원래 쓰던 제품인 보타닉힐보 판테놀 크림이랑 비교해보면 닥터디퍼런트가 덜 쫀쫀하고 덜 꾸덕해요✔️소프트한 느낌그래서 겨울엔 보습이 조금 부족하다 느꼈어요 건조한 날씨 제외하면 괜찮을듯‼️보통 건성 정도이거나 복합성 추천흡수력 좋고 향은 약간 연고 느낌나요피부 컨디션이 안 좋아서 가볍게 바르고 싶을때 쓰면 좋을 거 같아요 순하고 하루 빨리 진정이 필요하신 분들은 한 번 써보세요",체험단
닥터디퍼런트 시카 메탈 크림,소소소소,건성,웜톤,다크서클,모공,,,5점만점에 4점,2021.03.11,,건성에 좋아요,진정에 좋아요,자극없이 순해요,"저는 평소에 마데카소사이드랑 병풀추출물, 시카성분 등이 진정시켜야할 때 매우 잘맞고, 쉐어버터라는 성분 자체는 잘맞지 않는 편인데 이 제품에 3가지 모두가 들어있더라구요. 그래도 걱정했던 것과는 달리 쉐어버터가 들어있는데 트러블이 올라오지는 않아서 괜찮았어요.  하지만 그렇다고 저에게 진정효과가 좋은 편은 아니어서 아쉬웠어요. 그리고 크림 자체에 유분기가 없지 않은 데에 비해 속건조는 잘 잡아주지 못한다고 생각했어요. 제형 자체는 살짝 묵직하면서 꾸덕하지만 발림성 좋은 크림인 것 같아요. 아쉬운 점이라면 용량에 비해 가격대가 높은 것 같아요ㅠㅠ",체험단
닥터디퍼런트 시카 메탈 크림,찰떡모찌랑,건성,웜톤,모공,미백,,,5점만점에 4점,2021.03.10,,건성에 좋아요,보습에 좋아요,자극없이 순해요,"요즘 날씨가 오락가락해서 해가 지면 엄청 춥고 바람도 많이 불어서 피부가.. 예민해지고 자주 붉어져서 피부 장벽이 무너졌을때 딱 괜찮은 아이에옹!!! 디자인도 깔끔하니 튜브 형식이라서 위생적으로도 좋았습니다, 마데카소사이드랑 병풀추출물에 아시아티코사이드까즤~.. 피부 진정시킬 만한 성분들 다 들어있어서 진정에 도움이 잘 되었습니다! 성분중에 시어버터가 제일 걱정이였는데 저는 건성이기도하고 시어버터가 잘 맞아서 괜찮았지만 남자친구는 복합성인데 시어버터가 안맞는지... 약간 답답함을 느끼더라구여ㅠㅠㅜ 여름엔 사용 못 할거같다공..ㅠ 저는 정말정말 잘 맞았습니다! 원래 한겨울이나 환절기때 유분이 있는 제품을 사용하는걸 좋아해서 크게 답답함도 못 느꼈고 보습력도 괜찮았어요, 다만 지금 사용할때에 보습력이 그럭저럭 괜찮았으나 한겨울에 사용할땐.. 약간 부족할수있겠구나ㅜ싶었습니다ㅠㅜ제형은 밤까진 아니고 꾸덕한 크림 느낌! 바를때도 스르륵 잘 펴발렸어요~ 잘 스며들어요~ 딱히 밀리는 느낌은 없었고 제가 건조해서 그런지 피부가 매끈매끈했어욯ㅎㅎㅎㅎ 꾸덕한 크림이라 덕지덕지 바르지말고 소량으로 잘 펴바르는걸 추천드립니닿ㅎ",체험단
