product_name,id,tag,tag 2,tag 3,point_flag,more_msg,point,date,txt,txt 2,txt 3,txt_inner,tag 4,thum src 4
바이오더마 시카비오 크림,햅삡삐,약건성,봄웜톤,각질,한달이상사용,첫 리뷰 작성 후 30일 동안 사용 후 작성하신 리뷰입니다.,5점만점에 5점,2025.06.26,건성에 좋아요,보습에 좋아요,자극없이 순해요,"겨울에 너무 건조해서 피부가 다 뒤집어져서 구매해봤습니다. 날씨가 괜찮아지면서 다시 좋아지긴 했는데, 건조할땐 덕 많이 봤습니다.",,
바이오더마 시카비오 크림,SlLZlST,복합성,쿨톤,다크서클,,,5점만점에 3점,2025.06.25,건성에 좋아요,보습에 좋아요,보통이에요,"유튜버 보고 냅다 구매했는데, 하필 여름이네요. 제가 수부지라 사실 여름에 이 제품을 사용해보기엔 무리가 있는 거 같아요.사용감은.. 여름이라 좀 답답하고 피부에 좋은 느낌은 안들었어요. 그래서 겨울에 다시 사용해 보려고 합니다. 그땐 많이 건조함을 느껴서 도움이 될 수도 있다고 생각해요.발림성은 저는 좋았어요. 약간 꾸덕하긴한데 체온으로 녹으면서 금방 슥슥 발라집니다. 그리고 다른 수분크림들이랑 섞어서 쓰기에도 유용하고 좋아보였어요.아무튼 지성분들이 여름에 사용하기엔 무리가 있는 제품처럼 보입니다.",모공,
바이오더마 시카비오 크림,올리브뵤,약건성,여름쿨톤,민감성,재구매,2회 이상 구매한 상품에 대한 리뷰입니다.,5점만점에 5점,2025.06.26,건성에 좋아요,보습에 좋아요,자극없이 순해요,관리받은 후에 쓰면 빛을 발하는 크림 같아요!!피부에 챡 감기는 느낌의 크림이라 발림성도 나뿌지않고스크럽하고 쓰면 다음날 진정효과가 눈에 띄게 잘 느껴져요,트러블,
바이오더마 시카비오 크림,고캭이,복합성,봄웜톤,민감성,한달이상사용,첫 리뷰 작성 후 30일 동안 사용 후 작성하신 리뷰입니다.,5점만점에 5점,2025.07.09,건성에 좋아요,보습에 좋아요,자극없이 순해요,꾸우우우덕 합니다!손등에 덜어서 부드럽게 풀어준다음 올려야 마찰이 덜해서 잘 발려요큰 차도는 모르겠지만 트러블은 안나고 잘 맞는거같아요,잡티,
바이오더마 시카비오 크림,정쏘쏨,복합성,웜톤,모공,,,5점만점에 5점,2025.07.02,복합성에 좋아요,진정에 좋아요,자극없이 순해요,바이오더마 시카비오는 셀 수 없이 구매했는데 리치인가 그건 오래두면 물처럼 녹아서 별루더라규요 이건 입구도 좁아서 트러블 포인트에 딱 짜기도 좋아요,민감성,
바이오더마 시카비오 크림,zllone,지성,다크서클,모공,,,5점만점에 5점,2025.07.02,건성에 좋아요,진정에 좋아요,자극없이 순해요,묵직하고 저는 지성피부라 기름지다고 느껴졌지만 피부장벽케어 효과가 대박이라 일주일만에 사람다운 피부로 돌아가게 만들어준 저의 은인같은 크림이에요ㅜㅜ,,
바이오더마 시카비오 크림,푸른빛의별,,,,한달이상사용,첫 리뷰 작성 후 30일 동안 사용 후 작성하신 리뷰입니다.,5점만점에 4점,2025.07.05,복합성에 좋아요,진정에 좋아요,보통이에요,한달 사용 리뷰입니다.오랜 시간 모낭염으로 고생해서 도저히 안되겠더라고요. 피부과에 방문해서 상담을 받아보니 이 제품을 추천하길래 당장 구매해서 사용했습니다. 음... 왜 일까요? 토너 바르고 이 제품 발랐는데 처음에는 좋았죠. 그런데 시간 지나니깐 얼굴이 엄청 건조해지고 심지어 아팠어요.  토너 바르고 히알루론산세럼 바르고 수분크림 바른 후 전체말고 문제되는 일부분만 바르니깐 괜찮았습니다. 유명하고 좋다해도 내 피부에 안 맞으면 땡인 것 같아요.,,https://static.oliveyoung.co.kr/pc-static-root/image/comm/my_picture_base.jpg
바이오더마 시카비오 크림,고캭이,복합성,봄웜톤,민감성,,,5점만점에 5점,2025.06.09,건성에 좋아요,보습에 좋아요,자극없이 순해요,"꾸덕해요! 손등에서 조금 제형을 풀어주고 얼굴에 올리면 자극안되고 좋아요 요즘 좁쌀도 올라오고 얼굴 붉어지면서 모공열리고, 따갑고 그래서 구매해봤어요라로슈포제 시카플라스트는 묘하게 규조토같은 모래가 느껴지는 마무리 질감인데 이건 그런거 없이 진짜 크림이라 좋아요자기전에만 사용하시고 얇게 한겹만 깔아주면 좋을것같아요",잡티,
바이오더마 시카비오 크림,37살의여신,건성,쿨톤,모공,한달이상사용,첫 리뷰 작성 후 30일 동안 사용 후 작성하신 리뷰입니다.,5점만점에 5점,2025.06.14,건성에 좋아요,보습에 좋아요,자극없이 순해요,"포마드보단 가벼움.진정,붉은기에 효과봄.향은 호불호에갈리지만! 여름에써도괜찮음",민감성,
바이오더마 시카비오 크림,37살의여신,건성,쿨톤,모공,,,5점만점에 5점,2025.05.15,건성에 좋아요,보습에 좋아요,자극없이 순해요,"포마드보다 좀 가벼운크림.. 사계절쓰기엔 적합무거울줄알았는데 가벼워요~~근데 화장베이스로깔기엔, 진짜 화장밀릴것같은제형?.자기전에..아주 특별한날에 약속있다거나 바르고자면 좋을듯~",민감성,
바이오더마 시카비오 크림,luvsuu,건성,겨울쿨톤,다크서클,,,5점만점에 5점,2025.07.01,건성에 좋아요,진정에 좋아요,자극없이 순해요,안 맞는 선크림 바름+월경 전이라 얼굴에 홍조랑 좁쌀여드름 폭발이었는데 셀러님 추천으로 한 번 사봤어요.원래 바이오더마 시카비오 포마드 바르긴 했었는데 이 제품도 진짜 좋네요.... 처음에 기름져보이는데? 싶다가 싸악 스며드니 그런 것 전혀 없고 이 한여름에도 선세럼+파데 발라도 기름광이 예쁘게 돌아서 전 만족스러워요. (기름광이야 파우더로 가볍게 눌러주면 그만),모공,
바이오더마 시카비오 크림,도톨킴,,,,한달이상사용,첫 리뷰 작성 후 30일 동안 사용 후 작성하신 리뷰입니다.,5점만점에 4점,2025.06.24,건성에 좋아요,보습에 좋아요,자극없이 순해요,극민감+주사피부로 재발되서 알아보다가 구매했는데 연고같은 제형으로 피부장벽 무너진 분 혹은 극건성분께 겨울크림으로 추천해요 한달정도 처방약복용과함께 쓰면서 서서히 나아지고 있어요 낮엔 밀릴 수 있어 나이트크림으로 쓰고 있어요 지금은 여름이라 꽤 무거운편이여서 건조한 부위에만 쓰고 있어요,,https://static.oliveyoung.co.kr/pc-static-root/image/comm/my_picture_base.jpg
바이오더마 시카비오 크림,공쥬2131,건성,쿨톤,잡티,,,5점만점에 5점,2025.07.09,복합성에 좋아요,진정에 좋아요,보통이에요,건성이라 밤타입이나 크림토너 많이썻는데 여름이라 보습은 되지만 조금 가벼운거 쓰고싶어서 구매햇어요,주름,https://static.oliveyoung.co.kr/pc-static-root/image/comm/my_picture_base.jpg
바이오더마 시카비오 크림,푸를청,,,,한달이상사용,첫 리뷰 작성 후 30일 동안 사용 후 작성하신 리뷰입니다.,5점만점에 5점,2025.06.30,건성에 좋아요,보습에 좋아요,자극없이 순해요,지난 겨울에 건조했던 피부에 단비와 같았던 제품입니다. 이번에 처음 사용해봤는데 피부가 촉촉해지면서 편안해져서 마음에 들어  바로 재구매했어요.,,https://static.oliveyoung.co.kr/pc-static-root/image/comm/my_picture_base.jpg
바이오더마 시카비오 크림,gaen****,중성,웜톤,모공,,,5점만점에 5점,2025.07.09,건성에 좋아요,진정에 좋아요,자극없이 순해요,"최근에 출시된 바이오더마 시카비오 크림+ 는 피부 손상 회복에 집중된 제품이에요. 특히 얼굴뿐 아니라 몸, 그리고 민감한 부위까지 사용할 수 있어서 활용도가 높고, 피부 진정과 보호에 탁월한 느낌이 들었어요.✔️ **장점*** 상처나 자극받은 부위에 바르면 **금방 진정**되는 느낌* 끈적이지 않고 **흡수가 빠른 제형*** 민감한 피부에도 자극 없이 사용 가능* **멀티케어 가능**: 얼굴, 바디, 인티메이트 존까지 사용 가능❗ **단점*** 수분감보다는 **회복력에 집중된 느낌**이라 건성 피부에는 단독 보습제로 부족할 수 있어요* 향은 거의 없지만 약간의 **의약품 느낌의 향**이 있어요💡 **추천 대상*** 여드름 자국, 상처, 피부 벗겨짐 등 **피부 장벽 회복이 필요한 분*** **다용도로 쓰기 좋은 진정 크림** 찾는 분* 부드럽고 자극 없는 시카 크림이 필요한 **민감성 피부**",블랙헤드,https://static.oliveyoung.co.kr/pc-static-root/image/comm/my_picture_base.jpg
바이오더마 시카비오 크림,유안ann,,,,한달이상사용,첫 리뷰 작성 후 30일 동안 사용 후 작성하신 리뷰입니다.,5점만점에 5점,2025.06.28,건성에 좋아요,보습에 좋아요,자극없이 순해요,효과 너무 좋아서 재구매했습니다!! 가격도 할인 들어가서 너무 좋아요! 좋은 제품 만들어주셔서 감사합니다. 잘 사용했습니다!!,,https://static.oliveyoung.co.kr/pc-static-root/image/comm/my_picture_base.jpg
바이오더마 시카비오 크림,닉네임을입,복합성,가을웜톤,각질,,,5점만점에 4점,2025.06.04,건성에 좋아요,보습에 좋아요,자극없이 순해요,ㄹㄹㅅㅍㅈ 같은 제형이라 넓게 콕콕콕 얹어서 펴바르는게 좋아요! 유분기가 많나 싶지만 어느정도 흡수되고나면 그렇지만은 않은거 같아요 끈적임이 없진 않습니다.. 건조한건 잘 잡아주는 거 같네요!,블랙헤드,https://static.oliveyoung.co.kr/pc-static-root/image/comm/my_picture_base.jpg
바이오더마 시카비오 크림,류미르,,,,,,5점만점에 5점,2025.05.28,복합성에 좋아요,보습에 좋아요,자극없이 순해요,피부장벽이 무너졌는지 붉어지고 오돌토돌 올라와서 재생크림을 사용하려구 구매했어요 수부지지만 저녁에 소량 바르고 자면 무너진 장벽 복구에 좋을거같아요,,https://static.oliveyoung.co.kr/pc-static-root/image/comm/my_picture_base.jpg
바이오더마 시카비오 크림,달달꿈,,,,한달이상사용,첫 리뷰 작성 후 30일 동안 사용 후 작성하신 리뷰입니다.,5점만점에 4점,2025.05.30,건성에 좋아요,진정에 좋아요,자극없이 순해요,피부과 시술때문에 재생크림으로 사용하려고 구입했는데 잘 쓰고 있어요. 유분감이 강한것은 아니지만 건조한 부분에 덧발라도 좋고 자기전에 듬뿍 바르면 다음날 피부가 좋아지는 것을 느껴서 좋더라구요. 재구매 의사가 있고 자주 세일을 해줬으면 좋겠네요,,https://static.oliveyoung.co.kr/pc-static-root/image/comm/my_picture_base.jpg
바이오더마 시카비오 크림,kokuma****,트러블성,다크서클,모공,,,5점만점에 5점,2025.06.01,건성에 좋아요,진정에 좋아요,자극없이 순해요,추천받고 구입했는데 넘 괜찮은거같아요. 양이 적어서 금방 쓰니 더 사야겠어요,,https://static.oliveyoung.co.kr/pc-static-root/image/comm/my_picture_base.jpg
바이오더마 시카비오 크림,깅보르,,,,,,5점만점에 5점,2025.05.22,복합성에 좋아요,보습에 좋아요,자극없이 순해요,많이 무겁다는 후기들이 보여서 저는 저녁에만 마지막 케어 단계에 사용하고 있는데요 소량만으로도 보습이 되는 느낌이고 이미 패여버린 흉터에 그리 효과는 없겠지만 그래도 평이 좋아서 꾸준히 써보려고 합니다!,,https://static.oliveyoung.co.kr/pc-static-root/image/comm/my_picture_base.jpg
바이오더마 시카비오 크림,토깽토깽,민감성,미백,트러블,한달이상사용,첫 리뷰 작성 후 30일 동안 사용 후 작성하신 리뷰입니다.,5점만점에 5점,2025.06.06,건성에 좋아요,보습에 좋아요,자극없이 순해요,"제 인생템입니다💜 이 제품 도대체 누가 만드신거죠... 보습감은 채워주고, 붉은기는 완화시켜주더라구요. 나이트 케어용으로 이만한 제품이 없어요🥲✔️저는 밤에 스킨케어가 너무 귀찮은 날엔 미스트 대〰️충 뿌려주고 이 제품으로 듬뿍 마무리를 해주는 편이에요. 이렇게만 발라도 다음날 피부에 광이 돌더라구요.✔️제형 자체는 발림성이 좋은 편은 아니지만, 손등에 덜어서 체온으로 살짝 녹인 후에 피부에 얹으면 잘 발리더라구요!✔️포마드와의 차이점이 오일 성분 유무라고 봤던 것 같은데, 저는 오일 성분이랑 잘 맞지 않아 이 제품이 제 피부에 더 맞는 것 같아요. 제 인생템이라 세일만 자주 하면 더 좋을 것 같아요🥹",,
바이오더마 시카비오 크림,푸른빛의별,,,,,,5점만점에 3점,2025.06.05,복합성에 좋아요,진정에 좋아요,보통이에요,모낭염 흔적이 심하기도 하고 눈 밑에 엄청 건조하고 자극이 와서 무엇을 발라도 따갑고 고통스러워 제품을 구매하게 되었습니다.  유튜버 디렉***에서  top으로 선정 되기도 하고 바이오더마면 믿을 수 있지 않나 싶어 면세점보다 더 비싼가격으로 구매했는데 .... 단독으로 바르면 너무 너무 속건조가 일어납니다. 볼이 찢어지는 줄 알았어요. 지금 피부장벽이 무너진 상태라서 효과를 기대했건만 심하게 건조하게 만들어서 놀랬습니다. 수분크림 바르고 그 위에 몇 부분만 덧바른것은 괜찮은데 단독은 아니더라고요.  아.. 너무 아파요... 포마드는 밤이라서 나을려나?  여튼 너무 놀래서 사용하기 무섭습니다. 참고로 제 피부는 수부지입니다. 모낭염 3~4개 났고  모낭염 색소흔적이 많은 상태입니다.,,https://static.oliveyoung.co.kr/pc-static-root/image/comm/my_picture_base.jpg
바이오더마 시카비오 크림,도톨킴,,,,,,5점만점에 5점,2025.05.22,건성에 좋아요,진정에 좋아요,자극없이 순해요,극민감에 주사피부염이 있어서 한동안 피부과지료받았는데 요즘 한쪽볼이 좀 피부염이 올라와서 장벽크림 급하게 찾다가 리뷰보고 구매했어요 메이크업 전에만 빼고 데일리 특히 밤에 열심히 바르고 있는데 서서히 피부가 진정되는게 보여요 다쓰면 재구매해서 꾸준히 사용해볼려구요,,https://static.oliveyoung.co.kr/pc-static-root/image/comm/my_picture_base.jpg
바이오더마 시카비오 크림,02****,,,,,,5점만점에 5점,2025.07.06,건성에 좋아요,보습에 좋아요,보통이에요,꾸덕한 제형이라 여름에 바르긴 부담스럽지만 확실히 바르고 나면 피부결이 좋아진 게 느껴져요,,https://static.oliveyoung.co.kr/pc-static-root/image/comm/my_picture_base.jpg
바이오더마 시카비오 크림,ntn****,,,,,,5점만점에 5점,2025.07.02,복합성에 좋아요,보습에 좋아요,자극없이 순해요,재생크림 치고 별로 안 기름진 편인 것 같아요. 전에 사용했었던 거는 뭐가 났는데 이건 괜찮네요,,https://static.oliveyoung.co.kr/pc-static-root/image/comm/my_picture_base.jpg
바이오더마 시카비오 크림,산신렿,트러블성,웜톤,,,,5점만점에 5점,2025.07.08,건성에 좋아요,보습에 좋아요,자극없이 순해요,추천받아서 구매해본 제품인데 만족하면서 사용 중입니다!,,
바이오더마 시카비오 크림,oliveun,지성,웜톤,각질,,,5점만점에 5점,2025.07.07,건성에 좋아요,보습에 좋아요,자극없이 순해요,개선된게 느껴집니다 바이오더마만 세개째 구매합니다! 별 다섯개 이상 주고싶어요~ 가격도 만족스러운 편입니다.,민감성,
바이오더마 시카비오 크림,채콩2,건성,쿨톤,미백,한달이상사용,첫 리뷰 작성 후 30일 동안 사용 후 작성하신 리뷰입니다.,5점만점에 5점,2025.07.06,건성에 좋아요,진정에 좋아요,자극이 느껴져요,이거 은근 호불호 갈리던데 저는 불호요...재생크림이라 자기전에 얇게 펴바르고 자는데이거만 발랐다하면 다음날 뾰루지 잔뜩 올라옴,,
바이오더마 시카비오 크림,금붕,복합성,봄웜톤,모공,한달이상사용,첫 리뷰 작성 후 30일 동안 사용 후 작성하신 리뷰입니다.,5점만점에 5점,2025.07.04,복합성에 좋아요,진정에 좋아요,보통이에요,얼굴 재생시키는 용도로 쓰는 꾸덕한 재샹크림이에요!! 좋아요,블랙헤드,
바이오더마 시카비오 크림,insun****,,,,,,5점만점에 4점,2025.06.30,복합성에 좋아요,진정에 좋아요,보통이에요,조금 꾸덕한 편이기는 해요.그래서 저는 소량만 발라요 특정부위에!진정에는 효과적입니다사이즈도 딱 작아서 좋아요,,https://static.oliveyoung.co.kr/pc-static-root/image/comm/my_picture_base.jpg
바이오더마 시카비오 크림,jp95i****,,,,한달이상사용,첫 리뷰 작성 후 30일 동안 사용 후 작성하신 리뷰입니다.,5점만점에 3점,2025.06.25,복합성에 좋아요,진정에 좋아요,보통이에요,유명한 크림이라 한번 사용해 보고 싶었어요. 별다른 자극없이 순한 것 같긴한데  제 피부가 많이 건조 한건지 촉촉함을 느낄수 없고 제형이 뻑뻑해 불편하게 느껴졌어요.  한번 써 본것으로 만족합니다.,,https://static.oliveyoung.co.kr/pc-static-root/image/comm/my_picture_base.jpg
바이오더마 시카비오 크림,ses122****,민감성,모공,미백,한달이상사용,첫 리뷰 작성 후 30일 동안 사용 후 작성하신 리뷰입니다.,5점만점에 4점,2025.06.16,복합성에 좋아요,보습에 좋아요,자극없이 순해요,"히알루론산이나 수분만 있는 앰플 바른뒤에 이 크림을 바르면 밀리고 아예 흡수가 안되서, 무조건 오일이나 유분감이 있는 에센스나 앰플 바른뒤에 발라야 해요. 시카비오는, 건성피부보다는 지성피부가 보습감 줄때 적당한 크림이에요.",,https://static.oliveyoung.co.kr/pc-static-root/image/comm/my_picture_base.jpg
바이오더마 시카비오 크림,푸를청,,,,,,5점만점에 5점,2025.05.26,건성에 좋아요,보습에 좋아요,보통이에요,건성 피부 때문에 환절기 그리고 특히 겨울에 힘들어하는 가족읊위해서 처음 구입해봤습니다. 사용해보니 건성을 위한 크림이라서 만족입니다. 항상 메마른 건조했던 피부가 윤기가 흐르는 피부가 되네요. 촉촉해서 마음에 들어요.,,https://static.oliveyoung.co.kr/pc-static-root/image/comm/my_picture_base.jpg
바이오더마 시카비오 크림,호배깅,복합성,웜톤,모공,한달이상사용,첫 리뷰 작성 후 30일 동안 사용 후 작성하신 리뷰입니다.,5점만점에 5점,2025.07.09,복합성에 좋아요,보습에 좋아요,자극없이 순해요,유튜브 추천템이어서 바로 샀네요ㅎㅎ 한겨울에 재생크림 필요할때 또 살것같아요~ 좋네용,미백,https://static.oliveyoung.co.kr/pc-static-root/image/comm/my_picture_base.jpg
바이오더마 시카비오 크림,도굠,건성,여름쿨톤,다크서클,한달이상사용,첫 리뷰 작성 후 30일 동안 사용 후 작성하신 리뷰입니다.,5점만점에 4점,2025.07.07,건성에 좋아요,진정에 좋아요,자극없이 순해요,저는 건성이라 여름에도 저녁에 바르고 자요바르기에는 뻑뻑해도 흡수도 빠르고 기름지지 않아서 좋아요,모공,https://static.oliveyoung.co.kr/pc-static-root/image/comm/my_picture_base.jpg
바이오더마 시카비오 크림,깜자맛,건성,여름쿨톤,다크서클,한달이상사용,첫 리뷰 작성 후 30일 동안 사용 후 작성하신 리뷰입니다.,5점만점에 5점,2025.07.02,복합성에 좋아요,진정에 좋아요,보통이에요,처음 써보는데 괜탆고 좋아요맘에 듭니다!!추천해요!!,모공,
바이오더마 시카비오 크림,굴림,,,,,,5점만점에 5점,2024.08.17,건성에 좋아요,보습에 좋아요,자극없이 순해요,손상된 피부를 빠르고 깊게 케어해주는 바이오더마 시카비오크림이 새로 나왔네요. 피부트러블 등 손상된 피부를 개선해주고. 건조함도 잡아주어서 정말 만족이에요. 전에 사용하던 바이오더마크림보단 살짝 가벼운 편이라 여름에 바르기도 좋더라구요. 꾸준히 바르면 속 손상까지 케어해주는 크림이라 만족합니다.,,https://image.oliveyoung.co.kr/uploads/images/gdasEditor/2024/08/17/1723875626595.png?QT=85&SF=webp
바이오더마 시카비오 크림,유안ann,,,,,,5점만점에 5점,2025.05.28,건성에 좋아요,보습에 좋아요,자극없이 순해요,효과 너무 좋아서 재구매했습니다!! 가격도 할인 들어가서 너무 좋아요! 좋은 제품 만들어주셔서 감사합니다. 잘 사용했습니다!!,,https://static.oliveyoung.co.kr/pc-static-root/image/comm/my_picture_base.jpg
바이오더마 시카비오 크림,yje1305,,,,,,5점만점에 4점,2025.07.01,복합성에 좋아요,보습에 좋아요,보통이에요,라로슈포제 쓰다가 좀 더 가벼운 사용감의 바이오더마 시카비오 라인으로 바꿔봣는데 라로만큼 흔적 완화 등의 효과는 아직 모르겟어요 좀 더 써봐야할듯,,
바이오더마 시카비오 크림,봄웜인듯,건성,봄웜톤,민감성,한달이상사용,첫 리뷰 작성 후 30일 동안 사용 후 작성하신 리뷰입니다.,5점만점에 4점,2025.07.01,건성에 좋아요,보습에 좋아요,자극없이 순해요,악건성이라면 엄청 만족할 제품. 피부에 보호막을 씌워주는 느낌,블랙헤드,
바이오더마 시카비오 크림,초지진,,,,,,5점만점에 5점,2024.08.15,건성에 좋아요,보습에 좋아요,자극없이 순해요,"손상된 피부에 도움을 주는 재생크림 같은 느낌이에요. 기존 바이오더마크림보다는 제형이 살짝 가벼워진 느낌이라 아침에 발라도 괜찮더라구요. 끈적임이 없고 발림성도 좋았는데, 피부도 진정되고 좋았어요. 요즘들어 작은 피부 트러블들이 얼굴 여기저기 생겨서 얼굴 전체적으로 한 번 바르고, 다시 트러블 부위에 스팟케어로 중점적으로 사용하고있어요.",,https://image.oliveyoung.co.kr/uploads/images/gdasEditor/2024/08/15/1723727941336.png?QT=85&SF=webp
바이오더마 시카비오 크림,미아찾기하야오옹,지성,봄웜톤,미백,한달이상사용,첫 리뷰 작성 후 30일 동안 사용 후 작성하신 리뷰입니다.,5점만점에 5점,2025.07.07,복합성에 좋아요,보습에 좋아요,자극없이 순해요,"수부지한테 너무 좋은 리페어템여름에는 조금 무거울 수 있는데 히알루론산 수분크림(가벼운애들) 섞어서 바르면 촉촉하고 유분은 적음환절기, 겨울에는 듬뿍 바르고 자면 더 좋음피부 장벽 복구에 최고임",잡티,https://static.oliveyoung.co.kr/pc-static-root/image/comm/my_picture_base.jpg
바이오더마 시카비오 크림,민빵뽕,트러블성,쿨톤,모공,한달이상사용,첫 리뷰 작성 후 30일 동안 사용 후 작성하신 리뷰입니다.,5점만점에 5점,2025.07.06,복합성에 좋아요,진정에 좋아요,보통이에요,말해모해말해모해 무조건사세요. 여드름자주나서 흉터많은분은 무조건사세요,블랙헤드,https://static.oliveyoung.co.kr/pc-static-root/image/comm/my_picture_base.jpg
바이오더마 시카비오 크림,먕먕먀아아,지성,봄웜톤,모공,한달이상사용,첫 리뷰 작성 후 30일 동안 사용 후 작성하신 리뷰입니다.,5점만점에 5점,2025.07.06,복합성에 좋아요,진정에 좋아요,자극없이 순해요,좋아요!!동생이랑 같이 바를라고 샀어요 동생 얼굴에 아토피? 처럼 피부가 벗겨졌었는데 이거 바르고 며칠 뒤에 다 나았더라고요 ?,미백,https://static.oliveyoung.co.kr/pc-static-root/image/comm/my_picture_base.jpg
바이오더마 시카비오 크림,류미르,,,,한달이상사용,첫 리뷰 작성 후 30일 동안 사용 후 작성하신 리뷰입니다.,5점만점에 5점,2025.06.28,복합성에 좋아요,보습에 좋아요,자극없이 순해요,피부장벽이 무너진거 같아서 재생크림용으로 구매했는데 일회사용만으로도 다음날 피부가 탄탄하고 좋아진거 같아요,,https://static.oliveyoung.co.kr/pc-static-root/image/comm/my_picture_base.jpg
바이오더마 시카비오 크림,jisub****,지성,모공,민감성,,,5점만점에 5점,2025.05.19,복합성에 좋아요,진정에 좋아요,자극없이 순해요,올영에서 유명한 재생크림 거의 다 사용해봤는데 제일 잘 맞는 것같아요 발림성은 뻑뻑하지만 끈적임이 심하지않아서 극지성아니고선 다 사용가능할것 같아용최근에 갑자기 피부 뒤집어져서 아침저녁으로 사용중인데 금방 회복되었어요👍🏻  효과가 생각보다 더 빠른것같아서 매우 만족하는 중 가격대는 좀 있는편이라 세일할때 구매해야할 것 같아용 겨울엔 대용량으로 구매해야겠어요,,https://static.oliveyoung.co.kr/pc-static-root/image/comm/my_picture_base.jpg
바이오더마 시카비오 크림,gee****,복합성,여름쿨톤,모공,한달이상사용,첫 리뷰 작성 후 30일 동안 사용 후 작성하신 리뷰입니다.,5점만점에 5점,2025.05.14,복합성에 좋아요,진정에 좋아요,자극없이 순해요,최근에 속건조에 트러블도 생기고 피부가 너무 예민해져서 진정용으로 구매했습니다. 일주일정도 아침저녁으로 꼼꼼하게 꾸준히 챙겨 발랐더니 피부는 많이 가라앉고 진정되어 보였어요! 피부가 예민해지기 쉬운 환절기때 바르기 좋은 제품인거 같아요!,미백,https://static.oliveyoung.co.kr/pc-static-root/image/comm/my_picture_base.jpg
바이오더마 시카비오 크림,enejwl****,,,,한달이상사용,첫 리뷰 작성 후 30일 동안 사용 후 작성하신 리뷰입니다.,5점만점에 5점,2025.06.18,복합성에 좋아요,진정에 좋아요,자극없이 순해요,피부과 다녀와서 매일같이 사용했는데 너무 좋아요 잘 사용했어요,,https://static.oliveyoung.co.kr/pc-static-root/image/comm/my_picture_base.jpg
바이오더마 시카비오 크림,fw****,,,,한달이상사용,첫 리뷰 작성 후 30일 동안 사용 후 작성하신 리뷰입니다.,5점만점에 5점,2025.07.07,복합성에 좋아요,진정에 좋아요,보통이에요,제가 진짜로 몇 달 전부터 사용하고 있는 믿고 쓰는 바이오더마 시카비오 크림입니다. 일단 민감한 피부에 나에게 맞는 크림을 찾기 위해 정말 여러 브랜드의 크림들을 사용해 보고 버리고를 반복하며 정착 템을 찾기 위해 노력했는데 그중 바이오더마 시카비오 크림이 가장 저에게 잘 맞았습니다. 그리고 가격은 좀 비싸지만 손쉬운 사용감과 쓰고 난 뒤 얼굴이 건조하지 않고 촉촉함 꽤 오래 지속되기 때문에 계속 손이 가는 것 같습니다. 20대인 저도 사용하지만 50대 저희 어머니도 좋다며 저에게 사달라고 하는 제품입니다. 그만큼 어른들도 손이 가는 제품인 것 같습니다. 그리고 저희 오빠도 이 제품을 계속 사용하고 있는데 남자들 또한 좋아하는 제품인 것 같습니다. 저는 여행 갈 때도 항상 캐리어 안에 꼭 가져가는 필수템입니다. 없으면 여드름 올라올 것 같아서 불안해요.,,https://static.oliveyoung.co.kr/pc-static-root/image/comm/my_picture_base.jpg
바이오더마 시카비오 크림,haya0****,,,,,,5점만점에 5점,2025.07.06,건성에 좋아요,보습에 좋아요,자극없이 순해요,"포마드 써봤는데 개인적으로 좀 별로였어서ㅠ 이것도 속는셈치고 사봤는데 너무 좋아요! 저는 좁쌀요철있는 건성피부인데요 원래는 나비존에만 있었는데 어느순간 볼부분부터 전체적으로 올라와서 엄청 스트레서 였어요. 근데 이거 쓰고 자면 다음날 좀 진정되어 보여요! 물론 진정되서 티가 안나는거고 아예없어진건 아니라 나중에 보면 또 보이긴하는데요,, 아뭍튼 수분보충에는 진짜 이것만한게 없는것 같아요. 묽은 수분앰플같은거 썼을때랑 다른 즉각적인 효과를 보실 수 있습니다!",,https://static.oliveyoung.co.kr/pc-static-root/image/comm/my_picture_base.jpg
바이오더마 시카비오 크림,yebu****,,,,,,5점만점에 5점,2025.07.04,건성에 좋아요,진정에 좋아요,자극없이 순해요,피부에 오돌토돌한게 나서(원래는 여드름도 아예 없고 가끔 트러블 나는 정도) 신경쓰여 주문했어요ㅠㅠ 밤에 기초 다 바르고 얇게 펴바르고 잤는데 2일만에 원래 피부보다 더 좋아졌어요ㅜㅜ 짱인듯..!! 근데 많이 꾸덕하긴해서 낮에는 바르긴 힘들거같아용,,https://static.oliveyoung.co.kr/pc-static-root/image/comm/my_picture_base.jpg
바이오더마 시카비오 크림,오이슬,,,,한달이상사용,첫 리뷰 작성 후 30일 동안 사용 후 작성하신 리뷰입니다.,5점만점에 5점,2025.07.05,복합성에 좋아요,진정에 좋아요,보통이에요,진정+보습에 정말 좋아요건조해서 피부 뒤집어졌을 때이거 바르고 효과 봤어요뒤집어진 부위에 도톰하게 올려놔도 좋앙ㅎ,,https://static.oliveyoung.co.kr/pc-static-root/image/comm/my_picture_base.jpg
바이오더마 시카비오 크림,오실,약건성,쿨톤,모공,,,5점만점에 5점,2025.07.01,건성에 좋아요,보습에 좋아요,자극없이 순해요,아주 좋아요. 건조 할 때 유준 기름 안 나오는 부분에 바르고 화장하면 화장도 잘 먹고 건조 암도 조금 덜 느껴져요.,주름,https://static.oliveyoung.co.kr/pc-static-root/image/comm/my_picture_base.jpg
바이오더마 시카비오 크림,에벱ㅂ베베,건성,가을웜톤,,재구매,2회 이상 구매한 상품에 대한 리뷰입니다.,5점만점에 5점,2025.06.26,건성에 좋아요,보습에 좋아요,자극없이 순해요,수분막이 생기면서 속건조를 잘 잡아줘요.좁쌀 많은 수부지 피부인데 겨울에는 이걸 발라도 보습이 약간 부족한가? 싶었는데 요즘은 자기전에 발라주기 좋습니다!아침에 화장전에 바르기엔 너무 무거운 느낌이고 화장이 밀릴 수 있어용!!,,https://static.oliveyoung.co.kr/pc-static-root/image/comm/my_picture_base.jpg
바이오더마 시카비오 크림,아롱22,복합성,쿨톤,각질,한달이상사용,첫 리뷰 작성 후 30일 동안 사용 후 작성하신 리뷰입니다.,5점만점에 5점,2025.06.24,복합성에 좋아요,진정에 좋아요,자극없이 순해요,피부 예민하고 진정 필요할때 밤에 꼭 바르고 있어요확실히 다음날 진정된 느낌이예요 만족,모공,https://static.oliveyoung.co.kr/pc-static-root/image/comm/my_picture_base.jpg
바이오더마 시카비오 크림,mangga,트러블성,가을웜톤,민감성,한달이상사용,첫 리뷰 작성 후 30일 동안 사용 후 작성하신 리뷰입니다.,5점만점에 4점,2025.06.21,건성에 좋아요,보습에 좋아요,자극없이 순해요,확실히 라로슈포제보다는 괜찮은데 생각보다 뻑뻑해서 당황하긴 했어요 분명 매장에서 테스트해봤을때는 엄청 부드러웠거든요 아 바르고 나면 다음날 피부가 건강해진 느낌이 들어요,잡티,
바이오더마 시카비오 크림,찌공,복합성,웜톤,각질,한달이상사용,첫 리뷰 작성 후 30일 동안 사용 후 작성하신 리뷰입니다.,5점만점에 5점,2025.06.15,복합성에 좋아요,보습에 좋아요,자극없이 순해요,자극 없이 순하고 크기가 작아서 수영장 들고다니기에 좋은 제품이에요. 만족합니다,다크서클,
바이오더마 시카비오 크림,dudnql****,지성,봄웜톤,다크서클,,,5점만점에 4점,2025.06.04,복합성에 좋아요,진정에 좋아요,보통이에요,촉촉하고발림성좋고바이오더마만쓰는데이것도처음써보는데계속살라구옹,모공,https://static.oliveyoung.co.kr/pc-static-root/image/comm/my_picture_base.jpg
바이오더마 시카비오 크림,nawon****,,,,,,5점만점에 5점,2025.05.12,복합성에 좋아요,진정에 좋아요,보통이에요,처음 사본 제품인데발림성 괜찮고 민감성에도 괜찮습니다 가려움에더 도움되여ㅔ,,https://static.oliveyoung.co.kr/pc-static-root/image/comm/my_picture_base.jpg
바이오더마 시카비오 크림,햅삡삐,약건성,봄웜톤,각질,,,5점만점에 5점,2025.04.30,건성에 좋아요,진정에 좋아요,자극없이 순해요,"요즘 너무 건조해서 입주변과 코주변에 바르려고 구매했습니다!막 너무 좋아서 미쳤다! 정도는 아니고 그냥 뭐 이정도면 괜찮네,, 정도입니다.눈이 띄게 변화가 있거나 그런건 아니지만꾸준히 사용해도 순해서 뒤집어지거나 그러지 않고 좋습니다!",,
바이오더마 시카비오 크림,선구매후생각,복합성,여름쿨톤,각질,,,5점만점에 5점,2024.08.19,복합성에 좋아요,진정에 좋아요,자극없이 순해요,(개인적으로) 용량에 비해 가격대가 있는 크림이라고 생각해서 구매할지 말지 고민하다가 요즘 피부장벽이 와르르 무너져서 구매했어요.피부장벽이 무너지면서 피부염까지 온 상태라 워터제형은 피하고 크림 하나만으로 스킨케어를 하고 있는데 보습이 부족한지 피부가 버티지 못하고 갈라지는 게 느껴지더라구요.그런데 이 크림은 피부에 투명한 막이 씌워진 느낌이 들면서 쉽게 건조해지지 않아요.발림성은 연고를 바르는 느낌이랄까. 워터리하지 않고 쫀쫀하게 발라져요. 그럼에도 마무리감이 끈적이지 않아요.신제품이라 조금 더 써봐야 될 것 같은데 첫인상은 몹시 좋네요. 👍,모공,https://image.oliveyoung.co.kr/uploads/images/gdasEditor/2024/08/19/1724076098017.png?QT=85&SF=webp
바이오더마 시카비오 크림,진진23,,,,,,5점만점에 5점,2024.08.18,건성에 좋아요,진정에 좋아요,자극없이 순해요,엄청 꾸덕해요! 저는 수분크림이랑 섞어서 썼습니다여름이라 피부가 많이 자극된 상태인데도 자극감이 전혀 안 느껴졌어요피부가 빠르게 재생되길 바라봅니다 🥹향은 무향인 것 같아요 아무런 향도 안 느껴집니다!!향료의 향이 강하면 부담스러운데 오히려 좋습니다 ㅎㅎ잘 사용할게요~,,
바이오더마 시카비오 크림,누를황,복합성,웜톤,민감성,,,5점만점에 5점,2024.08.18,건성에 좋아요,보습에 좋아요,자극없이 순해요,평소 더마 브랜드를 애용해서 바이오더마 브랜드를 엄청 좋아해요! 겨울엔 시카비오 포마드를 잘 사용해주다가 지금은 더워져서 보관 해두고 있었는데 시카비오 크림이 나왔더라구요!! 바로 구매 하기 💜 포마드 제품보다 가벼워서 데일리로 사용 해주기 좋겠더라구요 진정 효과 보습 효과 어디 하나 빠지는게 없습니다.. 피부가 편안하고 진정 되는게 느껴져요!! 저는 아마 다 쓰면 큰 용량으로 재구매 할거 같아요,홍조,
바이오더마 시카비오 크림,그로밍,건성,봄웜톤,모공,,,5점만점에 5점,2025.06.15,복합성에 좋아요,진정에 좋아요,보통이에요,세일 할 때마다 구매하는 제품이에요! 자주자주 세일 해주세요~ 추천 합니다!!!ㅎㅎ,민감성,
바이오더마 시카비오 크림,먹는게좋아,복합성,웜톤,각질,재구매,2회 이상 구매한 상품에 대한 리뷰입니다.,5점만점에 5점,2025.06.10,복합성에 좋아요,진정에 좋아요,자극없이 순해요,진정에 좋고 기존버전보다 좀더 라이트해서 바르기가 좋아요 ㅎㅎ,민감성,
바이오더마 시카비오 크림,쭈랑해,,,,,,5점만점에 5점,2025.06.10,건성에 좋아요,보습에 좋아요,자극없이 순해요,"건조할 때나 클렌징 과하게 해서 피부 뒤집어지고 붉어졌을 때!!!!!!!! 걍 토너, 세럼 생략하고 이거 하나만 발라주면 싹 해결돼요..티존은 지성이라 괜찮은데 양볼이 유독 건조하고 예민해서 크림 제형 여러 개 시도해 보다가 드디어 가장 만족스러운 걸 찾았어요.... 평생 재구매할래요..",,https://static.oliveyoung.co.kr/pc-static-root/image/comm/my_picture_base.jpg
바이오더마 시카비오 크림,미도잉,민감성,웜톤,각질,한달이상사용,첫 리뷰 작성 후 30일 동안 사용 후 작성하신 리뷰입니다.,5점만점에 5점,2025.06.08,건성에 좋아요,진정에 좋아요,자극없이 순해요,정말 꾸덕하긴한데 진정에 정말 좋은것같아요 마냥 기름지는 크림이 아니라 피부가 건강해보이면서 장벽회복에도 도움이 되는것 같고 붉은기 트러블도 금방 가라앉는것 같아요 한여름에 쓰기는 힘들겠지만 자기전에는 항상 꼭 꼭 바르고 자려구요 피부가 건강해짐!,다크서클,https://static.oliveyoung.co.kr/pc-static-root/image/comm/my_picture_base.jpg
바이오더마 시카비오 크림,cute0****,,,,한달이상사용,첫 리뷰 작성 후 30일 동안 사용 후 작성하신 리뷰입니다.,5점만점에 4점,2025.05.17,건성에 좋아요,보습에 좋아요,보통이에요,"꾸덕한 제형임에도 금방 잘 흡수되어서 좋았어요.소량만 발라도 보습 잘 된다고 해서 샀는데 생각보다 넉넉하게 발라야 촉촉하게 보습되더라구요조금만 바르면 금방 건조해지고, 많이 바르면 트러블이 살짝 올라오기도 해서 좀 애매했어요.그래도 예쁘게 광이 올라오고 속건조가 많이 잡혀서 겨울동안 정말 잘 사용했습니다!가격이 저렴한 편이 아니다보니 재구매는 좀 망설여지네요..",,https://static.oliveyoung.co.kr/pc-static-root/image/comm/my_picture_base.jpg
바이오더마 시카비오 크림,jisub****,지성,모공,민감성,한달이상사용,첫 리뷰 작성 후 30일 동안 사용 후 작성하신 리뷰입니다.,5점만점에 5점,2025.06.25,복합성에 좋아요,진정에 좋아요,자극없이 순해요,텁텁한 느낌이 적은 장벽크림 고르면 추천이용아주 헤비하지않아서 사용하기 좋아용,,https://static.oliveyoung.co.kr/pc-static-root/image/comm/my_picture_base.jpg
